periodo,distribuidora,empresa,comuna,sector,red,AT23_PP,AT23_PPP,AT23_energia,AT23_transporte,AT2_fijo,AT3_fijo,AT41_fijo,AT42_fijo,AT43_fijo,AT4_dem_punta,AT4_dem_sum,AT4_energia,AT4_transporte,BT1_compras_pot,BT1_energia,BT1_fijo,BT1_pot_base_t1,BT1_pot_base_t2,BT1_pot_base_t3,BT1_pot_base_t4,BT1_pot_base_t5,BT1_pot_base_t6,BT1_transporte,BT23_PP,BT23_PPP,BT23_energia,BT23_transporte,BT2_fijo,BT3_fijo,BT41_fijo,BT42_fijo,BT43_fijo,BT4_dem_punta,BT4_dem_sum,BT4_energia,BT4_transporte,INY_AT,INY_BT,SP_t1,SP_t2,SP_t3,SP_t4,SP_t5
2026-09,CGE,CGE DISTRIBUCIÓN,Alhué,STxE-6-A,Aéreo,16632.5,13294.9,137.051,31.512,1064.51,1064.51,1064.51,1064.51,1064.51,12340.5,4292.0,137.051,31.512,31.502,149.345,1064.51,33.702,34.938,36.174,37.409,38.645,39.88,31.512,25768.7,18001.6,149.345,31.512,1064.51,1064.51,1064.51,1064.51,1064.51,20433.6,5335.1,149.345,31.512,90.559,98.682,0.855,1.778,2.931,3.738,4.084
2026-09,CGE,CGE DISTRIBUCIÓN,Buin,STxE-6-A,Aéreo,16632.5,13294.9,144.759,31.512,1064.51,1064.51,1064.51,1064.51,1064.51,12340.5,4292.0,144.759,31.512,31.502,157.744,1064.51,33.702,34.938,36.174,37.409,38.645,39.88,31.512,25768.7,18001.6,157.744,31.512,1064.51,1064.51,1064.51,1064.51,1064.51,20433.6,5335.1,157.744,31.512,97.036,105.74,0.855,1.778,2.931,3.738,4.084
2026-09,CGE,CGE DISTRIBUCIÓN,Calera de Tango,STxD-3-A,Aéreo,16534.0,13190.8,142.349,20.489,1064.51,1064.51,1064.51,1064.51,1064.51,12158.9,4375.0,142.349,20.489,30.716,155.118,1064.51,33.702,35.092,36.482,37.872,39.262,40.652,20.489,25850.6,18029.1,155.118,20.489,1064.51,1064.51,1064.51,1064.51,1064.51,20412.3,5438.3,155.118,20.489,95.011,103.533,0.855,1.778,2.931,3.738,4.084
2026-09,CGE,CGE DISTRIBUCIÓN,Cartagena,STxE-6-A,Aéreo,16937.6,13514.4,144.759,31.512,1064.51,1064.51,1064.51,1064.51,1064.51,12462.2,4475.5,144.759,31.512,31.502,157.744,1064.51,43.475,44.761,46.047,47.333,48.619,49.905,31.512,29880.2,20705.2,157.744,31.512,1064.51,1064.51,1064.51,1064.51,1064.51,22385.7,7494.5,157.744,31.512,97.036,105.74,0.855,1.778,2.931,3.738,4.084
2026-09,CGE,CGE DISTRIBUCIÓN,Cauquenes,STxE-6-A,Aéreo,17353.2,13813.2,144.759,31.512,1064.51,1064.51,1064.51,1064.51,1064.51,12627.8,4725.4,144.759,31.512,31.502,157.744,1064.51,54.341,54.431,54.52,54.608,54.697,54.786,31.512,36424.4,25008.6,157.744,31.512,1064.51,1064.51,1064.51,1064.51,1064.51,25454.2,10970.1,157.744,31.512,97.036,105.74,0.855,1.778,2.931,3.738,4.084
2026-09,CGE,CGE DISTRIBUCIÓN,Chanco,STxE-6-A,Aéreo,16632.5,13294.9,137.051,31.512,1064.51,1064.51,1064.51,1064.51,1064.51,12340.5,4292.0,137.051,31.512,31.502,149.345,1064.51,33.702,34.938,36.174,37.409,38.645,39.88,31.512,25768.7,18001.6,149.345,31.512,1064.51,1064.51,1064.51,1064.51,1064.51,20433.6,5335.1,149.345,31.512,90.559,98.682,0.855,1.778,2.931,3.738,4.084
2026-09,CGE,CGE DISTRIBUCIÓN,Chiguayante,STxE-2-A,Aéreo,16632.5,13294.9,144.759,31.512,1064.51,1064.51,1064.51,1064.51,1064.51,12340.5,4292.0,144.759,31.512,31.502,157.744,1064.51,33.702,34.938,36.174,37.409,38.645,39.88,31.512,25768.7,18001.6,157.744,31.512,1064.51,1064.51,1064.51,1064.51,1064.51,20433.6,5335.1,157.744,31.512,97.036,105.74,0.855,1.778,2.931,3.738,4.084
2026-09,CGE,CGE DISTRIBUCIÓN,Chillán,STxE-8-A,Aéreo,17353.2,13813.2,144.759,31.512,1064.51,1064.51,1064.51,1064.51,1064.51,12627.8,4725.4,144.759,31.512,31.502,157.744,1064.51,54.341,54.431,54.52,54.608,54.697,54.786,31.512,36424.4,25008.6,157.744,31.512,1064.51,1064.51,1064.51,1064.51,1064.51,25454.2,10970.1,157.744,31.512,97.036,105.74,0.855,1.778,2.931,3.738,4.084
2026-09,CGE,CGE DISTRIBUCIÓN,Chillán,STxE-8-S2,Subt.2,17353.2,13813.2,144.759,31.512,1064.51,1064.51,1064.51,1064.51,1064.51,12627.8,4725.4,144.759,31.512,31.502,157.744,1064.51,64.021,64.127,64.231,64.336,64.441,64.547,31.512,41236.2,28172.7,157.744,31.512,1064.51,1064.51,1064.51,1064.51,1064.51,28311.9,12924.4,157.744,31.512,97.036,105.74,0.855,1.778,2.931,3.738,4.084
2026-09,CGE,CGE DISTRIBUCIÓN,Chillán Viejo,STxE-12-A,Aéreo,17353.2,13813.2,144.759,31.512,1064.51,1064.51,1064.51,1064.51,1064.51,12627.8,4725.4,144.759,31.512,31.502,157.744,1064.51,54.341,54.431,54.52,54.608,54.697,54.786,31.512,36424.4,25008.6,157.744,31.512,1064.51,1064.51,1064.51,1064.51,1064.51,25454.2,10970.1,157.744,31.512,97.036,105.74,0.855,1.778,2.931,3.738,4.084
2026-09,CGE,CGE DISTRIBUCIÓN,Chimbarongo,STxE-1-A,Aéreo,16632.5,13294.9,137.051,31.512,1064.51,1064.51,1064.51,1064.51,1064.51,12340.5,4292.0,137.051,31.512,31.502,149.345,1064.51,33.702,34.938,36.174,37.409,38.645,39.88,31.512,25768.7,18001.6,149.345,31.512,1064.51,1064.51,1064.51,1064.51,1064.51,20433.6,5335.1,149.345,31.512,90.559,98.682,0.855,1.778,2.931,3.738,4.084
2026-09,CGE,CGE DISTRIBUCIÓN,Chépica,STxE-6-A,Aéreo,16632.5,13294.9,137.051,31.512,1064.51,1064.51,1064.51,1064.51,1064.51,12340.5,4292.0,137.051,31.512,31.502,149.345,1064.51,33.702,34.938,36.174,37.409,38.645,39.88,31.512,25768.7,18001.6,149.345,31.512,1064.51,1064.51,1064.51,1064.51,1064.51,20433.6,5335.1,149.345,31.512,90.559,98.682,0.855,1.778,2.931,3.738,4.084
2026-09,CGE,CGE DISTRIBUCIÓN,Cobquecura,STxE-6-A,Aéreo,17353.2,13813.2,144.759,31.512,1064.51,1064.51,1064.51,1064.51,1064.51,12627.8,4725.4,144.759,31.512,31.502,157.744,1064.51,54.341,54.431,54.52,54.608,54.697,54.786,31.512,36424.4,25008.6,157.744,31.512,1064.51,1064.51,1064.51,1064.51,1064.51,25454.2,10970.1,157.744,31.512,97.036,105.74,0.855,1.778,2.931,3.738,4.084
2026-09,CGE,CGE DISTRIBUCIÓN,Codegua,STxE-1-A,Aéreo,16632.5,13294.9,137.051,31.512,1064.51,1064.51,1064.51,1064.51,1064.51,12340.5,4292.0,137.051,31.512,31.502,149.345,1064.51,33.702,34.938,36.174,37.409,38.645,39.88,31.512,25768.7,18001.6,149.345,31.512,1064.51,1064.51,1064.51,1064.51,1064.51,20433.6,5335.1,149.345,31.512,90.559,98.682,0.855,1.778,2.931,3.738,4.084
2026-09,CGE,CGE DISTRIBUCIÓN,Coelemu,STxE-22-A,Aéreo,17353.2,13813.2,144.759,31.512,1064.51,1064.51,1064.51,1064.51,1064.51,12627.8,4725.4,144.759,31.512,31.502,157.744,1064.51,54.341,54.431,54.52,54.608,54.697,54.786,31.512,36424.4,25008.6,157.744,31.512,1064.51,1064.51,1064.51,1064.51,1064.51,25454.2,10970.1,157.744,31.512,97.036,105.74,0.855,1.778,2.931,3.738,4.084
2026-09,CGE,CGE DISTRIBUCIÓN,Coihueco,STxE-21-A,Aéreo,17353.2,13813.2,144.759,31.512,1064.51,1064.51,1064.51,1064.51,1064.51,12627.8,4725.4,144.759,31.512,31.502,157.744,1064.51,54.341,54.431,54.52,54.608,54.697,54.786,31.512,36424.4,25008.6,157.744,31.512,1064.51,1064.51,1064.51,1064.51,1064.51,25454.2,10970.1,157.744,31.512,97.036,105.74,0.855,1.778,2.931,3.738,4.084
2026-09,CGE,CGE DISTRIBUCIÓN,Coinco,STxE-1-A,Aéreo,16632.5,13294.9,137.051,31.512,1064.51,1064.51,1064.51,1064.51,1064.51,12340.5,4292.0,137.051,31.512,31.502,149.345,1064.51,33.702,34.938,36.174,37.409,38.645,39.88,31.512,25768.7,18001.6,149.345,31.512,1064.51,1064.51,1064.51,1064.51,1064.51,20433.6,5335.1,149.345,31.512,90.559,98.682,0.855,1.778,2.931,3.738,4.084
2026-09,CGE,CGE DISTRIBUCIÓN,Colbún,STxE-25-A,Aéreo,16937.6,13514.4,113.813,31.512,1064.51,1064.51,1064.51,1064.51,1064.51,12462.2,4475.5,113.813,31.512,31.502,124.022,1064.51,43.475,44.761,46.047,47.333,48.619,49.905,31.512,29880.2,20705.2,124.022,31.512,1064.51,1064.51,1064.51,1064.51,1064.51,22385.7,7494.5,124.022,31.512,71.03,77.402,0.855,1.778,2.931,3.738,4.084
2026-09,CGE,CGE DISTRIBUCIÓN,Coltauco,STxE-1-A,Aéreo,16632.5,13294.9,144.759,31.512,1064.51,1064.51,1064.51,1064.51,1064.51,12340.5,4292.0,144.759,31.512,31.502,157.744,1064.51,33.702,34.938,36.174,37.409,38.645,39.88,31.512,25768.7,18001.6,157.744,31.512,1064.51,1064.51,1064.51,1064.51,1064.51,20433.6,5335.1,157.744,31.512,97.036,105.74,0.855,1.778,2.931,3.738,4.084
2026-09,CGE,CGE DISTRIBUCIÓN,Concepción,STxE-2-A,Aéreo,16632.5,13294.9,144.759,31.512,1064.51,1064.51,1064.51,1064.51,1064.51,12340.5,4292.0,144.759,31.512,31.502,157.744,1064.51,33.702,34.938,36.174,37.409,38.645,39.88,31.512,25768.7,18001.6,157.744,31.512,1064.51,1064.51,1064.51,1064.51,1064.51,20433.6,5335.1,157.744,31.512,97.036,105.74,0.855,1.778,2.931,3.738,4.084
2026-09,CGE,CGE DISTRIBUCIÓN,Concepción,STxE-2-S1,Subt.1,21628.3,16887.6,144.759,31.512,1064.51,1064.51,1064.51,1064.51,1064.51,14331.8,7296.5,144.759,31.512,31.502,157.744,1064.51,43.289,44.876,46.462,48.05,49.636,51.224,31.512,30420.9,21060.7,157.744,31.512,1064.51,1064.51,1064.51,1064.51,1064.51,23568.3,6852.6,157.744,31.512,97.036,105.74,0.855,1.778,2.931,3.738,4.084
2026-09,CGE,CGE DISTRIBUCIÓN,Concepción,STxE-2-S2,Subt.2,16632.5,13294.9,144.759,31.512,1064.51,1064.51,1064.51,1064.51,1064.51,12340.5,4292.0,144.759,31.512,31.502,157.744,1064.51,39.707,41.162,42.617,44.073,45.528,46.985,31.512,28682.3,19917.5,157.744,31.512,1064.51,1064.51,1064.51,1064.51,1064.51,22396.9,6285.5,157.744,31.512,97.036,105.74,0.855,1.778,2.931,3.738,4.084
2026-09,CGE,CGE DISTRIBUCIÓN,Concepción,STxE-2-S3,Subt.3,21628.3,16887.6,144.759,31.512,1064.51,1064.51,1064.51,1064.51,1064.51,14331.8,7296.5,144.759,31.512,31.502,157.744,1064.51,49.292,50.391,51.489,52.587,53.686,54.784,31.512,33334.5,22976.8,157.744,31.512,1064.51,1064.51,1064.51,1064.51,1064.51,25531.6,7802.9,157.744,31.512,97.036,105.74,0.855,1.778,2.931,3.738,4.084
2026-09,CGE,CGE DISTRIBUCIÓN,Constitución,STxE-6-A,Aéreo,16937.6,13514.4,137.051,31.512,1064.51,1064.51,1064.51,1064.51,1064.51,12462.2,4475.5,137.051,31.512,31.502,149.345,1064.51,43.475,44.761,46.047,47.333,48.619,49.905,31.512,29880.2,20705.2,149.345,31.512,1064.51,1064.51,1064.51,1064.51,1064.51,22385.7,7494.5,149.345,31.512,90.559,98.682,0.855,1.778,2.931,3.738,4.084
2026-09,CGE,CGE DISTRIBUCIÓN,Coronel,STxE-10-A,Aéreo,17353.2,13813.2,69.842,31.512,1064.51,1064.51,1064.51,1064.51,1064.51,12627.8,4725.4,69.842,31.512,31.502,76.108,1064.51,54.341,54.431,54.52,54.608,54.697,54.786,31.512,36424.4,25008.6,76.108,31.512,1064.51,1064.51,1064.51,1064.51,1064.51,25454.2,10970.1,76.108,31.512,34.081,37.138,0.855,1.778,2.931,3.738,4.084
2026-09,CGE,CGE DISTRIBUCIÓN,Coronel,STxE-10-S2,Subt.2,17353.2,13813.2,69.842,31.512,1064.51,1064.51,1064.51,1064.51,1064.51,12627.8,4725.4,69.842,31.512,31.502,76.108,1064.51,64.021,64.127,64.231,64.336,64.441,64.547,31.512,41236.2,28172.7,76.108,31.512,1064.51,1064.51,1064.51,1064.51,1064.51,28311.9,12924.4,76.108,31.512,34.081,37.138,0.855,1.778,2.931,3.738,4.084
2026-09,CGE,CGE DISTRIBUCIÓN,Curacaví,STxD-3-A,Aéreo,16815.7,13393.5,142.349,20.489,1064.51,1064.51,1064.51,1064.51,1064.51,12271.3,4544.5,142.349,20.489,30.716,155.118,1064.51,43.475,44.915,46.355,47.795,49.235,50.675,20.489,29961.2,20732.2,155.118,20.489,1064.51,1064.51,1064.51,1064.51,1064.51,22351.2,7610.1,155.118,20.489,95.011,103.533,0.855,1.778,2.931,3.738,4.084
2026-09,CGE,CGE DISTRIBUCIÓN,Curarrehue,STxE-2-A,Aéreo,16632.5,13294.9,144.759,31.512,1064.51,1064.51,1064.51,1064.51,1064.51,12340.5,4292.0,144.759,31.512,31.502,157.744,1064.51,33.702,34.938,36.174,37.409,38.645,39.88,31.512,25768.7,18001.6,157.744,31.512,1064.51,1064.51,1064.51,1064.51,1064.51,20433.6,5335.1,157.744,31.512,97.036,105.74,0.855,1.778,2.931,3.738,4.084
2026-09,CGE,CGE DISTRIBUCIÓN,Curepto,STxE-6-A,Aéreo,16632.5,13294.9,144.759,31.512,1064.51,1064.51,1064.51,1064.51,1064.51,12340.5,4292.0,144.759,31.512,31.502,157.744,1064.51,33.702,34.938,36.174,37.409,38.645,39.88,31.512,25768.7,18001.6,157.744,31.512,1064.51,1064.51,1064.51,1064.51,1064.51,20433.6,5335.1,157.744,31.512,97.036,105.74,0.855,1.778,2.931,3.738,4.084
2026-09,CGE,CGE DISTRIBUCIÓN,Curicó,STxE-1-A,Aéreo,16632.5,13294.9,144.759,31.512,1064.51,1064.51,1064.51,1064.51,1064.51,12340.5,4292.0,144.759,31.512,31.502,157.744,1064.51,33.702,34.938,36.174,37.409,38.645,39.88,31.512,25768.7,18001.6,157.744,31.512,1064.51,1064.51,1064.51,1064.51,1064.51,20433.6,5335.1,157.744,31.512,97.036,105.74,0.855,1.778,2.931,3.738,4.084
2026-09,CGE,CGE DISTRIBUCIÓN,Doñihue,STxE-1-A,Aéreo,16632.5,13294.9,144.759,31.512,1064.51,1064.51,1064.51,1064.51,1064.51,12340.5,4292.0,144.759,31.512,31.502,157.744,1064.51,33.702,34.938,36.174,37.409,38.645,39.88,31.512,25768.7,18001.6,157.744,31.512,1064.51,1064.51,1064.51,1064.51,1064.51,20433.6,5335.1,157.744,31.512,97.036,105.74,0.855,1.778,2.931,3.738,4.084
2026-09,CGE,CGE DISTRIBUCIÓN,El Bosque,STxD-3-A,Aéreo,16534.0,13190.8,142.349,20.489,1064.51,1064.51,1064.51,1064.51,1064.51,12158.9,4375.0,142.349,20.489,30.716,155.118,1064.51,33.702,35.092,36.482,37.872,39.262,40.652,20.489,25850.6,18029.1,155.118,20.489,1064.51,1064.51,1064.51,1064.51,1064.51,20412.3,5438.3,155.118,20.489,95.011,103.533,0.855,1.778,2.931,3.738,4.084
2026-09,CGE,CGE DISTRIBUCIÓN,El Monte,STxE-6-A,Aéreo,16632.5,13294.9,144.759,31.512,1064.51,1064.51,1064.51,1064.51,1064.51,12340.5,4292.0,144.759,31.512,31.502,157.744,1064.51,33.702,34.938,36.174,37.409,38.645,39.88,31.512,25768.7,18001.6,157.744,31.512,1064.51,1064.51,1064.51,1064.51,1064.51,20433.6,5335.1,157.744,31.512,97.036,105.74,0.855,1.778,2.931,3.738,4.084
2026-09,CGE,CGE DISTRIBUCIÓN,Empedrado,STxE-6-A,Aéreo,16632.5,13294.9,144.759,31.512,1064.51,1064.51,1064.51,1064.51,1064.51,12340.5,4292.0,144.759,31.512,31.502,157.744,1064.51,33.702,34.938,36.174,37.409,38.645,39.88,31.512,25768.7,18001.6,157.744,31.512,1064.51,1064.51,1064.51,1064.51,1064.51,20433.6,5335.1,157.744,31.512,97.036,105.74,0.855,1.778,2.931,3.738,4.084
2026-09,CGE,CGE DISTRIBUCIÓN,Florida,STxE-23-A,Aéreo,17386.3,13837.0,144.759,31.512,1064.51,1064.51,1064.51,1064.51,1064.51,12641.0,4745.2,144.759,31.512,31.502,157.744,1064.51,72.454,72.454,72.454,72.454,72.454,72.454,31.512,45579.9,31029.0,157.744,31.512,1064.51,1064.51,1064.51,1064.51,1064.51,29445.8,16134.0,157.744,31.512,97.036,105.74,0.855,1.778,2.931,3.738,4.084
2026-09,CGE,CGE DISTRIBUCIÓN,Freire,STxE-2-A,Aéreo,17353.2,13813.2,144.759,31.512,1064.51,1064.51,1064.51,1064.51,1064.51,12627.8,4725.4,144.759,31.512,31.502,157.744,1064.51,54.341,54.431,54.52,54.608,54.697,54.786,31.512,36424.4,25008.6,157.744,31.512,1064.51,1064.51,1064.51,1064.51,1064.51,25454.2,10970.1,157.744,31.512,97.036,105.74,0.855,1.778,2.931,3.738,4.084
2026-09,CGE,CGE DISTRIBUCIÓN,Graneros,STxE-1-A,Aéreo,16632.5,13294.9,144.759,31.512,1064.51,1064.51,1064.51,1064.51,1064.51,12340.5,4292.0,144.759,31.512,31.502,157.744,1064.51,33.702,34.938,36.174,37.409,38.645,39.88,31.512,25768.7,18001.6,157.744,31.512,1064.51,1064.51,1064.51,1064.51,1064.51,20433.6,5335.1,157.744,31.512,97.036,105.74,0.855,1.778,2.931,3.738,4.084
2026-09,CGE,CGE DISTRIBUCIÓN,Hualañé,STxE-6-A,Aéreo,16632.5,13294.9,144.759,31.512,1064.51,1064.51,1064.51,1064.51,1064.51,12340.5,4292.0,144.759,31.512,31.502,157.744,1064.51,33.702,34.938,36.174,37.409,38.645,39.88,31.512,25768.7,18001.6,157.744,31.512,1064.51,1064.51,1064.51,1064.51,1064.51,20433.6,5335.1,157.744,31.512,97.036,105.74,0.855,1.778,2.931,3.738,4.084
2026-09,CGE,CGE DISTRIBUCIÓN,Hualpén,STxE-2-A,Aéreo,16632.5,13294.9,99.164,31.512,1064.51,1064.51,1064.51,1064.51,1064.51,12340.5,4292.0,99.164,31.512,31.502,108.059,1064.51,33.702,34.938,36.174,37.409,38.645,39.88,31.512,25768.7,18001.6,108.059,31.512,1064.51,1064.51,1064.51,1064.51,1064.51,20433.6,5335.1,108.059,31.512,58.721,63.988,0.855,1.778,2.931,3.738,4.084
2026-09,CGE,CGE DISTRIBUCIÓN,Hualqui,STxE-16-A,Aéreo,17386.3,13837.0,144.759,31.512,1064.51,1064.51,1064.51,1064.51,1064.51,12641.0,4745.2,144.759,31.512,31.502,157.744,1064.51,72.454,72.454,72.454,72.454,72.454,72.454,31.512,45579.9,31029.0,157.744,31.512,1064.51,1064.51,1064.51,1064.51,1064.51,29445.8,16134.0,157.744,31.512,97.036,105.74,0.855,1.778,2.931,3.738,4.084
2026-09,CGE,CGE DISTRIBUCIÓN,Isla de Maipo,STxE-1-A,Aéreo,16632.5,13294.9,144.759,31.512,1064.51,1064.51,1064.51,1064.51,1064.51,12340.5,4292.0,144.759,31.512,31.502,157.744,1064.51,33.702,34.938,36.174,37.409,38.645,39.88,31.512,25768.7,18001.6,157.744,31.512,1064.51,1064.51,1064.51,1064.51,1064.51,20433.6,5335.1,157.744,31.512,97.036,105.74,0.855,1.778,2.931,3.738,4.084
2026-09,CGE,CGE DISTRIBUCIÓN,La Estrella,STxE-6-A,Aéreo,16632.5,13294.9,122.265,31.512,1064.51,1064.51,1064.51,1064.51,1064.51,12340.5,4292.0,122.265,31.512,31.502,133.232,1064.51,33.702,34.938,36.174,37.409,38.645,39.88,31.512,25768.7,18001.6,133.232,31.512,1064.51,1064.51,1064.51,1064.51,1064.51,20433.6,5335.1,133.232,31.512,78.134,85.142,0.855,1.778,2.931,3.738,4.084
2026-09,CGE,CGE DISTRIBUCIÓN,La Pintana,STxD-3-A,Aéreo,16534.0,13190.8,142.349,20.489,1064.51,1064.51,1064.51,1064.51,1064.51,12158.9,4375.0,142.349,20.489,30.716,155.118,1064.51,33.702,35.092,36.482,37.872,39.262,40.652,20.489,25850.6,18029.1,155.118,20.489,1064.51,1064.51,1064.51,1064.51,1064.51,20412.3,5438.3,155.118,20.489,95.011,103.533,0.855,1.778,2.931,3.738,4.084
2026-09,CGE,CGE DISTRIBUCIÓN,Las Cabras,STxE-1-A,Aéreo,16632.5,13294.9,132.126,31.512,1064.51,1064.51,1064.51,1064.51,1064.51,12340.5,4292.0,132.126,31.512,31.502,143.977,1064.51,33.702,34.938,36.174,37.409,38.645,39.88,31.512,25768.7,18001.6,143.977,31.512,1064.51,1064.51,1064.51,1064.51,1064.51,20433.6,5335.1,143.977,31.512,86.42,94.172,0.855,1.778,2.931,3.738,4.084
2026-09,CGE,CGE DISTRIBUCIÓN,Lautaro,STxE-20-A,Aéreo,17353.2,13813.2,137.051,31.512,1064.51,1064.51,1064.51,1064.51,1064.51,12627.8,4725.4,137.051,31.512,31.502,149.345,1064.51,54.341,54.431,54.52,54.608,54.697,54.786,31.512,36424.4,25008.6,149.345,31.512,1064.51,1064.51,1064.51,1064.51,1064.51,25454.2,10970.1,149.345,31.512,90.559,98.682,0.855,1.778,2.931,3.738,4.084
2026-09,CGE,CGE DISTRIBUCIÓN,Licantén,STxE-6-A,Aéreo,16632.5,13294.9,144.759,31.512,1064.51,1064.51,1064.51,1064.51,1064.51,12340.5,4292.0,144.759,31.512,31.502,157.744,1064.51,33.702,34.938,36.174,37.409,38.645,39.88,31.512,25768.7,18001.6,157.744,31.512,1064.51,1064.51,1064.51,1064.51,1064.51,20433.6,5335.1,157.744,31.512,97.036,105.74,0.855,1.778,2.931,3.738,4.084
2026-09,CGE,CGE DISTRIBUCIÓN,Linares,STxE-13-A,Aéreo,16937.6,13514.4,144.759,31.512,1064.51,1064.51,1064.51,1064.51,1064.51,12462.2,4475.5,144.759,31.512,31.502,157.744,1064.51,43.475,44.761,46.047,47.333,48.619,49.905,31.512,29880.2,20705.2,157.744,31.512,1064.51,1064.51,1064.51,1064.51,1064.51,22385.7,7494.5,157.744,31.512,97.036,105.74,0.855,1.778,2.931,3.738,4.084
2026-09,CGE,CGE DISTRIBUCIÓN,Litueche,STxE-6-A,Aéreo,16632.5,13294.9,122.265,31.512,1064.51,1064.51,1064.51,1064.51,1064.51,12340.5,4292.0,122.265,31.512,31.502,133.232,1064.51,33.702,34.938,36.174,37.409,38.645,39.88,31.512,25768.7,18001.6,133.232,31.512,1064.51,1064.51,1064.51,1064.51,1064.51,20433.6,5335.1,133.232,31.512,78.134,85.142,0.855,1.778,2.931,3.738,4.084
2026-09,CGE,CGE DISTRIBUCIÓN,Lolol,STxE-6-A,Aéreo,16632.5,13294.9,137.051,31.512,1064.51,1064.51,1064.51,1064.51,1064.51,12340.5,4292.0,137.051,31.512,31.502,149.345,1064.51,33.702,34.938,36.174,37.409,38.645,39.88,31.512,25768.7,18001.6,149.345,31.512,1064.51,1064.51,1064.51,1064.51,1064.51,20433.6,5335.1,149.345,31.512,90.559,98.682,0.855,1.778,2.931,3.738,4.084
2026-09,CGE,CGE DISTRIBUCIÓN,Loncoche,STxE-18-A,Aéreo,17353.2,13813.2,144.759,31.512,1064.51,1064.51,1064.51,1064.51,1064.51,12627.8,4725.4,144.759,31.512,31.502,157.744,1064.51,54.341,54.431,54.52,54.608,54.697,54.786,31.512,36424.4,25008.6,157.744,31.512,1064.51,1064.51,1064.51,1064.51,1064.51,25454.2,10970.1,157.744,31.512,97.036,105.74,0.855,1.778,2.931,3.738,4.084
2026-09,CGE,CGE DISTRIBUCIÓN,Longaví,STxE-1-A,Aéreo,16937.6,13514.4,144.759,31.512,1064.51,1064.51,1064.51,1064.51,1064.51,12462.2,4475.5,144.759,31.512,31.502,157.744,1064.51,43.475,44.761,46.047,47.333,48.619,49.905,31.512,29880.2,20705.2,157.744,31.512,1064.51,1064.51,1064.51,1064.51,1064.51,22385.7,7494.5,157.744,31.512,97.036,105.74,0.855,1.778,2.931,3.738,4.084
2026-09,CGE,CGE DISTRIBUCIÓN,Los Ángeles,STxE-11-A,Aéreo,17386.3,13837.0,137.051,31.512,1064.51,1064.51,1064.51,1064.51,1064.51,12641.0,4745.2,137.051,31.512,31.502,149.345,1064.51,72.454,72.454,72.454,72.454,72.454,72.454,31.512,45579.9,31029.0,149.345,31.512,1064.51,1064.51,1064.51,1064.51,1064.51,29445.8,16134.0,149.345,31.512,90.559,98.682,0.855,1.778,2.931,3.738,4.084
2026-09,CGE,CGE DISTRIBUCIÓN,Machalí,STxE-1-A,Aéreo,16632.5,13294.9,137.051,31.512,1064.51,1064.51,1064.51,1064.51,1064.51,12340.5,4292.0,137.051,31.512,31.502,149.345,1064.51,33.702,34.938,36.174,37.409,38.645,39.88,31.512,25768.7,18001.6,149.345,31.512,1064.51,1064.51,1064.51,1064.51,1064.51,20433.6,5335.1,149.345,31.512,90.559,98.682,0.855,1.778,2.931,3.738,4.084
2026-09,CGE,CGE DISTRIBUCIÓN,Malloa,STxE-1-A,Aéreo,16632.5,13294.9,137.051,31.512,1064.51,1064.51,1064.51,1064.51,1064.51,12340.5,4292.0,137.051,31.512,31.502,149.345,1064.51,33.702,34.938,36.174,37.409,38.645,39.88,31.512,25768.7,18001.6,149.345,31.512,1064.51,1064.51,1064.51,1064.51,1064.51,20433.6,5335.1,149.345,31.512,90.559,98.682,0.855,1.778,2.931,3.738,4.084
2026-09,CGE,CGE DISTRIBUCIÓN,Marchihue,STxE-6-A,Aéreo,16632.5,13294.9,137.051,31.512,1064.51,1064.51,1064.51,1064.51,1064.51,12340.5,4292.0,137.051,31.512,31.502,149.345,1064.51,33.702,34.938,36.174,37.409,38.645,39.88,31.512,25768.7,18001.6,149.345,31.512,1064.51,1064.51,1064.51,1064.51,1064.51,20433.6,5335.1,149.345,31.512,90.559,98.682,0.855,1.778,2.931,3.738,4.084
2026-09,CGE,CGE DISTRIBUCIÓN,María Pinto,STxD-6-A,Aéreo,16534.0,13190.8,134.802,20.489,1064.51,1064.51,1064.51,1064.51,1064.51,12158.9,4375.0,134.802,20.489,30.716,146.894,1064.51,33.702,35.092,36.482,37.872,39.262,40.652,20.489,25850.6,18029.1,146.894,20.489,1064.51,1064.51,1064.51,1064.51,1064.51,20412.3,5438.3,146.894,20.489,88.669,96.622,0.855,1.778,2.931,3.738,4.084
2026-09,CGE,CGE DISTRIBUCIÓN,María Pinto,STxE-6-A,Aéreo,16632.5,13294.9,137.051,31.512,1064.51,1064.51,1064.51,1064.51,1064.51,12340.5,4292.0,137.051,31.512,31.502,149.345,1064.51,33.702,34.938,36.174,37.409,38.645,39.88,31.512,25768.7,18001.6,149.345,31.512,1064.51,1064.51,1064.51,1064.51,1064.51,20433.6,5335.1,149.345,31.512,90.559,98.682,0.855,1.778,2.931,3.738,4.084
2026-09,CGE,CGE DISTRIBUCIÓN,Maule,STxE-14-A,Aéreo,16632.5,13294.9,137.051,31.512,1064.51,1064.51,1064.51,1064.51,1064.51,12340.5,4292.0,137.051,31.512,31.502,149.345,1064.51,33.702,34.938,36.174,37.409,38.645,39.88,31.512,25768.7,18001.6,149.345,31.512,1064.51,1064.51,1064.51,1064.51,1064.51,20433.6,5335.1,149.345,31.512,90.559,98.682,0.855,1.778,2.931,3.738,4.084
2026-09,CGE,CGE DISTRIBUCIÓN,Melipilla,STxE-6-A,Aéreo,16632.5,13294.9,144.759,31.512,1064.51,1064.51,1064.51,1064.51,1064.51,12340.5,4292.0,144.759,31.512,31.502,157.744,1064.51,33.702,34.938,36.174,37.409,38.645,39.88,31.512,25768.7,18001.6,157.744,31.512,1064.51,1064.51,1064.51,1064.51,1064.51,20433.6,5335.1,157.744,31.512,97.036,105.74,0.855,1.778,2.931,3.738,4.084
2026-09,CGE,CGE DISTRIBUCIÓN,Molina,STxE-6-A,Aéreo,16632.5,13294.9,144.759,31.512,1064.51,1064.51,1064.51,1064.51,1064.51,12340.5,4292.0,144.759,31.512,31.502,157.744,1064.51,33.702,34.938,36.174,37.409,38.645,39.88,31.512,25768.7,18001.6,157.744,31.512,1064.51,1064.51,1064.51,1064.51,1064.51,20433.6,5335.1,157.744,31.512,97.036,105.74,0.855,1.778,2.931,3.738,4.084
2026-09,CGE,CGE DISTRIBUCIÓN,Mostazal,STxE-1-A,Aéreo,16632.5,13294.9,132.126,31.512,1064.51,1064.51,1064.51,1064.51,1064.51,12340.5,4292.0,132.126,31.512,31.502,143.977,1064.51,33.702,34.938,36.174,37.409,38.645,39.88,31.512,25768.7,18001.6,143.977,31.512,1064.51,1064.51,1064.51,1064.51,1064.51,20433.6,5335.1,143.977,31.512,86.42,94.172,0.855,1.778,2.931,3.738,4.084
2026-09,CGE,CGE DISTRIBUCIÓN,Mulchén,STxE-2-A,Aéreo,17353.2,13813.2,137.051,31.512,1064.51,1064.51,1064.51,1064.51,1064.51,12627.8,4725.4,137.051,31.512,31.502,149.345,1064.51,54.341,54.431,54.52,54.608,54.697,54.786,31.512,36424.4,25008.6,149.345,31.512,1064.51,1064.51,1064.51,1064.51,1064.51,25454.2,10970.1,149.345,31.512,90.559,98.682,0.855,1.778,2.931,3.738,4.084
2026-09,CGE,CGE DISTRIBUCIÓN,Nancagua,STxE-6-A,Aéreo,16632.5,13294.9,144.759,31.512,1064.51,1064.51,1064.51,1064.51,1064.51,12340.5,4292.0,144.759,31.512,31.502,157.744,1064.51,33.702,34.938,36.174,37.409,38.645,39.88,31.512,25768.7,18001.6,157.744,31.512,1064.51,1064.51,1064.51,1064.51,1064.51,20433.6,5335.1,157.744,31.512,97.036,105.74,0.855,1.778,2.931,3.738,4.084
2026-09,CGE,CGE DISTRIBUCIÓN,Navidad,STxE-6-A,Aéreo,16632.5,13294.9,144.759,31.512,1064.51,1064.51,1064.51,1064.51,1064.51,12340.5,4292.0,144.759,31.512,31.502,157.744,1064.51,33.702,34.938,36.174,37.409,38.645,39.88,31.512,25768.7,18001.6,157.744,31.512,1064.51,1064.51,1064.51,1064.51,1064.51,20433.6,5335.1,157.744,31.512,97.036,105.74,0.855,1.778,2.931,3.738,4.084
2026-09,CGE,CGE DISTRIBUCIÓN,Ninhue,STxE-27-A,Aéreo,17353.2,13813.2,144.759,31.512,1064.51,1064.51,1064.51,1064.51,1064.51,12627.8,4725.4,144.759,31.512,31.502,157.744,1064.51,54.341,54.431,54.52,54.608,54.697,54.786,31.512,36424.4,25008.6,157.744,31.512,1064.51,1064.51,1064.51,1064.51,1064.51,25454.2,10970.1,157.744,31.512,97.036,105.74,0.855,1.778,2.931,3.738,4.084
2026-09,CGE,CGE DISTRIBUCIÓN,Olivar,STxE-1-A,Aéreo,16632.5,13294.9,144.759,31.512,1064.51,1064.51,1064.51,1064.51,1064.51,12340.5,4292.0,144.759,31.512,31.502,157.744,1064.51,33.702,34.938,36.174,37.409,38.645,39.88,31.512,25768.7,18001.6,157.744,31.512,1064.51,1064.51,1064.51,1064.51,1064.51,20433.6,5335.1,157.744,31.512,97.036,105.74,0.855,1.778,2.931,3.738,4.084
2026-09,CGE,CGE DISTRIBUCIÓN,Padre Hurtado,STxD-3-A,Aéreo,16534.0,13190.8,142.349,20.489,1064.51,1064.51,1064.51,1064.51,1064.51,12158.9,4375.0,142.349,20.489,30.716,155.118,1064.51,33.702,35.092,36.482,37.872,39.262,40.652,20.489,25850.6,18029.1,155.118,20.489,1064.51,1064.51,1064.51,1064.51,1064.51,20412.3,5438.3,155.118,20.489,95.011,103.533,0.855,1.778,2.931,3.738,4.084
2026-09,CGE,CGE DISTRIBUCIÓN,Padre las Casas,STxE-20-A,Aéreo,17353.2,13813.2,144.759,31.512,1064.51,1064.51,1064.51,1064.51,1064.51,12627.8,4725.4,144.759,31.512,31.502,157.744,1064.51,54.341,54.431,54.52,54.608,54.697,54.786,31.512,36424.4,25008.6,157.744,31.512,1064.51,1064.51,1064.51,1064.51,1064.51,25454.2,10970.1,157.744,31.512,97.036,105.74,0.855,1.778,2.931,3.738,4.084
2026-09,CGE,CGE DISTRIBUCIÓN,Paine,STxE-1-A,Aéreo,16632.5,13294.9,144.759,31.512,1064.51,1064.51,1064.51,1064.51,1064.51,12340.5,4292.0,144.759,31.512,31.502,157.744,1064.51,33.702,34.938,36.174,37.409,38.645,39.88,31.512,25768.7,18001.6,157.744,31.512,1064.51,1064.51,1064.51,1064.51,1064.51,20433.6,5335.1,157.744,31.512,97.036,105.74,0.855,1.778,2.931,3.738,4.084
2026-09,CGE,CGE DISTRIBUCIÓN,Palmilla,STxE-6-A,Aéreo,16632.5,13294.9,144.759,31.512,1064.51,1064.51,1064.51,1064.51,1064.51,12340.5,4292.0,144.759,31.512,31.502,157.744,1064.51,33.702,34.938,36.174,37.409,38.645,39.88,31.512,25768.7,18001.6,157.744,31.512,1064.51,1064.51,1064.51,1064.51,1064.51,20433.6,5335.1,157.744,31.512,97.036,105.74,0.855,1.778,2.931,3.738,4.084
2026-09,CGE,CGE DISTRIBUCIÓN,Paredones,STxE-6-A,Aéreo,16632.5,13294.9,144.759,31.512,1064.51,1064.51,1064.51,1064.51,1064.51,12340.5,4292.0,144.759,31.512,31.502,157.744,1064.51,33.702,34.938,36.174,37.409,38.645,39.88,31.512,25768.7,18001.6,157.744,31.512,1064.51,1064.51,1064.51,1064.51,1064.51,20433.6,5335.1,157.744,31.512,97.036,105.74,0.855,1.778,2.931,3.738,4.084
2026-09,CGE,CGE DISTRIBUCIÓN,Parral,STxE-25-A,Aéreo,17353.2,13813.2,144.759,31.512,1064.51,1064.51,1064.51,1064.51,1064.51,12627.8,4725.4,144.759,31.512,31.502,157.744,1064.51,54.341,54.431,54.52,54.608,54.697,54.786,31.512,36424.4,25008.6,157.744,31.512,1064.51,1064.51,1064.51,1064.51,1064.51,25454.2,10970.1,157.744,31.512,97.036,105.74,0.855,1.778,2.931,3.738,4.084
2026-09,CGE,CGE DISTRIBUCIÓN,Pelarco,STxE-4-A,Aéreo,16632.5,13294.9,144.759,31.512,1064.51,1064.51,1064.51,1064.51,1064.51,12340.5,4292.0,144.759,31.512,31.502,157.744,1064.51,33.702,34.938,36.174,37.409,38.645,39.88,31.512,25768.7,18001.6,157.744,31.512,1064.51,1064.51,1064.51,1064.51,1064.51,20433.6,5335.1,157.744,31.512,97.036,105.74,0.855,1.778,2.931,3.738,4.084
2026-09,CGE,CGE DISTRIBUCIÓN,Pelluhue,STxE-6-A,Aéreo,16632.5,13294.9,144.759,31.512,1064.51,1064.51,1064.51,1064.51,1064.51,12340.5,4292.0,144.759,31.512,31.502,157.744,1064.51,33.702,34.938,36.174,37.409,38.645,39.88,31.512,25768.7,18001.6,157.744,31.512,1064.51,1064.51,1064.51,1064.51,1064.51,20433.6,5335.1,157.744,31.512,97.036,105.74,0.855,1.778,2.931,3.738,4.084
2026-09,CGE,CGE DISTRIBUCIÓN,Pencahue,STxE-14-A,Aéreo,16632.5,13294.9,137.051,31.512,1064.51,1064.51,1064.51,1064.51,1064.51,12340.5,4292.0,137.051,31.512,31.502,149.345,1064.51,33.702,34.938,36.174,37.409,38.645,39.88,31.512,25768.7,18001.6,149.345,31.512,1064.51,1064.51,1064.51,1064.51,1064.51,20433.6,5335.1,149.345,31.512,90.559,98.682,0.855,1.778,2.931,3.738,4.084
2026-09,CGE,CGE DISTRIBUCIÓN,Penco,STxE-2-A,Aéreo,16632.5,13294.9,144.759,31.512,1064.51,1064.51,1064.51,1064.51,1064.51,12340.5,4292.0,144.759,31.512,31.502,157.744,1064.51,33.702,34.938,36.174,37.409,38.645,39.88,31.512,25768.7,18001.6,157.744,31.512,1064.51,1064.51,1064.51,1064.51,1064.51,20433.6,5335.1,157.744,31.512,97.036,105.74,0.855,1.778,2.931,3.738,4.084
2026-09,CGE,CGE DISTRIBUCIÓN,Peralillo,STxE-6-A,Aéreo,16632.5,13294.9,137.051,31.512,1064.51,1064.51,1064.51,1064.51,1064.51,12340.5,4292.0,137.051,31.512,31.502,149.345,1064.51,33.702,34.938,36.174,37.409,38.645,39.88,31.512,25768.7,18001.6,149.345,31.512,1064.51,1064.51,1064.51,1064.51,1064.51,20433.6,5335.1,149.345,31.512,90.559,98.682,0.855,1.778,2.931,3.738,4.084
2026-09,CGE,CGE DISTRIBUCIÓN,Peumo,STxE-1-A,Aéreo,16632.5,13294.9,144.759,31.512,1064.51,1064.51,1064.51,1064.51,1064.51,12340.5,4292.0,144.759,31.512,31.502,157.744,1064.51,33.702,34.938,36.174,37.409,38.645,39.88,31.512,25768.7,18001.6,157.744,31.512,1064.51,1064.51,1064.51,1064.51,1064.51,20433.6,5335.1,157.744,31.512,97.036,105.74,0.855,1.778,2.931,3.738,4.084
2026-09,CGE,CGE DISTRIBUCIÓN,Peñaflor,STxD-3-A,Aéreo,16534.0,13190.8,142.349,20.489,1064.51,1064.51,1064.51,1064.51,1064.51,12158.9,4375.0,142.349,20.489,30.716,155.118,1064.51,33.702,35.092,36.482,37.872,39.262,40.652,20.489,25850.6,18029.1,155.118,20.489,1064.51,1064.51,1064.51,1064.51,1064.51,20412.3,5438.3,155.118,20.489,95.011,103.533,0.855,1.778,2.931,3.738,4.084
2026-09,CGE,CGE DISTRIBUCIÓN,Peñaflor,STxE-3-A,Aéreo,15527.0,12499.9,144.759,31.512,1064.51,1064.51,1064.51,1064.51,1064.51,11900.0,3627.1,144.759,31.512,31.502,157.744,1064.51,33.702,33.702,33.702,33.702,33.702,33.702,31.512,23235.0,16335.5,157.744,31.512,1064.51,1064.51,1064.51,1064.51,1064.51,18726.4,4508.7,157.744,31.512,97.036,105.74,0.855,1.778,2.931,3.738,4.084
2026-09,CGE,CGE DISTRIBUCIÓN,Pichidegua,STxE-1-A,Aéreo,16632.5,13294.9,132.126,31.512,1064.51,1064.51,1064.51,1064.51,1064.51,12340.5,4292.0,132.126,31.512,31.502,143.977,1064.51,33.702,34.938,36.174,37.409,38.645,39.88,31.512,25768.7,18001.6,143.977,31.512,1064.51,1064.51,1064.51,1064.51,1064.51,20433.6,5335.1,143.977,31.512,86.42,94.172,0.855,1.778,2.931,3.738,4.084
2026-09,CGE,CGE DISTRIBUCIÓN,Pichilemu,STxE-6-A,Aéreo,16632.5,13294.9,144.759,31.512,1064.51,1064.51,1064.51,1064.51,1064.51,12340.5,4292.0,144.759,31.512,31.502,157.744,1064.51,33.702,34.938,36.174,37.409,38.645,39.88,31.512,25768.7,18001.6,157.744,31.512,1064.51,1064.51,1064.51,1064.51,1064.51,20433.6,5335.1,157.744,31.512,97.036,105.74,0.855,1.778,2.931,3.738,4.084
2026-09,CGE,CGE DISTRIBUCIÓN,Pinto,STxE-26-A,Aéreo,17353.2,13813.2,144.759,31.512,1064.51,1064.51,1064.51,1064.51,1064.51,12627.8,4725.4,144.759,31.512,31.502,157.744,1064.51,54.341,54.431,54.52,54.608,54.697,54.786,31.512,36424.4,25008.6,157.744,31.512,1064.51,1064.51,1064.51,1064.51,1064.51,25454.2,10970.1,157.744,31.512,97.036,105.74,0.855,1.778,2.931,3.738,4.084
2026-09,CGE,CGE DISTRIBUCIÓN,Pirque,STxD-1-A,Aéreo,16534.0,13190.8,134.802,20.489,1064.51,1064.51,1064.51,1064.51,1064.51,12158.9,4375.0,134.802,20.489,30.716,146.894,1064.51,33.702,35.092,36.482,37.872,39.262,40.652,20.489,25850.6,18029.1,146.894,20.489,1064.51,1064.51,1064.51,1064.51,1064.51,20412.3,5438.3,146.894,20.489,88.669,96.622,0.855,1.778,2.931,3.738,4.084
2026-09,CGE,CGE DISTRIBUCIÓN,Pitrufquén,STxE-20-A,Aéreo,17353.2,13813.2,144.759,31.512,1064.51,1064.51,1064.51,1064.51,1064.51,12627.8,4725.4,144.759,31.512,31.502,157.744,1064.51,54.341,54.431,54.52,54.608,54.697,54.786,31.512,36424.4,25008.6,157.744,31.512,1064.51,1064.51,1064.51,1064.51,1064.51,25454.2,10970.1,157.744,31.512,97.036,105.74,0.855,1.778,2.931,3.738,4.084
2026-09,CGE,CGE DISTRIBUCIÓN,Placilla,STxE-6-A,Aéreo,16632.5,13294.9,144.759,31.512,1064.51,1064.51,1064.51,1064.51,1064.51,12340.5,4292.0,144.759,31.512,31.502,157.744,1064.51,33.702,34.938,36.174,37.409,38.645,39.88,31.512,25768.7,18001.6,157.744,31.512,1064.51,1064.51,1064.51,1064.51,1064.51,20433.6,5335.1,157.744,31.512,97.036,105.74,0.855,1.778,2.931,3.738,4.084
2026-09,CGE,CGE DISTRIBUCIÓN,Portezuelo,STxE-26-A,Aéreo,17353.2,13813.2,144.759,31.512,1064.51,1064.51,1064.51,1064.51,1064.51,12627.8,4725.4,144.759,31.512,31.502,157.744,1064.51,54.341,54.431,54.52,54.608,54.697,54.786,31.512,36424.4,25008.6,157.744,31.512,1064.51,1064.51,1064.51,1064.51,1064.51,25454.2,10970.1,157.744,31.512,97.036,105.74,0.855,1.778,2.931,3.738,4.084
2026-09,CGE,CGE DISTRIBUCIÓN,Pucón,STxE-2-A,Aéreo,16632.5,13294.9,144.759,31.512,1064.51,1064.51,1064.51,1064.51,1064.51,12340.5,4292.0,144.759,31.512,31.502,157.744,1064.51,33.702,34.938,36.174,37.409,38.645,39.88,31.512,25768.7,18001.6,157.744,31.512,1064.51,1064.51,1064.51,1064.51,1064.51,20433.6,5335.1,157.744,31.512,97.036,105.74,0.855,1.778,2.931,3.738,4.084
2026-09,CGE,CGE DISTRIBUCIÓN,Puente Alto,STxD-3-A,Aéreo,17371.9,13793.4,142.349,20.489,1064.51,1064.51,1064.51,1064.51,1064.51,12493.0,4879.0,142.349,20.489,30.716,155.118,1064.51,28.984,30.44,31.898,33.356,34.812,36.27,20.489,24053.4,16847.3,155.118,20.489,1064.51,1064.51,1064.51,1064.51,1064.51,20092.9,3960.4,155.118,20.489,95.011,103.533,0.855,1.778,2.931,3.738,4.084
2026-09,CGE,CGE DISTRIBUCIÓN,Pumanque,STxE-6-A,Aéreo,16632.5,13294.9,144.759,31.512,1064.51,1064.51,1064.51,1064.51,1064.51,12340.5,4292.0,144.759,31.512,31.502,157.744,1064.51,33.702,34.938,36.174,37.409,38.645,39.88,31.512,25768.7,18001.6,157.744,31.512,1064.51,1064.51,1064.51,1064.51,1064.51,20433.6,5335.1,157.744,31.512,97.036,105.74,0.855,1.778,2.931,3.738,4.084
2026-09,CGE,CGE DISTRIBUCIÓN,Quinta de Tilcoco,STxE-1-A,Aéreo,16632.5,13294.9,144.759,31.512,1064.51,1064.51,1064.51,1064.51,1064.51,12340.5,4292.0,144.759,31.512,31.502,157.744,1064.51,33.702,34.938,36.174,37.409,38.645,39.88,31.512,25768.7,18001.6,157.744,31.512,1064.51,1064.51,1064.51,1064.51,1064.51,20433.6,5335.1,157.744,31.512,97.036,105.74,0.855,1.778,2.931,3.738,4.084
2026-09,CGE,CGE DISTRIBUCIÓN,Quirihue,STxE-6-A,Aéreo,17353.2,13813.2,144.759,31.512,1064.51,1064.51,1064.51,1064.51,1064.51,12627.8,4725.4,144.759,31.512,31.502,157.744,1064.51,54.341,54.431,54.52,54.608,54.697,54.786,31.512,36424.4,25008.6,157.744,31.512,1064.51,1064.51,1064.51,1064.51,1064.51,25454.2,10970.1,157.744,31.512,97.036,105.74,0.855,1.778,2.931,3.738,4.084
2026-09,CGE,CGE DISTRIBUCIÓN,Rancagua,STxE-1-A,Aéreo,16632.5,13294.9,144.759,31.512,1064.51,1064.51,1064.51,1064.51,1064.51,12340.5,4292.0,144.759,31.512,31.502,157.744,1064.51,33.702,34.938,36.174,37.409,38.645,39.88,31.512,25768.7,18001.6,157.744,31.512,1064.51,1064.51,1064.51,1064.51,1064.51,20433.6,5335.1,157.744,31.512,97.036,105.74,0.855,1.778,2.931,3.738,4.084
2026-09,CGE,CGE DISTRIBUCIÓN,Rancagua,STxE-1-S1,Subt.1,21628.3,16887.6,144.759,31.512,1064.51,1064.51,1064.51,1064.51,1064.51,14331.8,7296.5,144.759,31.512,31.502,157.744,1064.51,43.289,44.876,46.462,48.05,49.636,51.224,31.512,30420.9,21060.7,157.744,31.512,1064.51,1064.51,1064.51,1064.51,1064.51,23568.3,6852.6,157.744,31.512,97.036,105.74,0.855,1.778,2.931,3.738,4.084
2026-09,CGE,CGE DISTRIBUCIÓN,Rancagua,STxE-1-S2,Subt.2,16632.5,13294.9,144.759,31.512,1064.51,1064.51,1064.51,1064.51,1064.51,12340.5,4292.0,144.759,31.512,31.502,157.744,1064.51,39.707,41.162,42.617,44.073,45.528,46.985,31.512,28682.3,19917.5,157.744,31.512,1064.51,1064.51,1064.51,1064.51,1064.51,22396.9,6285.5,157.744,31.512,97.036,105.74,0.855,1.778,2.931,3.738,4.084
2026-09,CGE,CGE DISTRIBUCIÓN,Rancagua,STxE-1-S3,Subt.3,21628.3,16887.6,144.759,31.512,1064.51,1064.51,1064.51,1064.51,1064.51,14331.8,7296.5,144.759,31.512,31.502,157.744,1064.51,49.292,50.391,51.489,52.587,53.686,54.784,31.512,33334.5,22976.8,157.744,31.512,1064.51,1064.51,1064.51,1064.51,1064.51,25531.6,7802.9,157.744,31.512,97.036,105.74,0.855,1.778,2.931,3.738,4.084
2026-09,CGE,CGE DISTRIBUCIÓN,Rauco,STxE-1-A,Aéreo,16632.5,13294.9,144.759,31.512,1064.51,1064.51,1064.51,1064.51,1064.51,12340.5,4292.0,144.759,31.512,31.502,157.744,1064.51,33.702,34.938,36.174,37.409,38.645,39.88,31.512,25768.7,18001.6,157.744,31.512,1064.51,1064.51,1064.51,1064.51,1064.51,20433.6,5335.1,157.744,31.512,97.036,105.74,0.855,1.778,2.931,3.738,4.084
2026-09,CGE,CGE DISTRIBUCIÓN,Rengo,STxE-1-A,Aéreo,16632.5,13294.9,137.051,31.512,1064.51,1064.51,1064.51,1064.51,1064.51,12340.5,4292.0,137.051,31.512,31.502,149.345,1064.51,33.702,34.938,36.174,37.409,38.645,39.88,31.512,25768.7,18001.6,149.345,31.512,1064.51,1064.51,1064.51,1064.51,1064.51,20433.6,5335.1,149.345,31.512,90.559,98.682,0.855,1.778,2.931,3.738,4.084
2026-09,CGE,CGE DISTRIBUCIÓN,Requínoa,STxE-1-A,Aéreo,16632.5,13294.9,137.051,31.512,1064.51,1064.51,1064.51,1064.51,1064.51,12340.5,4292.0,137.051,31.512,31.502,149.345,1064.51,33.702,34.938,36.174,37.409,38.645,39.88,31.512,25768.7,18001.6,149.345,31.512,1064.51,1064.51,1064.51,1064.51,1064.51,20433.6,5335.1,149.345,31.512,90.559,98.682,0.855,1.778,2.931,3.738,4.084
2026-09,CGE,CGE DISTRIBUCIÓN,Retiro,STxE-25-A,Aéreo,17353.2,13813.2,137.051,31.512,1064.51,1064.51,1064.51,1064.51,1064.51,12627.8,4725.4,137.051,31.512,31.502,149.345,1064.51,54.341,54.431,54.52,54.608,54.697,54.786,31.512,36424.4,25008.6,149.345,31.512,1064.51,1064.51,1064.51,1064.51,1064.51,25454.2,10970.1,149.345,31.512,90.559,98.682,0.855,1.778,2.931,3.738,4.084
2026-09,CGE,CGE DISTRIBUCIÓN,Romeral,STxE-1-A,Aéreo,16632.5,13294.9,137.051,31.512,1064.51,1064.51,1064.51,1064.51,1064.51,12340.5,4292.0,137.051,31.512,31.502,149.345,1064.51,33.702,34.938,36.174,37.409,38.645,39.88,31.512,25768.7,18001.6,149.345,31.512,1064.51,1064.51,1064.51,1064.51,1064.51,20433.6,5335.1,149.345,31.512,90.559,98.682,0.855,1.778,2.931,3.738,4.084
2026-09,CGE,CGE DISTRIBUCIÓN,Ránquil,STxE-6-A,Aéreo,17353.2,13813.2,132.126,31.512,1064.51,1064.51,1064.51,1064.51,1064.51,12627.8,4725.4,132.126,31.512,31.502,143.977,1064.51,54.341,54.431,54.52,54.608,54.697,54.786,31.512,36424.4,25008.6,143.977,31.512,1064.51,1064.51,1064.51,1064.51,1064.51,25454.2,10970.1,143.977,31.512,86.42,94.172,0.855,1.778,2.931,3.738,4.084
2026-09,CGE,CGE DISTRIBUCIÓN,Río Claro,STxE-14-A,Aéreo,16632.5,13294.9,144.759,31.512,1064.51,1064.51,1064.51,1064.51,1064.51,12340.5,4292.0,144.759,31.512,31.502,157.744,1064.51,33.702,34.938,36.174,37.409,38.645,39.88,31.512,25768.7,18001.6,157.744,31.512,1064.51,1064.51,1064.51,1064.51,1064.51,20433.6,5335.1,157.744,31.512,97.036,105.74,0.855,1.778,2.931,3.738,4.084
2026-09,CGE,CGE DISTRIBUCIÓN,Sagrada Familia,STxE-1-A,Aéreo,16632.5,13294.9,144.759,31.512,1064.51,1064.51,1064.51,1064.51,1064.51,12340.5,4292.0,144.759,31.512,31.502,157.744,1064.51,33.702,34.938,36.174,37.409,38.645,39.88,31.512,25768.7,18001.6,157.744,31.512,1064.51,1064.51,1064.51,1064.51,1064.51,20433.6,5335.1,157.744,31.512,97.036,105.74,0.855,1.778,2.931,3.738,4.084
2026-09,CGE,CGE DISTRIBUCIÓN,San Antonio,STxE-6-A,Aéreo,16632.5,13294.9,137.051,31.512,1064.51,1064.51,1064.51,1064.51,1064.51,12340.5,4292.0,137.051,31.512,31.502,149.345,1064.51,33.702,34.938,36.174,37.409,38.645,39.88,31.512,25768.7,18001.6,149.345,31.512,1064.51,1064.51,1064.51,1064.51,1064.51,20433.6,5335.1,149.345,31.512,90.559,98.682,0.855,1.778,2.931,3.738,4.084
2026-09,CGE,CGE DISTRIBUCIÓN,San Bernardo,STxD-3-A,Aéreo,16534.0,13190.8,142.349,20.489,1064.51,1064.51,1064.51,1064.51,1064.51,12158.9,4375.0,142.349,20.489,30.716,155.118,1064.51,33.702,35.092,36.482,37.872,39.262,40.652,20.489,25850.6,18029.1,155.118,20.489,1064.51,1064.51,1064.51,1064.51,1064.51,20412.3,5438.3,155.118,20.489,95.011,103.533,0.855,1.778,2.931,3.738,4.084
2026-09,CGE,CGE DISTRIBUCIÓN,San Carlos,STxE-19-A,Aéreo,17353.2,13813.2,144.759,31.512,1064.51,1064.51,1064.51,1064.51,1064.51,12627.8,4725.4,144.759,31.512,31.502,157.744,1064.51,54.341,54.431,54.52,54.608,54.697,54.786,31.512,36424.4,25008.6,157.744,31.512,1064.51,1064.51,1064.51,1064.51,1064.51,25454.2,10970.1,157.744,31.512,97.036,105.74,0.855,1.778,2.931,3.738,4.084
2026-09,CGE,CGE DISTRIBUCIÓN,San Clemente,STxE-25-A,Aéreo,16632.5,13294.9,132.126,31.512,1064.51,1064.51,1064.51,1064.51,1064.51,12340.5,4292.0,132.126,31.512,31.502,143.977,1064.51,33.702,34.938,36.174,37.409,38.645,39.88,31.512,25768.7,18001.6,143.977,31.512,1064.51,1064.51,1064.51,1064.51,1064.51,20433.6,5335.1,143.977,31.512,86.42,94.172,0.855,1.778,2.931,3.738,4.084
2026-09,CGE,CGE DISTRIBUCIÓN,San Fabián,STxE-26-A,Aéreo,17353.2,13813.2,144.759,31.512,1064.51,1064.51,1064.51,1064.51,1064.51,12627.8,4725.4,144.759,31.512,31.502,157.744,1064.51,54.341,54.431,54.52,54.608,54.697,54.786,31.512,36424.4,25008.6,157.744,31.512,1064.51,1064.51,1064.51,1064.51,1064.51,25454.2,10970.1,157.744,31.512,97.036,105.74,0.855,1.778,2.931,3.738,4.084
2026-09,CGE,CGE DISTRIBUCIÓN,San Fernando,STxE-1-A,Aéreo,16632.5,13294.9,137.051,31.512,1064.51,1064.51,1064.51,1064.51,1064.51,12340.5,4292.0,137.051,31.512,31.502,149.345,1064.51,33.702,34.938,36.174,37.409,38.645,39.88,31.512,25768.7,18001.6,149.345,31.512,1064.51,1064.51,1064.51,1064.51,1064.51,20433.6,5335.1,149.345,31.512,90.559,98.682,0.855,1.778,2.931,3.738,4.084
2026-09,CGE,CGE DISTRIBUCIÓN,San Javier,STxE-15-A,Aéreo,16937.6,13514.4,144.759,31.512,1064.51,1064.51,1064.51,1064.51,1064.51,12462.2,4475.5,144.759,31.512,31.502,157.744,1064.51,43.475,44.761,46.047,47.333,48.619,49.905,31.512,29880.2,20705.2,157.744,31.512,1064.51,1064.51,1064.51,1064.51,1064.51,22385.7,7494.5,157.744,31.512,97.036,105.74,0.855,1.778,2.931,3.738,4.084
2026-09,CGE,CGE DISTRIBUCIÓN,San José de Maipo,STxD-3-A,Aéreo,16534.0,13190.8,120.324,20.489,1064.51,1064.51,1064.51,1064.51,1064.51,12158.9,4375.0,120.324,20.489,30.716,131.117,1064.51,33.702,35.092,36.482,37.872,39.262,40.652,20.489,25850.6,18029.1,131.117,20.489,1064.51,1064.51,1064.51,1064.51,1064.51,20412.3,5438.3,131.117,20.489,76.502,83.365,0.855,1.778,2.931,3.738,4.084
2026-09,CGE,CGE DISTRIBUCIÓN,San Nicolás,STxE-21-A,Aéreo,17353.2,13813.2,144.759,31.512,1064.51,1064.51,1064.51,1064.51,1064.51,12627.8,4725.4,144.759,31.512,31.502,157.744,1064.51,54.341,54.431,54.52,54.608,54.697,54.786,31.512,36424.4,25008.6,157.744,31.512,1064.51,1064.51,1064.51,1064.51,1064.51,25454.2,10970.1,157.744,31.512,97.036,105.74,0.855,1.778,2.931,3.738,4.084
2026-09,CGE,CGE DISTRIBUCIÓN,San Pedro,STxE-6-A,Aéreo,16632.5,13294.9,132.126,31.512,1064.51,1064.51,1064.51,1064.51,1064.51,12340.5,4292.0,132.126,31.512,31.502,143.977,1064.51,33.702,34.938,36.174,37.409,38.645,39.88,31.512,25768.7,18001.6,143.977,31.512,1064.51,1064.51,1064.51,1064.51,1064.51,20433.6,5335.1,143.977,31.512,86.42,94.172,0.855,1.778,2.931,3.738,4.084
2026-09,CGE,CGE DISTRIBUCIÓN,San Rafael,STxE-1-A,Aéreo,16632.5,13294.9,137.051,31.512,1064.51,1064.51,1064.51,1064.51,1064.51,12340.5,4292.0,137.051,31.512,31.502,149.345,1064.51,33.702,34.938,36.174,37.409,38.645,39.88,31.512,25768.7,18001.6,149.345,31.512,1064.51,1064.51,1064.51,1064.51,1064.51,20433.6,5335.1,149.345,31.512,90.559,98.682,0.855,1.778,2.931,3.738,4.084
2026-09,CGE,CGE DISTRIBUCIÓN,San Vicente,STxE-1-A,Aéreo,16632.5,13294.9,144.759,31.512,1064.51,1064.51,1064.51,1064.51,1064.51,12340.5,4292.0,144.759,31.512,31.502,157.744,1064.51,33.702,34.938,36.174,37.409,38.645,39.88,31.512,25768.7,18001.6,157.744,31.512,1064.51,1064.51,1064.51,1064.51,1064.51,20433.6,5335.1,157.744,31.512,97.036,105.74,0.855,1.778,2.931,3.738,4.084
2026-09,CGE,CGE DISTRIBUCIÓN,Santa Cruz,STxE-6-A,Aéreo,16632.5,13294.9,144.759,31.512,1064.51,1064.51,1064.51,1064.51,1064.51,12340.5,4292.0,144.759,31.512,31.502,157.744,1064.51,33.702,34.938,36.174,37.409,38.645,39.88,31.512,25768.7,18001.6,157.744,31.512,1064.51,1064.51,1064.51,1064.51,1064.51,20433.6,5335.1,157.744,31.512,97.036,105.74,0.855,1.778,2.931,3.738,4.084
2026-09,CGE,CGE DISTRIBUCIÓN,Santo Domingo,STxE-6-A,Aéreo,16632.5,13294.9,144.759,31.512,1064.51,1064.51,1064.51,1064.51,1064.51,12340.5,4292.0,144.759,31.512,31.502,157.744,1064.51,33.702,34.938,36.174,37.409,38.645,39.88,31.512,25768.7,18001.6,157.744,31.512,1064.51,1064.51,1064.51,1064.51,1064.51,20433.6,5335.1,157.744,31.512,97.036,105.74,0.855,1.778,2.931,3.738,4.084
2026-09,CGE,CGE DISTRIBUCIÓN,Talagante,STxD-6-A,Aéreo,16534.0,13190.8,142.349,20.489,1064.51,1064.51,1064.51,1064.51,1064.51,12158.9,4375.0,142.349,20.489,30.716,155.118,1064.51,33.702,35.092,36.482,37.872,39.262,40.652,20.489,25850.6,18029.1,155.118,20.489,1064.51,1064.51,1064.51,1064.51,1064.51,20412.3,5438.3,155.118,20.489,95.011,103.533,0.855,1.778,2.931,3.738,4.084
2026-09,CGE,CGE DISTRIBUCIÓN,Talagante,STxE-6-A,Aéreo,16632.5,13294.9,144.759,31.512,1064.51,1064.51,1064.51,1064.51,1064.51,12340.5,4292.0,144.759,31.512,31.502,157.744,1064.51,33.702,34.938,36.174,37.409,38.645,39.88,31.512,25768.7,18001.6,157.744,31.512,1064.51,1064.51,1064.51,1064.51,1064.51,20433.6,5335.1,157.744,31.512,97.036,105.74,0.855,1.778,2.931,3.738,4.084
2026-09,CGE,CGE DISTRIBUCIÓN,Talca,STxE-7-A,Aéreo,16632.5,13294.9,144.759,31.512,1064.51,1064.51,1064.51,1064.51,1064.51,12340.5,4292.0,144.759,31.512,31.502,157.744,1064.51,33.702,34.938,36.174,37.409,38.645,39.88,31.512,25768.7,18001.6,157.744,31.512,1064.51,1064.51,1064.51,1064.51,1064.51,20433.6,5335.1,157.744,31.512,97.036,105.74,0.855,1.778,2.931,3.738,4.084
2026-09,CGE,CGE DISTRIBUCIÓN,Talca,STxE-7-S1,Subt.1,21628.3,16887.6,144.759,31.512,1064.51,1064.51,1064.51,1064.51,1064.51,14331.8,7296.5,144.759,31.512,31.502,157.744,1064.51,43.289,44.876,46.462,48.05,49.636,51.224,31.512,30420.9,21060.7,157.744,31.512,1064.51,1064.51,1064.51,1064.51,1064.51,23568.3,6852.6,157.744,31.512,97.036,105.74,0.855,1.778,2.931,3.738,4.084
2026-09,CGE,CGE DISTRIBUCIÓN,Talca,STxE-7-S2,Subt.2,16632.5,13294.9,144.759,31.512,1064.51,1064.51,1064.51,1064.51,1064.51,12340.5,4292.0,144.759,31.512,31.502,157.744,1064.51,39.707,41.162,42.617,44.073,45.528,46.985,31.512,28682.3,19917.5,157.744,31.512,1064.51,1064.51,1064.51,1064.51,1064.51,22396.9,6285.5,157.744,31.512,97.036,105.74,0.855,1.778,2.931,3.738,4.084
2026-09,CGE,CGE DISTRIBUCIÓN,Talcahuano,STxE-2-A,Aéreo,16632.5,13294.9,144.759,31.512,1064.51,1064.51,1064.51,1064.51,1064.51,12340.5,4292.0,144.759,31.512,31.502,157.744,1064.51,33.702,34.938,36.174,37.409,38.645,39.88,31.512,25768.7,18001.6,157.744,31.512,1064.51,1064.51,1064.51,1064.51,1064.51,20433.6,5335.1,157.744,31.512,97.036,105.74,0.855,1.778,2.931,3.738,4.084
2026-09,CGE,CGE DISTRIBUCIÓN,Temuco,STxE-9-A,Aéreo,17353.2,13813.2,144.759,31.512,1064.51,1064.51,1064.51,1064.51,1064.51,12627.8,4725.4,144.759,31.512,31.502,157.744,1064.51,54.341,54.431,54.52,54.608,54.697,54.786,31.512,36424.4,25008.6,157.744,31.512,1064.51,1064.51,1064.51,1064.51,1064.51,25454.2,10970.1,157.744,31.512,97.036,105.74,0.855,1.778,2.931,3.738,4.084
2026-09,CGE,CGE DISTRIBUCIÓN,Temuco,STxE-9-S2,Subt.2,17353.2,13813.2,144.759,31.512,1064.51,1064.51,1064.51,1064.51,1064.51,12627.8,4725.4,144.759,31.512,31.502,157.744,1064.51,64.021,64.127,64.231,64.336,64.441,64.547,31.512,41236.2,28172.7,157.744,31.512,1064.51,1064.51,1064.51,1064.51,1064.51,28311.9,12924.4,157.744,31.512,97.036,105.74,0.855,1.778,2.931,3.738,4.084
2026-09,CGE,CGE DISTRIBUCIÓN,Teno,STxE-1-A,Aéreo,16632.5,13294.9,132.126,31.512,1064.51,1064.51,1064.51,1064.51,1064.51,12340.5,4292.0,132.126,31.512,31.502,143.977,1064.51,33.702,34.938,36.174,37.409,38.645,39.88,31.512,25768.7,18001.6,143.977,31.512,1064.51,1064.51,1064.51,1064.51,1064.51,20433.6,5335.1,143.977,31.512,86.42,94.172,0.855,1.778,2.931,3.738,4.084
2026-09,CGE,CGE DISTRIBUCIÓN,Tomé,STxE-2-A,Aéreo,17353.2,13813.2,144.759,31.512,1064.51,1064.51,1064.51,1064.51,1064.51,12627.8,4725.4,144.759,31.512,31.502,157.744,1064.51,54.341,54.431,54.52,54.608,54.697,54.786,31.512,36424.4,25008.6,157.744,31.512,1064.51,1064.51,1064.51,1064.51,1064.51,25454.2,10970.1,157.744,31.512,97.036,105.74,0.855,1.778,2.931,3.738,4.084
2026-09,CGE,CGE DISTRIBUCIÓN,Treguaco,STxE-26-A,Aéreo,17353.2,13813.2,144.759,31.512,1064.51,1064.51,1064.51,1064.51,1064.51,12627.8,4725.4,144.759,31.512,31.502,157.744,1064.51,54.341,54.431,54.52,54.608,54.697,54.786,31.512,36424.4,25008.6,157.744,31.512,1064.51,1064.51,1064.51,1064.51,1064.51,25454.2,10970.1,157.744,31.512,97.036,105.74,0.855,1.778,2.931,3.738,4.084
2026-09,CGE,CGE DISTRIBUCIÓN,Vichuquén,STxE-6-A,Aéreo,16632.5,13294.9,144.759,31.512,1064.51,1064.51,1064.51,1064.51,1064.51,12340.5,4292.0,144.759,31.512,31.502,157.744,1064.51,33.702,34.938,36.174,37.409,38.645,39.88,31.512,25768.7,18001.6,157.744,31.512,1064.51,1064.51,1064.51,1064.51,1064.51,20433.6,5335.1,157.744,31.512,97.036,105.74,0.855,1.778,2.931,3.738,4.084
2026-09,CGE,CGE DISTRIBUCIÓN,Vilcún,STxE-5-A,Aéreo,17353.2,13813.2,144.759,31.512,1064.51,1064.51,1064.51,1064.51,1064.51,12627.8,4725.4,144.759,31.512,31.502,157.744,1064.51,54.341,54.431,54.52,54.608,54.697,54.786,31.512,36424.4,25008.6,157.744,31.512,1064.51,1064.51,1064.51,1064.51,1064.51,25454.2,10970.1,157.744,31.512,97.036,105.74,0.855,1.778,2.931,3.738,4.084
2026-09,CGE,CGE DISTRIBUCIÓN,Villa Alegre,STxE-17-A,Aéreo,16937.6,13514.4,144.759,31.512,1064.51,1064.51,1064.51,1064.51,1064.51,12462.2,4475.5,144.759,31.512,31.502,157.744,1064.51,43.475,44.761,46.047,47.333,48.619,49.905,31.512,29880.2,20705.2,157.744,31.512,1064.51,1064.51,1064.51,1064.51,1064.51,22385.7,7494.5,157.744,31.512,97.036,105.74,0.855,1.778,2.931,3.738,4.084
2026-09,CGE,CGE DISTRIBUCIÓN,Villarrica,STxE-18-A,Aéreo,17353.2,13813.2,144.759,31.512,1064.51,1064.51,1064.51,1064.51,1064.51,12627.8,4725.4,144.759,31.512,31.502,157.744,1064.51,54.341,54.431,54.52,54.608,54.697,54.786,31.512,36424.4,25008.6,157.744,31.512,1064.51,1064.51,1064.51,1064.51,1064.51,25454.2,10970.1,157.744,31.512,97.036,105.74,0.855,1.778,2.931,3.738,4.084
2026-09,CGE,CGE DISTRIBUCIÓN,Yerbas Buenas,STxE-1-A,Aéreo,16937.6,13514.4,137.051,31.512,1064.51,1064.51,1064.51,1064.51,1064.51,12462.2,4475.5,137.051,31.512,31.502,149.345,1064.51,43.475,44.761,46.047,47.333,48.619,49.905,31.512,29880.2,20705.2,149.345,31.512,1064.51,1064.51,1064.51,1064.51,1064.51,22385.7,7494.5,149.345,31.512,90.559,98.682,0.855,1.778,2.931,3.738,4.084
2026-09,CGE,CGE DISTRIBUCIÓN,Ñiquén,STxE-24-A,Aéreo,17353.2,13813.2,144.759,31.512,1064.51,1064.51,1064.51,1064.51,1064.51,12627.8,4725.4,144.759,31.512,31.502,157.744,1064.51,54.341,54.431,54.52,54.608,54.697,54.786,31.512,36424.4,25008.6,157.744,31.512,1064.51,1064.51,1064.51,1064.51,1064.51,25454.2,10970.1,157.744,31.512,97.036,105.74,0.855,1.778,2.931,3.738,4.084
2026-08,CGE,CGE DISTRIBUCIÓN,Alhué,STxE-6-A,Aéreo,16975.9,13622.9,140.572,31.512,1063.59,1063.59,1063.59,1063.59,1063.59,12824.3,4151.7,140.572,31.512,33.414,153.183,1063.59,33.244,34.312,35.381,36.45,37.518,38.587,31.512,25809.7,18092.6,153.183,31.512,1063.59,1063.59,1063.59,1063.59,1063.59,20646.7,5162.9,153.183,31.512,93.877,102.297,0.855,1.778,2.931,3.738,4.084
2026-08,CGE,CGE DISTRIBUCIÓN,Buin,STxE-6-A,Aéreo,16975.9,13622.9,140.572,31.512,1063.59,1063.59,1063.59,1063.59,1063.59,12824.3,4151.7,140.572,31.512,33.414,153.183,1063.59,33.244,34.312,35.381,36.45,37.518,38.587,31.512,25809.7,18092.6,153.183,31.512,1063.59,1063.59,1063.59,1063.59,1063.59,20646.7,5162.9,153.183,31.512,93.877,102.297,0.855,1.778,2.931,3.738,4.084
2026-08,CGE,CGE DISTRIBUCIÓN,Calera de Tango,STxD-3-A,Aéreo,16691.1,13380.0,138.454,20.489,1063.59,1063.59,1063.59,1063.59,1063.59,12548.0,4143.1,138.454,20.489,32.516,150.873,1063.59,33.244,34.297,35.349,36.402,37.454,38.507,20.489,25508.7,17864.6,150.873,20.489,1063.59,1063.59,1063.59,1063.59,1063.59,20356.4,5152.2,150.873,20.489,92.096,100.357,0.855,1.778,2.931,3.738,4.084
2026-08,CGE,CGE DISTRIBUCIÓN,Cartagena,STxE-6-A,Aéreo,17309.6,13862.9,140.572,31.512,1063.59,1063.59,1063.59,1063.59,1063.59,12957.2,4352.4,140.572,31.512,33.414,153.183,1063.59,42.884,44.016,45.149,46.28,47.412,48.545,31.512,29893.8,20778.2,153.183,31.512,1063.59,1063.59,1063.59,1063.59,1063.59,22602.6,7291.1,153.183,31.512,93.877,102.297,0.855,1.778,2.931,3.738,4.084
2026-08,CGE,CGE DISTRIBUCIÓN,Cauquenes,STxE-6-A,Aéreo,17144.7,13744.3,140.572,31.512,1063.59,1063.59,1063.59,1063.59,1063.59,12891.5,4253.2,140.572,31.512,33.414,153.183,1063.59,53.602,53.602,53.602,53.602,53.602,53.602,31.512,34302.7,23677.5,153.183,31.512,1063.59,1063.59,1063.59,1063.59,1063.59,24425.5,9877.2,153.183,31.512,93.877,102.297,0.855,1.778,2.931,3.738,4.084
2026-08,CGE,CGE DISTRIBUCIÓN,Chanco,STxE-6-A,Aéreo,16975.9,13622.9,140.572,31.512,1063.59,1063.59,1063.59,1063.59,1063.59,12824.3,4151.7,140.572,31.512,33.414,153.183,1063.59,33.244,34.312,35.381,36.45,37.518,38.587,31.512,25809.7,18092.6,153.183,31.512,1063.59,1063.59,1063.59,1063.59,1063.59,20646.7,5162.9,153.183,31.512,93.877,102.297,0.855,1.778,2.931,3.738,4.084
2026-08,CGE,CGE DISTRIBUCIÓN,Chiguayante,STxE-2-A,Aéreo,16975.9,13622.9,140.572,31.512,1063.59,1063.59,1063.59,1063.59,1063.59,12824.3,4151.7,140.572,31.512,33.414,153.183,1063.59,33.244,34.312,35.381,36.45,37.518,38.587,31.512,25809.7,18092.6,153.183,31.512,1063.59,1063.59,1063.59,1063.59,1063.59,20646.7,5162.9,153.183,31.512,93.877,102.297,0.855,1.778,2.931,3.738,4.084
2026-08,CGE,CGE DISTRIBUCIÓN,Chillán,STxE-8-A,Aéreo,17144.7,13744.3,140.572,31.512,1063.59,1063.59,1063.59,1063.59,1063.59,12891.5,4253.2,140.572,31.512,33.414,153.183,1063.59,53.602,53.602,53.602,53.602,53.602,53.602,31.512,34302.7,23677.5,153.183,31.512,1063.59,1063.59,1063.59,1063.59,1063.59,24425.5,9877.2,153.183,31.512,93.877,102.297,0.855,1.778,2.931,3.738,4.084
2026-08,CGE,CGE DISTRIBUCIÓN,Chillán,STxE-8-S2,Subt.2,17144.7,13744.3,140.572,31.512,1063.59,1063.59,1063.59,1063.59,1063.59,12891.5,4253.2,140.572,31.512,33.414,153.183,1063.59,63.151,63.151,63.151,63.151,63.151,63.151,31.512,38634.7,26526.2,153.183,31.512,1063.59,1063.59,1063.59,1063.59,1063.59,26997.9,11636.8,153.183,31.512,93.877,102.297,0.855,1.778,2.931,3.738,4.084
2026-08,CGE,CGE DISTRIBUCIÓN,Chillán Viejo,STxE-12-A,Aéreo,17144.7,13744.3,140.572,31.512,1063.59,1063.59,1063.59,1063.59,1063.59,12891.5,4253.2,140.572,31.512,33.414,153.183,1063.59,53.602,53.602,53.602,53.602,53.602,53.602,31.512,34302.7,23677.5,153.183,31.512,1063.59,1063.59,1063.59,1063.59,1063.59,24425.5,9877.2,153.183,31.512,93.877,102.297,0.855,1.778,2.931,3.738,4.084
2026-08,CGE,CGE DISTRIBUCIÓN,Chimbarongo,STxE-1-A,Aéreo,16975.9,13622.9,140.572,31.512,1063.59,1063.59,1063.59,1063.59,1063.59,12824.3,4151.7,140.572,31.512,33.414,153.183,1063.59,33.244,34.312,35.381,36.45,37.518,38.587,31.512,25809.7,18092.6,153.183,31.512,1063.59,1063.59,1063.59,1063.59,1063.59,20646.7,5162.9,153.183,31.512,93.877,102.297,0.855,1.778,2.931,3.738,4.084
2026-08,CGE,CGE DISTRIBUCIÓN,Chépica,STxE-6-A,Aéreo,16975.9,13622.9,140.572,31.512,1063.59,1063.59,1063.59,1063.59,1063.59,12824.3,4151.7,140.572,31.512,33.414,153.183,1063.59,33.244,34.312,35.381,36.45,37.518,38.587,31.512,25809.7,18092.6,153.183,31.512,1063.59,1063.59,1063.59,1063.59,1063.59,20646.7,5162.9,153.183,31.512,93.877,102.297,0.855,1.778,2.931,3.738,4.084
2026-08,CGE,CGE DISTRIBUCIÓN,Cobquecura,STxE-6-A,Aéreo,17144.7,13744.3,140.572,31.512,1063.59,1063.59,1063.59,1063.59,1063.59,12891.5,4253.2,140.572,31.512,33.414,153.183,1063.59,53.602,53.602,53.602,53.602,53.602,53.602,31.512,34302.7,23677.5,153.183,31.512,1063.59,1063.59,1063.59,1063.59,1063.59,24425.5,9877.2,153.183,31.512,93.877,102.297,0.855,1.778,2.931,3.738,4.084
2026-08,CGE,CGE DISTRIBUCIÓN,Codegua,STxE-1-A,Aéreo,16975.9,13622.9,140.572,31.512,1063.59,1063.59,1063.59,1063.59,1063.59,12824.3,4151.7,140.572,31.512,33.414,153.183,1063.59,33.244,34.312,35.381,36.45,37.518,38.587,31.512,25809.7,18092.6,153.183,31.512,1063.59,1063.59,1063.59,1063.59,1063.59,20646.7,5162.9,153.183,31.512,93.877,102.297,0.855,1.778,2.931,3.738,4.084
2026-08,CGE,CGE DISTRIBUCIÓN,Coelemu,STxE-22-A,Aéreo,17144.7,13744.3,140.572,31.512,1063.59,1063.59,1063.59,1063.59,1063.59,12891.5,4253.2,140.572,31.512,33.414,153.183,1063.59,53.602,53.602,53.602,53.602,53.602,53.602,31.512,34302.7,23677.5,153.183,31.512,1063.59,1063.59,1063.59,1063.59,1063.59,24425.5,9877.2,153.183,31.512,93.877,102.297,0.855,1.778,2.931,3.738,4.084
2026-08,CGE,CGE DISTRIBUCIÓN,Coihueco,STxE-21-A,Aéreo,17144.7,13744.3,140.572,31.512,1063.59,1063.59,1063.59,1063.59,1063.59,12891.5,4253.2,140.572,31.512,33.414,153.183,1063.59,53.602,53.602,53.602,53.602,53.602,53.602,31.512,34302.7,23677.5,153.183,31.512,1063.59,1063.59,1063.59,1063.59,1063.59,24425.5,9877.2,153.183,31.512,93.877,102.297,0.855,1.778,2.931,3.738,4.084
2026-08,CGE,CGE DISTRIBUCIÓN,Coinco,STxE-1-A,Aéreo,16975.9,13622.9,140.572,31.512,1063.59,1063.59,1063.59,1063.59,1063.59,12824.3,4151.7,140.572,31.512,33.414,153.183,1063.59,33.244,34.312,35.381,36.45,37.518,38.587,31.512,25809.7,18092.6,153.183,31.512,1063.59,1063.59,1063.59,1063.59,1063.59,20646.7,5162.9,153.183,31.512,93.877,102.297,0.855,1.778,2.931,3.738,4.084
2026-08,CGE,CGE DISTRIBUCIÓN,Colbún,STxE-25-A,Aéreo,17309.6,13862.9,103.017,31.512,1063.59,1063.59,1063.59,1063.59,1063.59,12957.2,4352.4,103.017,31.512,33.414,112.257,1063.59,42.884,44.016,45.149,46.28,47.412,48.545,31.512,29893.8,20778.2,112.257,31.512,1063.59,1063.59,1063.59,1063.59,1063.59,22602.6,7291.1,112.257,31.512,62.317,67.907,0.855,1.778,2.931,3.738,4.084
2026-08,CGE,CGE DISTRIBUCIÓN,Coltauco,STxE-1-A,Aéreo,16975.9,13622.9,140.572,31.512,1063.59,1063.59,1063.59,1063.59,1063.59,12824.3,4151.7,140.572,31.512,33.414,153.183,1063.59,33.244,34.312,35.381,36.45,37.518,38.587,31.512,25809.7,18092.6,153.183,31.512,1063.59,1063.59,1063.59,1063.59,1063.59,20646.7,5162.9,153.183,31.512,93.877,102.297,0.855,1.778,2.931,3.738,4.084
2026-08,CGE,CGE DISTRIBUCIÓN,Concepción,STxE-2-A,Aéreo,16975.9,13622.9,140.572,31.512,1063.59,1063.59,1063.59,1063.59,1063.59,12824.3,4151.7,140.572,31.512,33.414,153.183,1063.59,33.244,34.312,35.381,36.45,37.518,38.587,31.512,25809.7,18092.6,153.183,31.512,1063.59,1063.59,1063.59,1063.59,1063.59,20646.7,5162.9,153.183,31.512,93.877,102.297,0.855,1.778,2.931,3.738,4.084
2026-08,CGE,CGE DISTRIBUCIÓN,Concepción,STxE-2-S1,Subt.1,21808.5,17098.3,140.572,31.512,1063.59,1063.59,1063.59,1063.59,1063.59,14750.4,7058.1,140.572,31.512,33.414,153.183,1063.59,42.7,44.073,45.445,46.817,48.189,49.562,31.512,30311.0,21052.6,153.183,31.512,1063.59,1063.59,1063.59,1063.59,1063.59,23679.6,6631.4,153.183,31.512,93.877,102.297,0.855,1.778,2.931,3.738,4.084
2026-08,CGE,CGE DISTRIBUCIÓN,Concepción,STxE-2-S2,Subt.2,16975.9,13622.9,140.572,31.512,1063.59,1063.59,1063.59,1063.59,1063.59,12824.3,4151.7,140.572,31.512,33.414,153.183,1063.59,39.166,40.425,41.683,42.942,44.201,45.46,31.512,28628.8,19946.4,153.183,31.512,1063.59,1063.59,1063.59,1063.59,1063.59,22546.1,6082.7,153.183,31.512,93.877,102.297,0.855,1.778,2.931,3.738,4.084
2026-08,CGE,CGE DISTRIBUCIÓN,Concepción,STxE-2-S3,Subt.3,21808.5,17098.3,140.572,31.512,1063.59,1063.59,1063.59,1063.59,1063.59,14750.4,7058.1,140.572,31.512,33.414,153.183,1063.59,48.622,49.241,49.861,50.48,51.1,51.719,31.512,33130.1,22906.4,153.183,31.512,1063.59,1063.59,1063.59,1063.59,1063.59,25578.9,7551.1,153.183,31.512,93.877,102.297,0.855,1.778,2.931,3.738,4.084
2026-08,CGE,CGE DISTRIBUCIÓN,Constitución,STxE-6-A,Aéreo,17309.6,13862.9,133.911,31.512,1063.59,1063.59,1063.59,1063.59,1063.59,12957.2,4352.4,133.911,31.512,33.414,145.923,1063.59,42.884,44.016,45.149,46.28,47.412,48.545,31.512,29893.8,20778.2,145.923,31.512,1063.59,1063.59,1063.59,1063.59,1063.59,22602.6,7291.1,145.923,31.512,88.278,96.197,0.855,1.778,2.931,3.738,4.084
2026-08,CGE,CGE DISTRIBUCIÓN,Coronel,STxE-10-A,Aéreo,17144.7,13744.3,68.232,31.512,1063.59,1063.59,1063.59,1063.59,1063.59,12891.5,4253.2,68.232,31.512,33.414,74.352,1063.59,53.602,53.602,53.602,53.602,53.602,53.602,31.512,34302.7,23677.5,74.352,31.512,1063.59,1063.59,1063.59,1063.59,1063.59,24425.5,9877.2,74.352,31.512,33.086,36.054,0.855,1.778,2.931,3.738,4.084
2026-08,CGE,CGE DISTRIBUCIÓN,Coronel,STxE-10-S2,Subt.2,17144.7,13744.3,68.232,31.512,1063.59,1063.59,1063.59,1063.59,1063.59,12891.5,4253.2,68.232,31.512,33.414,74.352,1063.59,63.151,63.151,63.151,63.151,63.151,63.151,31.512,38634.7,26526.2,74.352,31.512,1063.59,1063.59,1063.59,1063.59,1063.59,26997.9,11636.8,74.352,31.512,33.086,36.054,0.855,1.778,2.931,3.738,4.084
2026-08,CGE,CGE DISTRIBUCIÓN,Curacaví,STxD-3-A,Aéreo,17117.7,13686.8,138.454,20.489,1063.59,1063.59,1063.59,1063.59,1063.59,12717.9,4399.7,138.454,20.489,32.516,150.873,1063.59,42.884,44.122,45.359,46.597,47.834,49.072,20.489,29841.7,20714.0,150.873,20.489,1063.59,1063.59,1063.59,1063.59,1063.59,22471.5,7370.4,150.873,20.489,92.096,100.357,0.855,1.778,2.931,3.738,4.084
2026-08,CGE,CGE DISTRIBUCIÓN,Curarrehue,STxE-2-A,Aéreo,16975.9,13622.9,140.572,31.512,1063.59,1063.59,1063.59,1063.59,1063.59,12824.3,4151.7,140.572,31.512,33.414,153.183,1063.59,33.244,34.312,35.381,36.45,37.518,38.587,31.512,25809.7,18092.6,153.183,31.512,1063.59,1063.59,1063.59,1063.59,1063.59,20646.7,5162.9,153.183,31.512,93.877,102.297,0.855,1.778,2.931,3.738,4.084
2026-08,CGE,CGE DISTRIBUCIÓN,Curepto,STxE-6-A,Aéreo,16975.9,13622.9,140.572,31.512,1063.59,1063.59,1063.59,1063.59,1063.59,12824.3,4151.7,140.572,31.512,33.414,153.183,1063.59,33.244,34.312,35.381,36.45,37.518,38.587,31.512,25809.7,18092.6,153.183,31.512,1063.59,1063.59,1063.59,1063.59,1063.59,20646.7,5162.9,153.183,31.512,93.877,102.297,0.855,1.778,2.931,3.738,4.084
2026-08,CGE,CGE DISTRIBUCIÓN,Curicó,STxE-1-A,Aéreo,16975.9,13622.9,140.572,31.512,1063.59,1063.59,1063.59,1063.59,1063.59,12824.3,4151.7,140.572,31.512,33.414,153.183,1063.59,33.244,34.312,35.381,36.45,37.518,38.587,31.512,25809.7,18092.6,153.183,31.512,1063.59,1063.59,1063.59,1063.59,1063.59,20646.7,5162.9,153.183,31.512,93.877,102.297,0.855,1.778,2.931,3.738,4.084
2026-08,CGE,CGE DISTRIBUCIÓN,Doñihue,STxE-1-A,Aéreo,16975.9,13622.9,140.572,31.512,1063.59,1063.59,1063.59,1063.59,1063.59,12824.3,4151.7,140.572,31.512,33.414,153.183,1063.59,33.244,34.312,35.381,36.45,37.518,38.587,31.512,25809.7,18092.6,153.183,31.512,1063.59,1063.59,1063.59,1063.59,1063.59,20646.7,5162.9,153.183,31.512,93.877,102.297,0.855,1.778,2.931,3.738,4.084
2026-08,CGE,CGE DISTRIBUCIÓN,El Bosque,STxD-3-A,Aéreo,16691.1,13380.0,138.454,20.489,1063.59,1063.59,1063.59,1063.59,1063.59,12548.0,4143.1,138.454,20.489,32.516,150.873,1063.59,33.244,34.297,35.349,36.402,37.454,38.507,20.489,25508.7,17864.6,150.873,20.489,1063.59,1063.59,1063.59,1063.59,1063.59,20356.4,5152.2,150.873,20.489,92.096,100.357,0.855,1.778,2.931,3.738,4.084
2026-08,CGE,CGE DISTRIBUCIÓN,El Monte,STxE-6-A,Aéreo,16975.9,13622.9,140.572,31.512,1063.59,1063.59,1063.59,1063.59,1063.59,12824.3,4151.7,140.572,31.512,33.414,153.183,1063.59,33.244,34.312,35.381,36.45,37.518,38.587,31.512,25809.7,18092.6,153.183,31.512,1063.59,1063.59,1063.59,1063.59,1063.59,20646.7,5162.9,153.183,31.512,93.877,102.297,0.855,1.778,2.931,3.738,4.084
2026-08,CGE,CGE DISTRIBUCIÓN,Empedrado,STxE-6-A,Aéreo,16975.9,13622.9,140.572,31.512,1063.59,1063.59,1063.59,1063.59,1063.59,12824.3,4151.7,140.572,31.512,33.414,153.183,1063.59,33.244,34.312,35.381,36.45,37.518,38.587,31.512,25809.7,18092.6,153.183,31.512,1063.59,1063.59,1063.59,1063.59,1063.59,20646.7,5162.9,153.183,31.512,93.877,102.297,0.855,1.778,2.931,3.738,4.084
2026-08,CGE,CGE DISTRIBUCIÓN,Florida,STxE-23-A,Aéreo,16997.0,13638.0,140.572,31.512,1063.59,1063.59,1063.59,1063.59,1063.59,12832.6,4164.4,140.572,31.512,33.414,153.183,1063.59,71.469,71.469,71.469,71.469,71.469,71.469,31.512,41731.8,28562.7,153.183,31.512,1063.59,1063.59,1063.59,1063.59,1063.59,27568.4,14163.4,153.183,31.512,93.877,102.297,0.855,1.778,2.931,3.738,4.084
2026-08,CGE,CGE DISTRIBUCIÓN,Freire,STxE-2-A,Aéreo,17144.7,13744.3,140.572,31.512,1063.59,1063.59,1063.59,1063.59,1063.59,12891.5,4253.2,140.572,31.512,33.414,153.183,1063.59,53.602,53.602,53.602,53.602,53.602,53.602,31.512,34302.7,23677.5,153.183,31.512,1063.59,1063.59,1063.59,1063.59,1063.59,24425.5,9877.2,153.183,31.512,93.877,102.297,0.855,1.778,2.931,3.738,4.084
2026-08,CGE,CGE DISTRIBUCIÓN,Graneros,STxE-1-A,Aéreo,16975.9,13622.9,140.572,31.512,1063.59,1063.59,1063.59,1063.59,1063.59,12824.3,4151.7,140.572,31.512,33.414,153.183,1063.59,33.244,34.312,35.381,36.45,37.518,38.587,31.512,25809.7,18092.6,153.183,31.512,1063.59,1063.59,1063.59,1063.59,1063.59,20646.7,5162.9,153.183,31.512,93.877,102.297,0.855,1.778,2.931,3.738,4.084
2026-08,CGE,CGE DISTRIBUCIÓN,Hualañé,STxE-6-A,Aéreo,16975.9,13622.9,140.572,31.512,1063.59,1063.59,1063.59,1063.59,1063.59,12824.3,4151.7,140.572,31.512,33.414,153.183,1063.59,33.244,34.312,35.381,36.45,37.518,38.587,31.512,25809.7,18092.6,153.183,31.512,1063.59,1063.59,1063.59,1063.59,1063.59,20646.7,5162.9,153.183,31.512,93.877,102.297,0.855,1.778,2.931,3.738,4.084
2026-08,CGE,CGE DISTRIBUCIÓN,Hualpén,STxE-2-A,Aéreo,16975.9,13622.9,95.857,31.512,1063.59,1063.59,1063.59,1063.59,1063.59,12824.3,4151.7,95.857,31.512,33.414,104.456,1063.59,33.244,34.312,35.381,36.45,37.518,38.587,31.512,25809.7,18092.6,104.456,31.512,1063.59,1063.59,1063.59,1063.59,1063.59,20646.7,5162.9,104.456,31.512,56.3,61.351,0.855,1.778,2.931,3.738,4.084
2026-08,CGE,CGE DISTRIBUCIÓN,Hualqui,STxE-16-A,Aéreo,16997.0,13638.0,140.572,31.512,1063.59,1063.59,1063.59,1063.59,1063.59,12832.6,4164.4,140.572,31.512,33.414,153.183,1063.59,71.469,71.469,71.469,71.469,71.469,71.469,31.512,41731.8,28562.7,153.183,31.512,1063.59,1063.59,1063.59,1063.59,1063.59,27568.4,14163.4,153.183,31.512,93.877,102.297,0.855,1.778,2.931,3.738,4.084
2026-08,CGE,CGE DISTRIBUCIÓN,Isla de Maipo,STxE-1-A,Aéreo,16975.9,13622.9,140.572,31.512,1063.59,1063.59,1063.59,1063.59,1063.59,12824.3,4151.7,140.572,31.512,33.414,153.183,1063.59,33.244,34.312,35.381,36.45,37.518,38.587,31.512,25809.7,18092.6,153.183,31.512,1063.59,1063.59,1063.59,1063.59,1063.59,20646.7,5162.9,153.183,31.512,93.877,102.297,0.855,1.778,2.931,3.738,4.084
2026-08,CGE,CGE DISTRIBUCIÓN,La Estrella,STxE-6-A,Aéreo,16975.9,13622.9,119.496,31.512,1063.59,1063.59,1063.59,1063.59,1063.59,12824.3,4151.7,119.496,31.512,33.414,130.215,1063.59,33.244,34.312,35.381,36.45,37.518,38.587,31.512,25809.7,18092.6,130.215,31.512,1063.59,1063.59,1063.59,1063.59,1063.59,20646.7,5162.9,130.215,31.512,76.165,82.997,0.855,1.778,2.931,3.738,4.084
2026-08,CGE,CGE DISTRIBUCIÓN,La Pintana,STxD-3-A,Aéreo,16691.1,13380.0,138.454,20.489,1063.59,1063.59,1063.59,1063.59,1063.59,12548.0,4143.1,138.454,20.489,32.516,150.873,1063.59,33.244,34.297,35.349,36.402,37.454,38.507,20.489,25508.7,17864.6,150.873,20.489,1063.59,1063.59,1063.59,1063.59,1063.59,20356.4,5152.2,150.873,20.489,92.096,100.357,0.855,1.778,2.931,3.738,4.084
2026-08,CGE,CGE DISTRIBUCIÓN,Las Cabras,STxE-1-A,Aéreo,16975.9,13622.9,129.111,31.512,1063.59,1063.59,1063.59,1063.59,1063.59,12824.3,4151.7,129.111,31.512,33.414,140.693,1063.59,33.244,34.312,35.381,36.45,37.518,38.587,31.512,25809.7,18092.6,140.693,31.512,1063.59,1063.59,1063.59,1063.59,1063.59,20646.7,5162.9,140.693,31.512,84.244,91.8,0.855,1.778,2.931,3.738,4.084
2026-08,CGE,CGE DISTRIBUCIÓN,Lautaro,STxE-20-A,Aéreo,17144.7,13744.3,133.911,31.512,1063.59,1063.59,1063.59,1063.59,1063.59,12891.5,4253.2,133.911,31.512,33.414,145.923,1063.59,53.602,53.602,53.602,53.602,53.602,53.602,31.512,34302.7,23677.5,145.923,31.512,1063.59,1063.59,1063.59,1063.59,1063.59,24425.5,9877.2,145.923,31.512,88.278,96.197,0.855,1.778,2.931,3.738,4.084
2026-08,CGE,CGE DISTRIBUCIÓN,Licantén,STxE-6-A,Aéreo,16975.9,13622.9,140.572,31.512,1063.59,1063.59,1063.59,1063.59,1063.59,12824.3,4151.7,140.572,31.512,33.414,153.183,1063.59,33.244,34.312,35.381,36.45,37.518,38.587,31.512,25809.7,18092.6,153.183,31.512,1063.59,1063.59,1063.59,1063.59,1063.59,20646.7,5162.9,153.183,31.512,93.877,102.297,0.855,1.778,2.931,3.738,4.084
2026-08,CGE,CGE DISTRIBUCIÓN,Linares,STxE-13-A,Aéreo,17309.6,13862.9,140.572,31.512,1063.59,1063.59,1063.59,1063.59,1063.59,12957.2,4352.4,140.572,31.512,33.414,153.183,1063.59,42.884,44.016,45.149,46.28,47.412,48.545,31.512,29893.8,20778.2,153.183,31.512,1063.59,1063.59,1063.59,1063.59,1063.59,22602.6,7291.1,153.183,31.512,93.877,102.297,0.855,1.778,2.931,3.738,4.084
2026-08,CGE,CGE DISTRIBUCIÓN,Litueche,STxE-6-A,Aéreo,16975.9,13622.9,119.496,31.512,1063.59,1063.59,1063.59,1063.59,1063.59,12824.3,4151.7,119.496,31.512,33.414,130.215,1063.59,33.244,34.312,35.381,36.45,37.518,38.587,31.512,25809.7,18092.6,130.215,31.512,1063.59,1063.59,1063.59,1063.59,1063.59,20646.7,5162.9,130.215,31.512,76.165,82.997,0.855,1.778,2.931,3.738,4.084
2026-08,CGE,CGE DISTRIBUCIÓN,Lolol,STxE-6-A,Aéreo,16975.9,13622.9,140.572,31.512,1063.59,1063.59,1063.59,1063.59,1063.59,12824.3,4151.7,140.572,31.512,33.414,153.183,1063.59,33.244,34.312,35.381,36.45,37.518,38.587,31.512,25809.7,18092.6,153.183,31.512,1063.59,1063.59,1063.59,1063.59,1063.59,20646.7,5162.9,153.183,31.512,93.877,102.297,0.855,1.778,2.931,3.738,4.084
2026-08,CGE,CGE DISTRIBUCIÓN,Loncoche,STxE-18-A,Aéreo,17144.7,13744.3,140.572,31.512,1063.59,1063.59,1063.59,1063.59,1063.59,12891.5,4253.2,140.572,31.512,33.414,153.183,1063.59,53.602,53.602,53.602,53.602,53.602,53.602,31.512,34302.7,23677.5,153.183,31.512,1063.59,1063.59,1063.59,1063.59,1063.59,24425.5,9877.2,153.183,31.512,93.877,102.297,0.855,1.778,2.931,3.738,4.084
2026-08,CGE,CGE DISTRIBUCIÓN,Longaví,STxE-1-A,Aéreo,17309.6,13862.9,140.572,31.512,1063.59,1063.59,1063.59,1063.59,1063.59,12957.2,4352.4,140.572,31.512,33.414,153.183,1063.59,42.884,44.016,45.149,46.28,47.412,48.545,31.512,29893.8,20778.2,153.183,31.512,1063.59,1063.59,1063.59,1063.59,1063.59,22602.6,7291.1,153.183,31.512,93.877,102.297,0.855,1.778,2.931,3.738,4.084
2026-08,CGE,CGE DISTRIBUCIÓN,Los Ángeles,STxE-11-A,Aéreo,16997.0,13638.0,140.572,31.512,1063.59,1063.59,1063.59,1063.59,1063.59,12832.6,4164.4,140.572,31.512,33.414,153.183,1063.59,71.469,71.469,71.469,71.469,71.469,71.469,31.512,41731.8,28562.7,153.183,31.512,1063.59,1063.59,1063.59,1063.59,1063.59,27568.4,14163.4,153.183,31.512,93.877,102.297,0.855,1.778,2.931,3.738,4.084
2026-08,CGE,CGE DISTRIBUCIÓN,Machalí,STxE-1-A,Aéreo,16975.9,13622.9,133.911,31.512,1063.59,1063.59,1063.59,1063.59,1063.59,12824.3,4151.7,133.911,31.512,33.414,145.923,1063.59,33.244,34.312,35.381,36.45,37.518,38.587,31.512,25809.7,18092.6,145.923,31.512,1063.59,1063.59,1063.59,1063.59,1063.59,20646.7,5162.9,145.923,31.512,88.278,96.197,0.855,1.778,2.931,3.738,4.084
2026-08,CGE,CGE DISTRIBUCIÓN,Malloa,STxE-1-A,Aéreo,16975.9,13622.9,140.572,31.512,1063.59,1063.59,1063.59,1063.59,1063.59,12824.3,4151.7,140.572,31.512,33.414,153.183,1063.59,33.244,34.312,35.381,36.45,37.518,38.587,31.512,25809.7,18092.6,153.183,31.512,1063.59,1063.59,1063.59,1063.59,1063.59,20646.7,5162.9,153.183,31.512,93.877,102.297,0.855,1.778,2.931,3.738,4.084
2026-08,CGE,CGE DISTRIBUCIÓN,Marchihue,STxE-6-A,Aéreo,16975.9,13622.9,133.911,31.512,1063.59,1063.59,1063.59,1063.59,1063.59,12824.3,4151.7,133.911,31.512,33.414,145.923,1063.59,33.244,34.312,35.381,36.45,37.518,38.587,31.512,25809.7,18092.6,145.923,31.512,1063.59,1063.59,1063.59,1063.59,1063.59,20646.7,5162.9,145.923,31.512,88.278,96.197,0.855,1.778,2.931,3.738,4.084
2026-08,CGE,CGE DISTRIBUCIÓN,María Pinto,STxD-6-A,Aéreo,16691.1,13380.0,138.454,20.489,1063.59,1063.59,1063.59,1063.59,1063.59,12548.0,4143.1,138.454,20.489,32.516,150.873,1063.59,33.244,34.297,35.349,36.402,37.454,38.507,20.489,25508.7,17864.6,150.873,20.489,1063.59,1063.59,1063.59,1063.59,1063.59,20356.4,5152.2,150.873,20.489,92.096,100.357,0.855,1.778,2.931,3.738,4.084
2026-08,CGE,CGE DISTRIBUCIÓN,María Pinto,STxE-6-A,Aéreo,16975.9,13622.9,140.572,31.512,1063.59,1063.59,1063.59,1063.59,1063.59,12824.3,4151.7,140.572,31.512,33.414,153.183,1063.59,33.244,34.312,35.381,36.45,37.518,38.587,31.512,25809.7,18092.6,153.183,31.512,1063.59,1063.59,1063.59,1063.59,1063.59,20646.7,5162.9,153.183,31.512,93.877,102.297,0.855,1.778,2.931,3.738,4.084
2026-08,CGE,CGE DISTRIBUCIÓN,Maule,STxE-14-A,Aéreo,16975.9,13622.9,140.572,31.512,1063.59,1063.59,1063.59,1063.59,1063.59,12824.3,4151.7,140.572,31.512,33.414,153.183,1063.59,33.244,34.312,35.381,36.45,37.518,38.587,31.512,25809.7,18092.6,153.183,31.512,1063.59,1063.59,1063.59,1063.59,1063.59,20646.7,5162.9,153.183,31.512,93.877,102.297,0.855,1.778,2.931,3.738,4.084
2026-08,CGE,CGE DISTRIBUCIÓN,Melipilla,STxE-6-A,Aéreo,16975.9,13622.9,140.572,31.512,1063.59,1063.59,1063.59,1063.59,1063.59,12824.3,4151.7,140.572,31.512,33.414,153.183,1063.59,33.244,34.312,35.381,36.45,37.518,38.587,31.512,25809.7,18092.6,153.183,31.512,1063.59,1063.59,1063.59,1063.59,1063.59,20646.7,5162.9,153.183,31.512,93.877,102.297,0.855,1.778,2.931,3.738,4.084
2026-08,CGE,CGE DISTRIBUCIÓN,Molina,STxE-6-A,Aéreo,16975.9,13622.9,140.572,31.512,1063.59,1063.59,1063.59,1063.59,1063.59,12824.3,4151.7,140.572,31.512,33.414,153.183,1063.59,33.244,34.312,35.381,36.45,37.518,38.587,31.512,25809.7,18092.6,153.183,31.512,1063.59,1063.59,1063.59,1063.59,1063.59,20646.7,5162.9,153.183,31.512,93.877,102.297,0.855,1.778,2.931,3.738,4.084
2026-08,CGE,CGE DISTRIBUCIÓN,Mostazal,STxE-1-A,Aéreo,16975.9,13622.9,129.111,31.512,1063.59,1063.59,1063.59,1063.59,1063.59,12824.3,4151.7,129.111,31.512,33.414,140.693,1063.59,33.244,34.312,35.381,36.45,37.518,38.587,31.512,25809.7,18092.6,140.693,31.512,1063.59,1063.59,1063.59,1063.59,1063.59,20646.7,5162.9,140.693,31.512,84.244,91.8,0.855,1.778,2.931,3.738,4.084
2026-08,CGE,CGE DISTRIBUCIÓN,Mulchén,STxE-2-A,Aéreo,17144.7,13744.3,140.572,31.512,1063.59,1063.59,1063.59,1063.59,1063.59,12891.5,4253.2,140.572,31.512,33.414,153.183,1063.59,53.602,53.602,53.602,53.602,53.602,53.602,31.512,34302.7,23677.5,153.183,31.512,1063.59,1063.59,1063.59,1063.59,1063.59,24425.5,9877.2,153.183,31.512,93.877,102.297,0.855,1.778,2.931,3.738,4.084
2026-08,CGE,CGE DISTRIBUCIÓN,Nancagua,STxE-6-A,Aéreo,16975.9,13622.9,140.572,31.512,1063.59,1063.59,1063.59,1063.59,1063.59,12824.3,4151.7,140.572,31.512,33.414,153.183,1063.59,33.244,34.312,35.381,36.45,37.518,38.587,31.512,25809.7,18092.6,153.183,31.512,1063.59,1063.59,1063.59,1063.59,1063.59,20646.7,5162.9,153.183,31.512,93.877,102.297,0.855,1.778,2.931,3.738,4.084
2026-08,CGE,CGE DISTRIBUCIÓN,Navidad,STxE-6-A,Aéreo,16975.9,13622.9,140.572,31.512,1063.59,1063.59,1063.59,1063.59,1063.59,12824.3,4151.7,140.572,31.512,33.414,153.183,1063.59,33.244,34.312,35.381,36.45,37.518,38.587,31.512,25809.7,18092.6,153.183,31.512,1063.59,1063.59,1063.59,1063.59,1063.59,20646.7,5162.9,153.183,31.512,93.877,102.297,0.855,1.778,2.931,3.738,4.084
2026-08,CGE,CGE DISTRIBUCIÓN,Ninhue,STxE-27-A,Aéreo,17144.7,13744.3,140.572,31.512,1063.59,1063.59,1063.59,1063.59,1063.59,12891.5,4253.2,140.572,31.512,33.414,153.183,1063.59,53.602,53.602,53.602,53.602,53.602,53.602,31.512,34302.7,23677.5,153.183,31.512,1063.59,1063.59,1063.59,1063.59,1063.59,24425.5,9877.2,153.183,31.512,93.877,102.297,0.855,1.778,2.931,3.738,4.084
2026-08,CGE,CGE DISTRIBUCIÓN,Olivar,STxE-1-A,Aéreo,16975.9,13622.9,140.572,31.512,1063.59,1063.59,1063.59,1063.59,1063.59,12824.3,4151.7,140.572,31.512,33.414,153.183,1063.59,33.244,34.312,35.381,36.45,37.518,38.587,31.512,25809.7,18092.6,153.183,31.512,1063.59,1063.59,1063.59,1063.59,1063.59,20646.7,5162.9,153.183,31.512,93.877,102.297,0.855,1.778,2.931,3.738,4.084
2026-08,CGE,CGE DISTRIBUCIÓN,Padre Hurtado,STxD-3-A,Aéreo,16691.1,13380.0,138.454,20.489,1063.59,1063.59,1063.59,1063.59,1063.59,12548.0,4143.1,138.454,20.489,32.516,150.873,1063.59,33.244,34.297,35.349,36.402,37.454,38.507,20.489,25508.7,17864.6,150.873,20.489,1063.59,1063.59,1063.59,1063.59,1063.59,20356.4,5152.2,150.873,20.489,92.096,100.357,0.855,1.778,2.931,3.738,4.084
2026-08,CGE,CGE DISTRIBUCIÓN,Padre las Casas,STxE-20-A,Aéreo,17144.7,13744.3,140.572,31.512,1063.59,1063.59,1063.59,1063.59,1063.59,12891.5,4253.2,140.572,31.512,33.414,153.183,1063.59,53.602,53.602,53.602,53.602,53.602,53.602,31.512,34302.7,23677.5,153.183,31.512,1063.59,1063.59,1063.59,1063.59,1063.59,24425.5,9877.2,153.183,31.512,93.877,102.297,0.855,1.778,2.931,3.738,4.084
2026-08,CGE,CGE DISTRIBUCIÓN,Paine,STxE-1-A,Aéreo,16975.9,13622.9,140.572,31.512,1063.59,1063.59,1063.59,1063.59,1063.59,12824.3,4151.7,140.572,31.512,33.414,153.183,1063.59,33.244,34.312,35.381,36.45,37.518,38.587,31.512,25809.7,18092.6,153.183,31.512,1063.59,1063.59,1063.59,1063.59,1063.59,20646.7,5162.9,153.183,31.512,93.877,102.297,0.855,1.778,2.931,3.738,4.084
2026-08,CGE,CGE DISTRIBUCIÓN,Palmilla,STxE-6-A,Aéreo,16975.9,13622.9,140.572,31.512,1063.59,1063.59,1063.59,1063.59,1063.59,12824.3,4151.7,140.572,31.512,33.414,153.183,1063.59,33.244,34.312,35.381,36.45,37.518,38.587,31.512,25809.7,18092.6,153.183,31.512,1063.59,1063.59,1063.59,1063.59,1063.59,20646.7,5162.9,153.183,31.512,93.877,102.297,0.855,1.778,2.931,3.738,4.084
2026-08,CGE,CGE DISTRIBUCIÓN,Paredones,STxE-6-A,Aéreo,16975.9,13622.9,140.572,31.512,1063.59,1063.59,1063.59,1063.59,1063.59,12824.3,4151.7,140.572,31.512,33.414,153.183,1063.59,33.244,34.312,35.381,36.45,37.518,38.587,31.512,25809.7,18092.6,153.183,31.512,1063.59,1063.59,1063.59,1063.59,1063.59,20646.7,5162.9,153.183,31.512,93.877,102.297,0.855,1.778,2.931,3.738,4.084
2026-08,CGE,CGE DISTRIBUCIÓN,Parral,STxE-25-A,Aéreo,17144.7,13744.3,140.572,31.512,1063.59,1063.59,1063.59,1063.59,1063.59,12891.5,4253.2,140.572,31.512,33.414,153.183,1063.59,53.602,53.602,53.602,53.602,53.602,53.602,31.512,34302.7,23677.5,153.183,31.512,1063.59,1063.59,1063.59,1063.59,1063.59,24425.5,9877.2,153.183,31.512,93.877,102.297,0.855,1.778,2.931,3.738,4.084
2026-08,CGE,CGE DISTRIBUCIÓN,Pelarco,STxE-4-A,Aéreo,16975.9,13622.9,140.572,31.512,1063.59,1063.59,1063.59,1063.59,1063.59,12824.3,4151.7,140.572,31.512,33.414,153.183,1063.59,33.244,34.312,35.381,36.45,37.518,38.587,31.512,25809.7,18092.6,153.183,31.512,1063.59,1063.59,1063.59,1063.59,1063.59,20646.7,5162.9,153.183,31.512,93.877,102.297,0.855,1.778,2.931,3.738,4.084
2026-08,CGE,CGE DISTRIBUCIÓN,Pelluhue,STxE-6-A,Aéreo,16975.9,13622.9,140.572,31.512,1063.59,1063.59,1063.59,1063.59,1063.59,12824.3,4151.7,140.572,31.512,33.414,153.183,1063.59,33.244,34.312,35.381,36.45,37.518,38.587,31.512,25809.7,18092.6,153.183,31.512,1063.59,1063.59,1063.59,1063.59,1063.59,20646.7,5162.9,153.183,31.512,93.877,102.297,0.855,1.778,2.931,3.738,4.084
2026-08,CGE,CGE DISTRIBUCIÓN,Pencahue,STxE-14-A,Aéreo,16975.9,13622.9,140.572,31.512,1063.59,1063.59,1063.59,1063.59,1063.59,12824.3,4151.7,140.572,31.512,33.414,153.183,1063.59,33.244,34.312,35.381,36.45,37.518,38.587,31.512,25809.7,18092.6,153.183,31.512,1063.59,1063.59,1063.59,1063.59,1063.59,20646.7,5162.9,153.183,31.512,93.877,102.297,0.855,1.778,2.931,3.738,4.084
2026-08,CGE,CGE DISTRIBUCIÓN,Penco,STxE-2-A,Aéreo,16975.9,13622.9,140.572,31.512,1063.59,1063.59,1063.59,1063.59,1063.59,12824.3,4151.7,140.572,31.512,33.414,153.183,1063.59,33.244,34.312,35.381,36.45,37.518,38.587,31.512,25809.7,18092.6,153.183,31.512,1063.59,1063.59,1063.59,1063.59,1063.59,20646.7,5162.9,153.183,31.512,93.877,102.297,0.855,1.778,2.931,3.738,4.084
2026-08,CGE,CGE DISTRIBUCIÓN,Peralillo,STxE-6-A,Aéreo,16975.9,13622.9,140.572,31.512,1063.59,1063.59,1063.59,1063.59,1063.59,12824.3,4151.7,140.572,31.512,33.414,153.183,1063.59,33.244,34.312,35.381,36.45,37.518,38.587,31.512,25809.7,18092.6,153.183,31.512,1063.59,1063.59,1063.59,1063.59,1063.59,20646.7,5162.9,153.183,31.512,93.877,102.297,0.855,1.778,2.931,3.738,4.084
2026-08,CGE,CGE DISTRIBUCIÓN,Peumo,STxE-1-A,Aéreo,16975.9,13622.9,140.572,31.512,1063.59,1063.59,1063.59,1063.59,1063.59,12824.3,4151.7,140.572,31.512,33.414,153.183,1063.59,33.244,34.312,35.381,36.45,37.518,38.587,31.512,25809.7,18092.6,153.183,31.512,1063.59,1063.59,1063.59,1063.59,1063.59,20646.7,5162.9,153.183,31.512,93.877,102.297,0.855,1.778,2.931,3.738,4.084
2026-08,CGE,CGE DISTRIBUCIÓN,Peñaflor,STxD-3-A,Aéreo,16691.1,13380.0,138.454,20.489,1063.59,1063.59,1063.59,1063.59,1063.59,12548.0,4143.1,138.454,20.489,32.516,150.873,1063.59,33.244,34.297,35.349,36.402,37.454,38.507,20.489,25508.7,17864.6,150.873,20.489,1063.59,1063.59,1063.59,1063.59,1063.59,20356.4,5152.2,150.873,20.489,92.096,100.357,0.855,1.778,2.931,3.738,4.084
2026-08,CGE,CGE DISTRIBUCIÓN,Peñaflor,STxE-3-A,Aéreo,16806.5,13501.0,140.572,31.512,1063.59,1063.59,1063.59,1063.59,1063.59,12756.7,4049.8,140.572,31.512,33.414,153.183,1063.59,33.244,34.123,35.003,35.881,36.76,37.639,31.512,25421.0,17837.1,153.183,31.512,1063.59,1063.59,1063.59,1063.59,1063.59,20384.9,5036.2,153.183,31.512,93.877,102.297,0.855,1.778,2.931,3.738,4.084
2026-08,CGE,CGE DISTRIBUCIÓN,Pichidegua,STxE-1-A,Aéreo,16975.9,13622.9,129.111,31.512,1063.59,1063.59,1063.59,1063.59,1063.59,12824.3,4151.7,129.111,31.512,33.414,140.693,1063.59,33.244,34.312,35.381,36.45,37.518,38.587,31.512,25809.7,18092.6,140.693,31.512,1063.59,1063.59,1063.59,1063.59,1063.59,20646.7,5162.9,140.693,31.512,84.244,91.8,0.855,1.778,2.931,3.738,4.084
2026-08,CGE,CGE DISTRIBUCIÓN,Pichilemu,STxE-6-A,Aéreo,16975.9,13622.9,140.572,31.512,1063.59,1063.59,1063.59,1063.59,1063.59,12824.3,4151.7,140.572,31.512,33.414,153.183,1063.59,33.244,34.312,35.381,36.45,37.518,38.587,31.512,25809.7,18092.6,153.183,31.512,1063.59,1063.59,1063.59,1063.59,1063.59,20646.7,5162.9,153.183,31.512,93.877,102.297,0.855,1.778,2.931,3.738,4.084
2026-08,CGE,CGE DISTRIBUCIÓN,Pinto,STxE-26-A,Aéreo,17144.7,13744.3,140.572,31.512,1063.59,1063.59,1063.59,1063.59,1063.59,12891.5,4253.2,140.572,31.512,33.414,153.183,1063.59,53.602,53.602,53.602,53.602,53.602,53.602,31.512,34302.7,23677.5,153.183,31.512,1063.59,1063.59,1063.59,1063.59,1063.59,24425.5,9877.2,153.183,31.512,93.877,102.297,0.855,1.778,2.931,3.738,4.084
2026-08,CGE,CGE DISTRIBUCIÓN,Pirque,STxD-1-A,Aéreo,16691.1,13380.0,131.92,20.489,1063.59,1063.59,1063.59,1063.59,1063.59,12548.0,4143.1,131.92,20.489,32.516,143.753,1063.59,33.244,34.297,35.349,36.402,37.454,38.507,20.489,25508.7,17864.6,143.753,20.489,1063.59,1063.59,1063.59,1063.59,1063.59,20356.4,5152.2,143.753,20.489,86.606,94.374,0.855,1.778,2.931,3.738,4.084
2026-08,CGE,CGE DISTRIBUCIÓN,Pitrufquén,STxE-20-A,Aéreo,17144.7,13744.3,140.572,31.512,1063.59,1063.59,1063.59,1063.59,1063.59,12891.5,4253.2,140.572,31.512,33.414,153.183,1063.59,53.602,53.602,53.602,53.602,53.602,53.602,31.512,34302.7,23677.5,153.183,31.512,1063.59,1063.59,1063.59,1063.59,1063.59,24425.5,9877.2,153.183,31.512,93.877,102.297,0.855,1.778,2.931,3.738,4.084
2026-08,CGE,CGE DISTRIBUCIÓN,Placilla,STxE-6-A,Aéreo,16975.9,13622.9,140.572,31.512,1063.59,1063.59,1063.59,1063.59,1063.59,12824.3,4151.7,140.572,31.512,33.414,153.183,1063.59,33.244,34.312,35.381,36.45,37.518,38.587,31.512,25809.7,18092.6,153.183,31.512,1063.59,1063.59,1063.59,1063.59,1063.59,20646.7,5162.9,153.183,31.512,93.877,102.297,0.855,1.778,2.931,3.738,4.084
2026-08,CGE,CGE DISTRIBUCIÓN,Portezuelo,STxE-26-A,Aéreo,17144.7,13744.3,140.572,31.512,1063.59,1063.59,1063.59,1063.59,1063.59,12891.5,4253.2,140.572,31.512,33.414,153.183,1063.59,53.602,53.602,53.602,53.602,53.602,53.602,31.512,34302.7,23677.5,153.183,31.512,1063.59,1063.59,1063.59,1063.59,1063.59,24425.5,9877.2,153.183,31.512,93.877,102.297,0.855,1.778,2.931,3.738,4.084
2026-08,CGE,CGE DISTRIBUCIÓN,Pucón,STxE-2-A,Aéreo,16975.9,13622.9,140.572,31.512,1063.59,1063.59,1063.59,1063.59,1063.59,12824.3,4151.7,140.572,31.512,33.414,153.183,1063.59,33.244,34.312,35.381,36.45,37.518,38.587,31.512,25809.7,18092.6,153.183,31.512,1063.59,1063.59,1063.59,1063.59,1063.59,20646.7,5162.9,153.183,31.512,93.877,102.297,0.855,1.778,2.931,3.738,4.084
2026-08,CGE,CGE DISTRIBUCIÓN,Puente Alto,STxD-3-A,Aéreo,17349.0,13853.1,138.454,20.489,1063.59,1063.59,1063.59,1063.59,1063.59,12810.1,4538.9,138.454,20.489,32.516,150.873,1063.59,28.59,29.621,30.653,31.685,32.718,33.75,20.489,23557.6,16581.7,150.873,20.489,1063.59,1063.59,1063.59,1063.59,1063.59,19871.3,3686.3,150.873,20.489,92.096,100.357,0.855,1.778,2.931,3.738,4.084
2026-08,CGE,CGE DISTRIBUCIÓN,Pumanque,STxE-6-A,Aéreo,16975.9,13622.9,140.572,31.512,1063.59,1063.59,1063.59,1063.59,1063.59,12824.3,4151.7,140.572,31.512,33.414,153.183,1063.59,33.244,34.312,35.381,36.45,37.518,38.587,31.512,25809.7,18092.6,153.183,31.512,1063.59,1063.59,1063.59,1063.59,1063.59,20646.7,5162.9,153.183,31.512,93.877,102.297,0.855,1.778,2.931,3.738,4.084
2026-08,CGE,CGE DISTRIBUCIÓN,Quinta de Tilcoco,STxE-1-A,Aéreo,16975.9,13622.9,140.572,31.512,1063.59,1063.59,1063.59,1063.59,1063.59,12824.3,4151.7,140.572,31.512,33.414,153.183,1063.59,33.244,34.312,35.381,36.45,37.518,38.587,31.512,25809.7,18092.6,153.183,31.512,1063.59,1063.59,1063.59,1063.59,1063.59,20646.7,5162.9,153.183,31.512,93.877,102.297,0.855,1.778,2.931,3.738,4.084
2026-08,CGE,CGE DISTRIBUCIÓN,Quirihue,STxE-6-A,Aéreo,17144.7,13744.3,140.572,31.512,1063.59,1063.59,1063.59,1063.59,1063.59,12891.5,4253.2,140.572,31.512,33.414,153.183,1063.59,53.602,53.602,53.602,53.602,53.602,53.602,31.512,34302.7,23677.5,153.183,31.512,1063.59,1063.59,1063.59,1063.59,1063.59,24425.5,9877.2,153.183,31.512,93.877,102.297,0.855,1.778,2.931,3.738,4.084
2026-08,CGE,CGE DISTRIBUCIÓN,Rancagua,STxE-1-A,Aéreo,16975.9,13622.9,140.572,31.512,1063.59,1063.59,1063.59,1063.59,1063.59,12824.3,4151.7,140.572,31.512,33.414,153.183,1063.59,33.244,34.312,35.381,36.45,37.518,38.587,31.512,25809.7,18092.6,153.183,31.512,1063.59,1063.59,1063.59,1063.59,1063.59,20646.7,5162.9,153.183,31.512,93.877,102.297,0.855,1.778,2.931,3.738,4.084
2026-08,CGE,CGE DISTRIBUCIÓN,Rancagua,STxE-1-S1,Subt.1,21808.5,17098.3,140.572,31.512,1063.59,1063.59,1063.59,1063.59,1063.59,14750.4,7058.1,140.572,31.512,33.414,153.183,1063.59,42.7,44.073,45.445,46.817,48.189,49.562,31.512,30311.0,21052.6,153.183,31.512,1063.59,1063.59,1063.59,1063.59,1063.59,23679.6,6631.4,153.183,31.512,93.877,102.297,0.855,1.778,2.931,3.738,4.084
2026-08,CGE,CGE DISTRIBUCIÓN,Rancagua,STxE-1-S2,Subt.2,16975.9,13622.9,140.572,31.512,1063.59,1063.59,1063.59,1063.59,1063.59,12824.3,4151.7,140.572,31.512,33.414,153.183,1063.59,39.166,40.425,41.683,42.942,44.201,45.46,31.512,28628.8,19946.4,153.183,31.512,1063.59,1063.59,1063.59,1063.59,1063.59,22546.1,6082.7,153.183,31.512,93.877,102.297,0.855,1.778,2.931,3.738,4.084
2026-08,CGE,CGE DISTRIBUCIÓN,Rancagua,STxE-1-S3,Subt.3,21808.5,17098.3,140.572,31.512,1063.59,1063.59,1063.59,1063.59,1063.59,14750.4,7058.1,140.572,31.512,33.414,153.183,1063.59,48.622,49.241,49.861,50.48,51.1,51.719,31.512,33130.1,22906.4,153.183,31.512,1063.59,1063.59,1063.59,1063.59,1063.59,25578.9,7551.1,153.183,31.512,93.877,102.297,0.855,1.778,2.931,3.738,4.084
2026-08,CGE,CGE DISTRIBUCIÓN,Rauco,STxE-1-A,Aéreo,16975.9,13622.9,140.572,31.512,1063.59,1063.59,1063.59,1063.59,1063.59,12824.3,4151.7,140.572,31.512,33.414,153.183,1063.59,33.244,34.312,35.381,36.45,37.518,38.587,31.512,25809.7,18092.6,153.183,31.512,1063.59,1063.59,1063.59,1063.59,1063.59,20646.7,5162.9,153.183,31.512,93.877,102.297,0.855,1.778,2.931,3.738,4.084
2026-08,CGE,CGE DISTRIBUCIÓN,Rengo,STxE-1-A,Aéreo,16975.9,13622.9,140.572,31.512,1063.59,1063.59,1063.59,1063.59,1063.59,12824.3,4151.7,140.572,31.512,33.414,153.183,1063.59,33.244,34.312,35.381,36.45,37.518,38.587,31.512,25809.7,18092.6,153.183,31.512,1063.59,1063.59,1063.59,1063.59,1063.59,20646.7,5162.9,153.183,31.512,93.877,102.297,0.855,1.778,2.931,3.738,4.084
2026-08,CGE,CGE DISTRIBUCIÓN,Requínoa,STxE-1-A,Aéreo,16975.9,13622.9,133.911,31.512,1063.59,1063.59,1063.59,1063.59,1063.59,12824.3,4151.7,133.911,31.512,33.414,145.923,1063.59,33.244,34.312,35.381,36.45,37.518,38.587,31.512,25809.7,18092.6,145.923,31.512,1063.59,1063.59,1063.59,1063.59,1063.59,20646.7,5162.9,145.923,31.512,88.278,96.197,0.855,1.778,2.931,3.738,4.084
2026-08,CGE,CGE DISTRIBUCIÓN,Retiro,STxE-25-A,Aéreo,17144.7,13744.3,140.572,31.512,1063.59,1063.59,1063.59,1063.59,1063.59,12891.5,4253.2,140.572,31.512,33.414,153.183,1063.59,53.602,53.602,53.602,53.602,53.602,53.602,31.512,34302.7,23677.5,153.183,31.512,1063.59,1063.59,1063.59,1063.59,1063.59,24425.5,9877.2,153.183,31.512,93.877,102.297,0.855,1.778,2.931,3.738,4.084
2026-08,CGE,CGE DISTRIBUCIÓN,Romeral,STxE-1-A,Aéreo,16975.9,13622.9,140.572,31.512,1063.59,1063.59,1063.59,1063.59,1063.59,12824.3,4151.7,140.572,31.512,33.414,153.183,1063.59,33.244,34.312,35.381,36.45,37.518,38.587,31.512,25809.7,18092.6,153.183,31.512,1063.59,1063.59,1063.59,1063.59,1063.59,20646.7,5162.9,153.183,31.512,93.877,102.297,0.855,1.778,2.931,3.738,4.084
2026-08,CGE,CGE DISTRIBUCIÓN,Ránquil,STxE-6-A,Aéreo,17144.7,13744.3,129.111,31.512,1063.59,1063.59,1063.59,1063.59,1063.59,12891.5,4253.2,129.111,31.512,33.414,140.693,1063.59,53.602,53.602,53.602,53.602,53.602,53.602,31.512,34302.7,23677.5,140.693,31.512,1063.59,1063.59,1063.59,1063.59,1063.59,24425.5,9877.2,140.693,31.512,84.244,91.8,0.855,1.778,2.931,3.738,4.084
2026-08,CGE,CGE DISTRIBUCIÓN,Río Claro,STxE-14-A,Aéreo,16975.9,13622.9,140.572,31.512,1063.59,1063.59,1063.59,1063.59,1063.59,12824.3,4151.7,140.572,31.512,33.414,153.183,1063.59,33.244,34.312,35.381,36.45,37.518,38.587,31.512,25809.7,18092.6,153.183,31.512,1063.59,1063.59,1063.59,1063.59,1063.59,20646.7,5162.9,153.183,31.512,93.877,102.297,0.855,1.778,2.931,3.738,4.084
2026-08,CGE,CGE DISTRIBUCIÓN,Sagrada Familia,STxE-1-A,Aéreo,16975.9,13622.9,140.572,31.512,1063.59,1063.59,1063.59,1063.59,1063.59,12824.3,4151.7,140.572,31.512,33.414,153.183,1063.59,33.244,34.312,35.381,36.45,37.518,38.587,31.512,25809.7,18092.6,153.183,31.512,1063.59,1063.59,1063.59,1063.59,1063.59,20646.7,5162.9,153.183,31.512,93.877,102.297,0.855,1.778,2.931,3.738,4.084
2026-08,CGE,CGE DISTRIBUCIÓN,San Antonio,STxE-6-A,Aéreo,16975.9,13622.9,140.572,31.512,1063.59,1063.59,1063.59,1063.59,1063.59,12824.3,4151.7,140.572,31.512,33.414,153.183,1063.59,33.244,34.312,35.381,36.45,37.518,38.587,31.512,25809.7,18092.6,153.183,31.512,1063.59,1063.59,1063.59,1063.59,1063.59,20646.7,5162.9,153.183,31.512,93.877,102.297,0.855,1.778,2.931,3.738,4.084
2026-08,CGE,CGE DISTRIBUCIÓN,San Bernardo,STxD-3-A,Aéreo,16691.1,13380.0,138.454,20.489,1063.59,1063.59,1063.59,1063.59,1063.59,12548.0,4143.1,138.454,20.489,32.516,150.873,1063.59,33.244,34.297,35.349,36.402,37.454,38.507,20.489,25508.7,17864.6,150.873,20.489,1063.59,1063.59,1063.59,1063.59,1063.59,20356.4,5152.2,150.873,20.489,92.096,100.357,0.855,1.778,2.931,3.738,4.084
2026-08,CGE,CGE DISTRIBUCIÓN,San Carlos,STxE-19-A,Aéreo,17144.7,13744.3,140.572,31.512,1063.59,1063.59,1063.59,1063.59,1063.59,12891.5,4253.2,140.572,31.512,33.414,153.183,1063.59,53.602,53.602,53.602,53.602,53.602,53.602,31.512,34302.7,23677.5,153.183,31.512,1063.59,1063.59,1063.59,1063.59,1063.59,24425.5,9877.2,153.183,31.512,93.877,102.297,0.855,1.778,2.931,3.738,4.084
2026-08,CGE,CGE DISTRIBUCIÓN,San Clemente,STxE-25-A,Aéreo,16975.9,13622.9,129.111,31.512,1063.59,1063.59,1063.59,1063.59,1063.59,12824.3,4151.7,129.111,31.512,33.414,140.693,1063.59,33.244,34.312,35.381,36.45,37.518,38.587,31.512,25809.7,18092.6,140.693,31.512,1063.59,1063.59,1063.59,1063.59,1063.59,20646.7,5162.9,140.693,31.512,84.244,91.8,0.855,1.778,2.931,3.738,4.084
2026-08,CGE,CGE DISTRIBUCIÓN,San Fabián,STxE-26-A,Aéreo,17144.7,13744.3,140.572,31.512,1063.59,1063.59,1063.59,1063.59,1063.59,12891.5,4253.2,140.572,31.512,33.414,153.183,1063.59,53.602,53.602,53.602,53.602,53.602,53.602,31.512,34302.7,23677.5,153.183,31.512,1063.59,1063.59,1063.59,1063.59,1063.59,24425.5,9877.2,153.183,31.512,93.877,102.297,0.855,1.778,2.931,3.738,4.084
2026-08,CGE,CGE DISTRIBUCIÓN,San Fernando,STxE-1-A,Aéreo,16975.9,13622.9,133.911,31.512,1063.59,1063.59,1063.59,1063.59,1063.59,12824.3,4151.7,133.911,31.512,33.414,145.923,1063.59,33.244,34.312,35.381,36.45,37.518,38.587,31.512,25809.7,18092.6,145.923,31.512,1063.59,1063.59,1063.59,1063.59,1063.59,20646.7,5162.9,145.923,31.512,88.278,96.197,0.855,1.778,2.931,3.738,4.084
2026-08,CGE,CGE DISTRIBUCIÓN,San Javier,STxE-15-A,Aéreo,17309.6,13862.9,140.572,31.512,1063.59,1063.59,1063.59,1063.59,1063.59,12957.2,4352.4,140.572,31.512,33.414,153.183,1063.59,42.884,44.016,45.149,46.28,47.412,48.545,31.512,29893.8,20778.2,153.183,31.512,1063.59,1063.59,1063.59,1063.59,1063.59,22602.6,7291.1,153.183,31.512,93.877,102.297,0.855,1.778,2.931,3.738,4.084
2026-08,CGE,CGE DISTRIBUCIÓN,San José de Maipo,STxD-3-A,Aéreo,16691.1,13380.0,127.21,20.489,1063.59,1063.59,1063.59,1063.59,1063.59,12548.0,4143.1,127.21,20.489,32.516,138.621,1063.59,33.244,34.297,35.349,36.402,37.454,38.507,20.489,25508.7,17864.6,138.621,20.489,1063.59,1063.59,1063.59,1063.59,1063.59,20356.4,5152.2,138.621,20.489,82.647,90.061,0.855,1.778,2.931,3.738,4.084
2026-08,CGE,CGE DISTRIBUCIÓN,San Nicolás,STxE-21-A,Aéreo,17144.7,13744.3,140.572,31.512,1063.59,1063.59,1063.59,1063.59,1063.59,12891.5,4253.2,140.572,31.512,33.414,153.183,1063.59,53.602,53.602,53.602,53.602,53.602,53.602,31.512,34302.7,23677.5,153.183,31.512,1063.59,1063.59,1063.59,1063.59,1063.59,24425.5,9877.2,153.183,31.512,93.877,102.297,0.855,1.778,2.931,3.738,4.084
2026-08,CGE,CGE DISTRIBUCIÓN,San Pedro,STxE-6-A,Aéreo,16975.9,13622.9,133.911,31.512,1063.59,1063.59,1063.59,1063.59,1063.59,12824.3,4151.7,133.911,31.512,33.414,145.923,1063.59,33.244,34.312,35.381,36.45,37.518,38.587,31.512,25809.7,18092.6,145.923,31.512,1063.59,1063.59,1063.59,1063.59,1063.59,20646.7,5162.9,145.923,31.512,88.278,96.197,0.855,1.778,2.931,3.738,4.084
2026-08,CGE,CGE DISTRIBUCIÓN,San Rafael,STxE-1-A,Aéreo,16975.9,13622.9,140.572,31.512,1063.59,1063.59,1063.59,1063.59,1063.59,12824.3,4151.7,140.572,31.512,33.414,153.183,1063.59,33.244,34.312,35.381,36.45,37.518,38.587,31.512,25809.7,18092.6,153.183,31.512,1063.59,1063.59,1063.59,1063.59,1063.59,20646.7,5162.9,153.183,31.512,93.877,102.297,0.855,1.778,2.931,3.738,4.084
2026-08,CGE,CGE DISTRIBUCIÓN,San Vicente,STxE-1-A,Aéreo,16975.9,13622.9,140.572,31.512,1063.59,1063.59,1063.59,1063.59,1063.59,12824.3,4151.7,140.572,31.512,33.414,153.183,1063.59,33.244,34.312,35.381,36.45,37.518,38.587,31.512,25809.7,18092.6,153.183,31.512,1063.59,1063.59,1063.59,1063.59,1063.59,20646.7,5162.9,153.183,31.512,93.877,102.297,0.855,1.778,2.931,3.738,4.084
2026-08,CGE,CGE DISTRIBUCIÓN,Santa Cruz,STxE-6-A,Aéreo,16975.9,13622.9,140.572,31.512,1063.59,1063.59,1063.59,1063.59,1063.59,12824.3,4151.7,140.572,31.512,33.414,153.183,1063.59,33.244,34.312,35.381,36.45,37.518,38.587,31.512,25809.7,18092.6,153.183,31.512,1063.59,1063.59,1063.59,1063.59,1063.59,20646.7,5162.9,153.183,31.512,93.877,102.297,0.855,1.778,2.931,3.738,4.084
2026-08,CGE,CGE DISTRIBUCIÓN,Santo Domingo,STxE-6-A,Aéreo,16975.9,13622.9,140.572,31.512,1063.59,1063.59,1063.59,1063.59,1063.59,12824.3,4151.7,140.572,31.512,33.414,153.183,1063.59,33.244,34.312,35.381,36.45,37.518,38.587,31.512,25809.7,18092.6,153.183,31.512,1063.59,1063.59,1063.59,1063.59,1063.59,20646.7,5162.9,153.183,31.512,93.877,102.297,0.855,1.778,2.931,3.738,4.084
2026-08,CGE,CGE DISTRIBUCIÓN,Talagante,STxD-6-A,Aéreo,16691.1,13380.0,138.454,20.489,1063.59,1063.59,1063.59,1063.59,1063.59,12548.0,4143.1,138.454,20.489,32.516,150.873,1063.59,33.244,34.297,35.349,36.402,37.454,38.507,20.489,25508.7,17864.6,150.873,20.489,1063.59,1063.59,1063.59,1063.59,1063.59,20356.4,5152.2,150.873,20.489,92.096,100.357,0.855,1.778,2.931,3.738,4.084
2026-08,CGE,CGE DISTRIBUCIÓN,Talagante,STxE-6-A,Aéreo,16975.9,13622.9,140.572,31.512,1063.59,1063.59,1063.59,1063.59,1063.59,12824.3,4151.7,140.572,31.512,33.414,153.183,1063.59,33.244,34.312,35.381,36.45,37.518,38.587,31.512,25809.7,18092.6,153.183,31.512,1063.59,1063.59,1063.59,1063.59,1063.59,20646.7,5162.9,153.183,31.512,93.877,102.297,0.855,1.778,2.931,3.738,4.084
2026-08,CGE,CGE DISTRIBUCIÓN,Talca,STxE-7-A,Aéreo,16975.9,13622.9,140.572,31.512,1063.59,1063.59,1063.59,1063.59,1063.59,12824.3,4151.7,140.572,31.512,33.414,153.183,1063.59,33.244,34.312,35.381,36.45,37.518,38.587,31.512,25809.7,18092.6,153.183,31.512,1063.59,1063.59,1063.59,1063.59,1063.59,20646.7,5162.9,153.183,31.512,93.877,102.297,0.855,1.778,2.931,3.738,4.084
2026-08,CGE,CGE DISTRIBUCIÓN,Talca,STxE-7-S1,Subt.1,21808.5,17098.3,140.572,31.512,1063.59,1063.59,1063.59,1063.59,1063.59,14750.4,7058.1,140.572,31.512,33.414,153.183,1063.59,42.7,44.073,45.445,46.817,48.189,49.562,31.512,30311.0,21052.6,153.183,31.512,1063.59,1063.59,1063.59,1063.59,1063.59,23679.6,6631.4,153.183,31.512,93.877,102.297,0.855,1.778,2.931,3.738,4.084
2026-08,CGE,CGE DISTRIBUCIÓN,Talca,STxE-7-S2,Subt.2,16975.9,13622.9,140.572,31.512,1063.59,1063.59,1063.59,1063.59,1063.59,12824.3,4151.7,140.572,31.512,33.414,153.183,1063.59,39.166,40.425,41.683,42.942,44.201,45.46,31.512,28628.8,19946.4,153.183,31.512,1063.59,1063.59,1063.59,1063.59,1063.59,22546.1,6082.7,153.183,31.512,93.877,102.297,0.855,1.778,2.931,3.738,4.084
2026-08,CGE,CGE DISTRIBUCIÓN,Talcahuano,STxE-2-A,Aéreo,16975.9,13622.9,140.572,31.512,1063.59,1063.59,1063.59,1063.59,1063.59,12824.3,4151.7,140.572,31.512,33.414,153.183,1063.59,33.244,34.312,35.381,36.45,37.518,38.587,31.512,25809.7,18092.6,153.183,31.512,1063.59,1063.59,1063.59,1063.59,1063.59,20646.7,5162.9,153.183,31.512,93.877,102.297,0.855,1.778,2.931,3.738,4.084
2026-08,CGE,CGE DISTRIBUCIÓN,Temuco,STxE-9-A,Aéreo,17144.7,13744.3,140.572,31.512,1063.59,1063.59,1063.59,1063.59,1063.59,12891.5,4253.2,140.572,31.512,33.414,153.183,1063.59,53.602,53.602,53.602,53.602,53.602,53.602,31.512,34302.7,23677.5,153.183,31.512,1063.59,1063.59,1063.59,1063.59,1063.59,24425.5,9877.2,153.183,31.512,93.877,102.297,0.855,1.778,2.931,3.738,4.084
2026-08,CGE,CGE DISTRIBUCIÓN,Temuco,STxE-9-S2,Subt.2,17144.7,13744.3,140.572,31.512,1063.59,1063.59,1063.59,1063.59,1063.59,12891.5,4253.2,140.572,31.512,33.414,153.183,1063.59,63.151,63.151,63.151,63.151,63.151,63.151,31.512,38634.7,26526.2,153.183,31.512,1063.59,1063.59,1063.59,1063.59,1063.59,26997.9,11636.8,153.183,31.512,93.877,102.297,0.855,1.778,2.931,3.738,4.084
2026-08,CGE,CGE DISTRIBUCIÓN,Teno,STxE-1-A,Aéreo,16975.9,13622.9,133.911,31.512,1063.59,1063.59,1063.59,1063.59,1063.59,12824.3,4151.7,133.911,31.512,33.414,145.923,1063.59,33.244,34.312,35.381,36.45,37.518,38.587,31.512,25809.7,18092.6,145.923,31.512,1063.59,1063.59,1063.59,1063.59,1063.59,20646.7,5162.9,145.923,31.512,88.278,96.197,0.855,1.778,2.931,3.738,4.084
2026-08,CGE,CGE DISTRIBUCIÓN,Tomé,STxE-2-A,Aéreo,17144.7,13744.3,140.572,31.512,1063.59,1063.59,1063.59,1063.59,1063.59,12891.5,4253.2,140.572,31.512,33.414,153.183,1063.59,53.602,53.602,53.602,53.602,53.602,53.602,31.512,34302.7,23677.5,153.183,31.512,1063.59,1063.59,1063.59,1063.59,1063.59,24425.5,9877.2,153.183,31.512,93.877,102.297,0.855,1.778,2.931,3.738,4.084
2026-08,CGE,CGE DISTRIBUCIÓN,Treguaco,STxE-26-A,Aéreo,17144.7,13744.3,140.572,31.512,1063.59,1063.59,1063.59,1063.59,1063.59,12891.5,4253.2,140.572,31.512,33.414,153.183,1063.59,53.602,53.602,53.602,53.602,53.602,53.602,31.512,34302.7,23677.5,153.183,31.512,1063.59,1063.59,1063.59,1063.59,1063.59,24425.5,9877.2,153.183,31.512,93.877,102.297,0.855,1.778,2.931,3.738,4.084
2026-08,CGE,CGE DISTRIBUCIÓN,Vichuquén,STxE-6-A,Aéreo,16975.9,13622.9,140.572,31.512,1063.59,1063.59,1063.59,1063.59,1063.59,12824.3,4151.7,140.572,31.512,33.414,153.183,1063.59,33.244,34.312,35.381,36.45,37.518,38.587,31.512,25809.7,18092.6,153.183,31.512,1063.59,1063.59,1063.59,1063.59,1063.59,20646.7,5162.9,153.183,31.512,93.877,102.297,0.855,1.778,2.931,3.738,4.084
2026-08,CGE,CGE DISTRIBUCIÓN,Vilcún,STxE-5-A,Aéreo,17144.7,13744.3,140.572,31.512,1063.59,1063.59,1063.59,1063.59,1063.59,12891.5,4253.2,140.572,31.512,33.414,153.183,1063.59,53.602,53.602,53.602,53.602,53.602,53.602,31.512,34302.7,23677.5,153.183,31.512,1063.59,1063.59,1063.59,1063.59,1063.59,24425.5,9877.2,153.183,31.512,93.877,102.297,0.855,1.778,2.931,3.738,4.084
2026-08,CGE,CGE DISTRIBUCIÓN,Villa Alegre,STxE-17-A,Aéreo,17309.6,13862.9,140.572,31.512,1063.59,1063.59,1063.59,1063.59,1063.59,12957.2,4352.4,140.572,31.512,33.414,153.183,1063.59,42.884,44.016,45.149,46.28,47.412,48.545,31.512,29893.8,20778.2,153.183,31.512,1063.59,1063.59,1063.59,1063.59,1063.59,22602.6,7291.1,153.183,31.512,93.877,102.297,0.855,1.778,2.931,3.738,4.084
2026-08,CGE,CGE DISTRIBUCIÓN,Villarrica,STxE-18-A,Aéreo,17144.7,13744.3,140.572,31.512,1063.59,1063.59,1063.59,1063.59,1063.59,12891.5,4253.2,140.572,31.512,33.414,153.183,1063.59,53.602,53.602,53.602,53.602,53.602,53.602,31.512,34302.7,23677.5,153.183,31.512,1063.59,1063.59,1063.59,1063.59,1063.59,24425.5,9877.2,153.183,31.512,93.877,102.297,0.855,1.778,2.931,3.738,4.084
2026-08,CGE,CGE DISTRIBUCIÓN,Yerbas Buenas,STxE-1-A,Aéreo,17309.6,13862.9,133.911,31.512,1063.59,1063.59,1063.59,1063.59,1063.59,12957.2,4352.4,133.911,31.512,33.414,145.923,1063.59,42.884,44.016,45.149,46.28,47.412,48.545,31.512,29893.8,20778.2,145.923,31.512,1063.59,1063.59,1063.59,1063.59,1063.59,22602.6,7291.1,145.923,31.512,88.278,96.197,0.855,1.778,2.931,3.738,4.084
2026-08,CGE,CGE DISTRIBUCIÓN,Ñiquén,STxE-24-A,Aéreo,17144.7,13744.3,140.572,31.512,1063.59,1063.59,1063.59,1063.59,1063.59,12891.5,4253.2,140.572,31.512,33.414,153.183,1063.59,53.602,53.602,53.602,53.602,53.602,53.602,31.512,34302.7,23677.5,153.183,31.512,1063.59,1063.59,1063.59,1063.59,1063.59,24425.5,9877.2,153.183,31.512,93.877,102.297,0.855,1.778,2.931,3.738,4.084
2026-07,CGE,CGE DISTRIBUCIÓN,Alhué,STxE-6-A,Aéreo,16968.0,13617.2,140.572,31.512,1063.8,1063.8,1063.8,1063.8,1063.8,12821.1,4146.9,140.572,31.512,33.414,153.183,1063.8,33.206,34.273,35.341,36.408,37.475,38.543,31.512,25791.6,18080.9,153.183,31.512,1063.8,1063.8,1063.8,1063.8,1063.8,20634.5,5157.1,153.183,31.512,93.877,102.297,0.855,1.778,2.931,3.738,4.084
2026-07,CGE,CGE DISTRIBUCIÓN,Buin,STxE-6-A,Aéreo,16968.0,13617.2,140.572,31.512,1063.8,1063.8,1063.8,1063.8,1063.8,12821.1,4146.9,140.572,31.512,33.414,153.183,1063.8,33.206,34.273,35.341,36.408,37.475,38.543,31.512,25791.6,18080.9,153.183,31.512,1063.8,1063.8,1063.8,1063.8,1063.8,20634.5,5157.1,153.183,31.512,93.877,102.297,0.855,1.778,2.931,3.738,4.084
2026-07,CGE,CGE DISTRIBUCIÓN,Calera de Tango,STxD-3-A,Aéreo,16683.0,13374.2,138.454,20.489,1063.8,1063.8,1063.8,1063.8,1063.8,12544.7,4138.3,138.454,20.489,32.516,150.873,1063.8,33.206,34.258,35.308,36.36,37.411,38.463,20.489,25490.6,17852.7,150.873,20.489,1063.8,1063.8,1063.8,1063.8,1063.8,20344.2,5146.5,150.873,20.489,92.096,100.357,0.855,1.778,2.931,3.738,4.084
2026-07,CGE,CGE DISTRIBUCIÓN,Cartagena,STxE-6-A,Aéreo,17301.2,13856.8,140.572,31.512,1063.8,1063.8,1063.8,1063.8,1063.8,12953.9,4347.3,140.572,31.512,33.414,153.183,1063.8,42.835,43.966,45.096,46.228,47.358,48.489,31.512,29871.0,20763.4,153.183,31.512,1063.8,1063.8,1063.8,1063.8,1063.8,22588.1,7282.9,153.183,31.512,93.877,102.297,0.855,1.778,2.931,3.738,4.084
2026-07,CGE,CGE DISTRIBUCIÓN,Cauquenes,STxE-6-A,Aéreo,17136.5,13738.3,140.572,31.512,1063.8,1063.8,1063.8,1063.8,1063.8,12888.2,4248.3,140.572,31.512,33.414,153.183,1063.8,53.54,53.54,53.54,53.54,53.54,53.54,31.512,34275.0,23659.2,153.183,31.512,1063.8,1063.8,1063.8,1063.8,1063.8,24408.8,9866.2,153.183,31.512,93.877,102.297,0.855,1.778,2.931,3.738,4.084
2026-07,CGE,CGE DISTRIBUCIÓN,Chanco,STxE-6-A,Aéreo,16968.0,13617.2,140.572,31.512,1063.8,1063.8,1063.8,1063.8,1063.8,12821.1,4146.9,140.572,31.512,33.414,153.183,1063.8,33.206,34.273,35.341,36.408,37.475,38.543,31.512,25791.6,18080.9,153.183,31.512,1063.8,1063.8,1063.8,1063.8,1063.8,20634.5,5157.1,153.183,31.512,93.877,102.297,0.855,1.778,2.931,3.738,4.084
2026-07,CGE,CGE DISTRIBUCIÓN,Chiguayante,STxE-2-A,Aéreo,16968.0,13617.2,140.572,31.512,1063.8,1063.8,1063.8,1063.8,1063.8,12821.1,4146.9,140.572,31.512,33.414,153.183,1063.8,33.206,34.273,35.341,36.408,37.475,38.543,31.512,25791.6,18080.9,153.183,31.512,1063.8,1063.8,1063.8,1063.8,1063.8,20634.5,5157.1,153.183,31.512,93.877,102.297,0.855,1.778,2.931,3.738,4.084
2026-07,CGE,CGE DISTRIBUCIÓN,Chillán,STxE-8-A,Aéreo,17136.5,13738.3,140.572,31.512,1063.8,1063.8,1063.8,1063.8,1063.8,12888.2,4248.3,140.572,31.512,33.414,153.183,1063.8,53.54,53.54,53.54,53.54,53.54,53.54,31.512,34275.0,23659.2,153.183,31.512,1063.8,1063.8,1063.8,1063.8,1063.8,24408.8,9866.2,153.183,31.512,93.877,102.297,0.855,1.778,2.931,3.738,4.084
2026-07,CGE,CGE DISTRIBUCIÓN,Chillán,STxE-8-S2,Subt.2,17136.5,13738.3,140.572,31.512,1063.8,1063.8,1063.8,1063.8,1063.8,12888.2,4248.3,140.572,31.512,33.414,153.183,1063.8,63.078,63.078,63.078,63.078,63.078,63.078,31.512,38602.1,26504.6,153.183,31.512,1063.8,1063.8,1063.8,1063.8,1063.8,26978.4,11623.7,153.183,31.512,93.877,102.297,0.855,1.778,2.931,3.738,4.084
2026-07,CGE,CGE DISTRIBUCIÓN,Chillán Viejo,STxE-12-A,Aéreo,17136.5,13738.3,140.572,31.512,1063.8,1063.8,1063.8,1063.8,1063.8,12888.2,4248.3,140.572,31.512,33.414,153.183,1063.8,53.54,53.54,53.54,53.54,53.54,53.54,31.512,34275.0,23659.2,153.183,31.512,1063.8,1063.8,1063.8,1063.8,1063.8,24408.8,9866.2,153.183,31.512,93.877,102.297,0.855,1.778,2.931,3.738,4.084
2026-07,CGE,CGE DISTRIBUCIÓN,Chimbarongo,STxE-1-A,Aéreo,16968.0,13617.2,140.572,31.512,1063.8,1063.8,1063.8,1063.8,1063.8,12821.1,4146.9,140.572,31.512,33.414,153.183,1063.8,33.206,34.273,35.341,36.408,37.475,38.543,31.512,25791.6,18080.9,153.183,31.512,1063.8,1063.8,1063.8,1063.8,1063.8,20634.5,5157.1,153.183,31.512,93.877,102.297,0.855,1.778,2.931,3.738,4.084
2026-07,CGE,CGE DISTRIBUCIÓN,Chépica,STxE-6-A,Aéreo,16968.0,13617.2,140.572,31.512,1063.8,1063.8,1063.8,1063.8,1063.8,12821.1,4146.9,140.572,31.512,33.414,153.183,1063.8,33.206,34.273,35.341,36.408,37.475,38.543,31.512,25791.6,18080.9,153.183,31.512,1063.8,1063.8,1063.8,1063.8,1063.8,20634.5,5157.1,153.183,31.512,93.877,102.297,0.855,1.778,2.931,3.738,4.084
2026-07,CGE,CGE DISTRIBUCIÓN,Cobquecura,STxE-6-A,Aéreo,17136.5,13738.3,140.572,31.512,1063.8,1063.8,1063.8,1063.8,1063.8,12888.2,4248.3,140.572,31.512,33.414,153.183,1063.8,53.54,53.54,53.54,53.54,53.54,53.54,31.512,34275.0,23659.2,153.183,31.512,1063.8,1063.8,1063.8,1063.8,1063.8,24408.8,9866.2,153.183,31.512,93.877,102.297,0.855,1.778,2.931,3.738,4.084
2026-07,CGE,CGE DISTRIBUCIÓN,Codegua,STxE-1-A,Aéreo,16968.0,13617.2,140.572,31.512,1063.8,1063.8,1063.8,1063.8,1063.8,12821.1,4146.9,140.572,31.512,33.414,153.183,1063.8,33.206,34.273,35.341,36.408,37.475,38.543,31.512,25791.6,18080.9,153.183,31.512,1063.8,1063.8,1063.8,1063.8,1063.8,20634.5,5157.1,153.183,31.512,93.877,102.297,0.855,1.778,2.931,3.738,4.084
2026-07,CGE,CGE DISTRIBUCIÓN,Coelemu,STxE-22-A,Aéreo,17136.5,13738.3,140.572,31.512,1063.8,1063.8,1063.8,1063.8,1063.8,12888.2,4248.3,140.572,31.512,33.414,153.183,1063.8,53.54,53.54,53.54,53.54,53.54,53.54,31.512,34275.0,23659.2,153.183,31.512,1063.8,1063.8,1063.8,1063.8,1063.8,24408.8,9866.2,153.183,31.512,93.877,102.297,0.855,1.778,2.931,3.738,4.084
2026-07,CGE,CGE DISTRIBUCIÓN,Coihueco,STxE-21-A,Aéreo,17136.5,13738.3,140.572,31.512,1063.8,1063.8,1063.8,1063.8,1063.8,12888.2,4248.3,140.572,31.512,33.414,153.183,1063.8,53.54,53.54,53.54,53.54,53.54,53.54,31.512,34275.0,23659.2,153.183,31.512,1063.8,1063.8,1063.8,1063.8,1063.8,24408.8,9866.2,153.183,31.512,93.877,102.297,0.855,1.778,2.931,3.738,4.084
2026-07,CGE,CGE DISTRIBUCIÓN,Coinco,STxE-1-A,Aéreo,16968.0,13617.2,140.572,31.512,1063.8,1063.8,1063.8,1063.8,1063.8,12821.1,4146.9,140.572,31.512,33.414,153.183,1063.8,33.206,34.273,35.341,36.408,37.475,38.543,31.512,25791.6,18080.9,153.183,31.512,1063.8,1063.8,1063.8,1063.8,1063.8,20634.5,5157.1,153.183,31.512,93.877,102.297,0.855,1.778,2.931,3.738,4.084
2026-07,CGE,CGE DISTRIBUCIÓN,Colbún,STxE-25-A,Aéreo,17301.2,13856.8,103.017,31.512,1063.8,1063.8,1063.8,1063.8,1063.8,12953.9,4347.3,103.017,31.512,33.414,112.257,1063.8,42.835,43.966,45.096,46.228,47.358,48.489,31.512,29871.0,20763.4,112.257,31.512,1063.8,1063.8,1063.8,1063.8,1063.8,22588.1,7282.9,112.257,31.512,62.317,67.907,0.855,1.778,2.931,3.738,4.084
2026-07,CGE,CGE DISTRIBUCIÓN,Coltauco,STxE-1-A,Aéreo,16968.0,13617.2,140.572,31.512,1063.8,1063.8,1063.8,1063.8,1063.8,12821.1,4146.9,140.572,31.512,33.414,153.183,1063.8,33.206,34.273,35.341,36.408,37.475,38.543,31.512,25791.6,18080.9,153.183,31.512,1063.8,1063.8,1063.8,1063.8,1063.8,20634.5,5157.1,153.183,31.512,93.877,102.297,0.855,1.778,2.931,3.738,4.084
2026-07,CGE,CGE DISTRIBUCIÓN,Concepción,STxE-2-A,Aéreo,16968.0,13617.2,140.572,31.512,1063.8,1063.8,1063.8,1063.8,1063.8,12821.1,4146.9,140.572,31.512,33.414,153.183,1063.8,33.206,34.273,35.341,36.408,37.475,38.543,31.512,25791.6,18080.9,153.183,31.512,1063.8,1063.8,1063.8,1063.8,1063.8,20634.5,5157.1,153.183,31.512,93.877,102.297,0.855,1.778,2.931,3.738,4.084
2026-07,CGE,CGE DISTRIBUCIÓN,Concepción,STxE-2-S1,Subt.1,21794.9,17088.4,140.572,31.512,1063.8,1063.8,1063.8,1063.8,1063.8,14744.9,7049.9,140.572,31.512,33.414,153.183,1063.8,42.651,44.022,45.393,46.763,48.134,49.505,31.512,30287.8,21037.4,153.183,31.512,1063.8,1063.8,1063.8,1063.8,1063.8,23663.7,6624.0,153.183,31.512,93.877,102.297,0.855,1.778,2.931,3.738,4.084
2026-07,CGE,CGE DISTRIBUCIÓN,Concepción,STxE-2-S2,Subt.2,16968.0,13617.2,140.572,31.512,1063.8,1063.8,1063.8,1063.8,1063.8,12821.1,4146.9,140.572,31.512,33.414,153.183,1063.8,39.121,40.379,41.636,42.894,44.151,45.408,31.512,28607.5,19932.5,153.183,31.512,1063.8,1063.8,1063.8,1063.8,1063.8,22531.7,6075.8,153.183,31.512,93.877,102.297,0.855,1.778,2.931,3.738,4.084
2026-07,CGE,CGE DISTRIBUCIÓN,Concepción,STxE-2-S3,Subt.3,21794.9,17088.4,140.572,31.512,1063.8,1063.8,1063.8,1063.8,1063.8,14744.9,7049.9,140.572,31.512,33.414,153.183,1063.8,48.566,49.185,49.804,50.423,51.041,51.66,31.512,33103.7,22889.1,153.183,31.512,1063.8,1063.8,1063.8,1063.8,1063.8,25561.0,7542.7,153.183,31.512,93.877,102.297,0.855,1.778,2.931,3.738,4.084
2026-07,CGE,CGE DISTRIBUCIÓN,Constitución,STxE-6-A,Aéreo,17301.2,13856.8,133.911,31.512,1063.8,1063.8,1063.8,1063.8,1063.8,12953.9,4347.3,133.911,31.512,33.414,145.923,1063.8,42.835,43.966,45.096,46.228,47.358,48.489,31.512,29871.0,20763.4,145.923,31.512,1063.8,1063.8,1063.8,1063.8,1063.8,22588.1,7282.9,145.923,31.512,88.278,96.197,0.855,1.778,2.931,3.738,4.084
2026-07,CGE,CGE DISTRIBUCIÓN,Coronel,STxE-10-A,Aéreo,17136.5,13738.3,68.232,31.512,1063.8,1063.8,1063.8,1063.8,1063.8,12888.2,4248.3,68.232,31.512,33.414,74.352,1063.8,53.54,53.54,53.54,53.54,53.54,53.54,31.512,34275.0,23659.2,74.352,31.512,1063.8,1063.8,1063.8,1063.8,1063.8,24408.8,9866.2,74.352,31.512,33.086,36.054,0.855,1.778,2.931,3.738,4.084
2026-07,CGE,CGE DISTRIBUCIÓN,Coronel,STxE-10-S2,Subt.2,17136.5,13738.3,68.232,31.512,1063.8,1063.8,1063.8,1063.8,1063.8,12888.2,4248.3,68.232,31.512,33.414,74.352,1063.8,63.078,63.078,63.078,63.078,63.078,63.078,31.512,38602.1,26504.6,74.352,31.512,1063.8,1063.8,1063.8,1063.8,1063.8,26978.4,11623.7,74.352,31.512,33.086,36.054,0.855,1.778,2.931,3.738,4.084
2026-07,CGE,CGE DISTRIBUCIÓN,Curacaví,STxD-3-A,Aéreo,17109.1,13680.6,138.454,20.489,1063.8,1063.8,1063.8,1063.8,1063.8,12714.6,4394.6,138.454,20.489,32.516,150.873,1063.8,42.835,44.072,45.307,46.543,47.78,49.016,20.489,29818.8,20698.9,150.873,20.489,1063.8,1063.8,1063.8,1063.8,1063.8,22456.8,7362.1,150.873,20.489,92.096,100.357,0.855,1.778,2.931,3.738,4.084
2026-07,CGE,CGE DISTRIBUCIÓN,Curarrehue,STxE-2-A,Aéreo,16968.0,13617.2,140.572,31.512,1063.8,1063.8,1063.8,1063.8,1063.8,12821.1,4146.9,140.572,31.512,33.414,153.183,1063.8,33.206,34.273,35.341,36.408,37.475,38.543,31.512,25791.6,18080.9,153.183,31.512,1063.8,1063.8,1063.8,1063.8,1063.8,20634.5,5157.1,153.183,31.512,93.877,102.297,0.855,1.778,2.931,3.738,4.084
2026-07,CGE,CGE DISTRIBUCIÓN,Curepto,STxE-6-A,Aéreo,16968.0,13617.2,140.572,31.512,1063.8,1063.8,1063.8,1063.8,1063.8,12821.1,4146.9,140.572,31.512,33.414,153.183,1063.8,33.206,34.273,35.341,36.408,37.475,38.543,31.512,25791.6,18080.9,153.183,31.512,1063.8,1063.8,1063.8,1063.8,1063.8,20634.5,5157.1,153.183,31.512,93.877,102.297,0.855,1.778,2.931,3.738,4.084
2026-07,CGE,CGE DISTRIBUCIÓN,Curicó,STxE-1-A,Aéreo,16968.0,13617.2,140.572,31.512,1063.8,1063.8,1063.8,1063.8,1063.8,12821.1,4146.9,140.572,31.512,33.414,153.183,1063.8,33.206,34.273,35.341,36.408,37.475,38.543,31.512,25791.6,18080.9,153.183,31.512,1063.8,1063.8,1063.8,1063.8,1063.8,20634.5,5157.1,153.183,31.512,93.877,102.297,0.855,1.778,2.931,3.738,4.084
2026-07,CGE,CGE DISTRIBUCIÓN,Doñihue,STxE-1-A,Aéreo,16968.0,13617.2,140.572,31.512,1063.8,1063.8,1063.8,1063.8,1063.8,12821.1,4146.9,140.572,31.512,33.414,153.183,1063.8,33.206,34.273,35.341,36.408,37.475,38.543,31.512,25791.6,18080.9,153.183,31.512,1063.8,1063.8,1063.8,1063.8,1063.8,20634.5,5157.1,153.183,31.512,93.877,102.297,0.855,1.778,2.931,3.738,4.084
2026-07,CGE,CGE DISTRIBUCIÓN,El Bosque,STxD-3-A,Aéreo,16683.0,13374.2,138.454,20.489,1063.8,1063.8,1063.8,1063.8,1063.8,12544.7,4138.3,138.454,20.489,32.516,150.873,1063.8,33.206,34.258,35.308,36.36,37.411,38.463,20.489,25490.6,17852.7,150.873,20.489,1063.8,1063.8,1063.8,1063.8,1063.8,20344.2,5146.5,150.873,20.489,92.096,100.357,0.855,1.778,2.931,3.738,4.084
2026-07,CGE,CGE DISTRIBUCIÓN,El Monte,STxE-6-A,Aéreo,16968.0,13617.2,140.572,31.512,1063.8,1063.8,1063.8,1063.8,1063.8,12821.1,4146.9,140.572,31.512,33.414,153.183,1063.8,33.206,34.273,35.341,36.408,37.475,38.543,31.512,25791.6,18080.9,153.183,31.512,1063.8,1063.8,1063.8,1063.8,1063.8,20634.5,5157.1,153.183,31.512,93.877,102.297,0.855,1.778,2.931,3.738,4.084
2026-07,CGE,CGE DISTRIBUCIÓN,Empedrado,STxE-6-A,Aéreo,16968.0,13617.2,140.572,31.512,1063.8,1063.8,1063.8,1063.8,1063.8,12821.1,4146.9,140.572,31.512,33.414,153.183,1063.8,33.206,34.273,35.341,36.408,37.475,38.543,31.512,25791.6,18080.9,153.183,31.512,1063.8,1063.8,1063.8,1063.8,1063.8,20634.5,5157.1,153.183,31.512,93.877,102.297,0.855,1.778,2.931,3.738,4.084
2026-07,CGE,CGE DISTRIBUCIÓN,Florida,STxE-23-A,Aéreo,16988.9,13632.3,140.572,31.512,1063.8,1063.8,1063.8,1063.8,1063.8,12829.4,4159.5,140.572,31.512,33.414,153.183,1063.8,71.388,71.388,71.388,71.388,71.388,71.388,31.512,41695.6,28538.9,153.183,31.512,1063.8,1063.8,1063.8,1063.8,1063.8,27548.3,14147.3,153.183,31.512,93.877,102.297,0.855,1.778,2.931,3.738,4.084
2026-07,CGE,CGE DISTRIBUCIÓN,Freire,STxE-2-A,Aéreo,17136.5,13738.3,140.572,31.512,1063.8,1063.8,1063.8,1063.8,1063.8,12888.2,4248.3,140.572,31.512,33.414,153.183,1063.8,53.54,53.54,53.54,53.54,53.54,53.54,31.512,34275.0,23659.2,153.183,31.512,1063.8,1063.8,1063.8,1063.8,1063.8,24408.8,9866.2,153.183,31.512,93.877,102.297,0.855,1.778,2.931,3.738,4.084
2026-07,CGE,CGE DISTRIBUCIÓN,Graneros,STxE-1-A,Aéreo,16968.0,13617.2,140.572,31.512,1063.8,1063.8,1063.8,1063.8,1063.8,12821.1,4146.9,140.572,31.512,33.414,153.183,1063.8,33.206,34.273,35.341,36.408,37.475,38.543,31.512,25791.6,18080.9,153.183,31.512,1063.8,1063.8,1063.8,1063.8,1063.8,20634.5,5157.1,153.183,31.512,93.877,102.297,0.855,1.778,2.931,3.738,4.084
2026-07,CGE,CGE DISTRIBUCIÓN,Hualañé,STxE-6-A,Aéreo,16968.0,13617.2,140.572,31.512,1063.8,1063.8,1063.8,1063.8,1063.8,12821.1,4146.9,140.572,31.512,33.414,153.183,1063.8,33.206,34.273,35.341,36.408,37.475,38.543,31.512,25791.6,18080.9,153.183,31.512,1063.8,1063.8,1063.8,1063.8,1063.8,20634.5,5157.1,153.183,31.512,93.877,102.297,0.855,1.778,2.931,3.738,4.084
2026-07,CGE,CGE DISTRIBUCIÓN,Hualpén,STxE-2-A,Aéreo,16968.0,13617.2,95.857,31.512,1063.8,1063.8,1063.8,1063.8,1063.8,12821.1,4146.9,95.857,31.512,33.414,104.456,1063.8,33.206,34.273,35.341,36.408,37.475,38.543,31.512,25791.6,18080.9,104.456,31.512,1063.8,1063.8,1063.8,1063.8,1063.8,20634.5,5157.1,104.456,31.512,56.3,61.351,0.855,1.778,2.931,3.738,4.084
2026-07,CGE,CGE DISTRIBUCIÓN,Hualqui,STxE-16-A,Aéreo,16988.9,13632.3,140.572,31.512,1063.8,1063.8,1063.8,1063.8,1063.8,12829.4,4159.5,140.572,31.512,33.414,153.183,1063.8,71.388,71.388,71.388,71.388,71.388,71.388,31.512,41695.6,28538.9,153.183,31.512,1063.8,1063.8,1063.8,1063.8,1063.8,27548.3,14147.3,153.183,31.512,93.877,102.297,0.855,1.778,2.931,3.738,4.084
2026-07,CGE,CGE DISTRIBUCIÓN,Isla de Maipo,STxE-1-A,Aéreo,16968.0,13617.2,140.572,31.512,1063.8,1063.8,1063.8,1063.8,1063.8,12821.1,4146.9,140.572,31.512,33.414,153.183,1063.8,33.206,34.273,35.341,36.408,37.475,38.543,31.512,25791.6,18080.9,153.183,31.512,1063.8,1063.8,1063.8,1063.8,1063.8,20634.5,5157.1,153.183,31.512,93.877,102.297,0.855,1.778,2.931,3.738,4.084
2026-07,CGE,CGE DISTRIBUCIÓN,La Estrella,STxE-6-A,Aéreo,16968.0,13617.2,119.496,31.512,1063.8,1063.8,1063.8,1063.8,1063.8,12821.1,4146.9,119.496,31.512,33.414,130.215,1063.8,33.206,34.273,35.341,36.408,37.475,38.543,31.512,25791.6,18080.9,130.215,31.512,1063.8,1063.8,1063.8,1063.8,1063.8,20634.5,5157.1,130.215,31.512,76.165,82.997,0.855,1.778,2.931,3.738,4.084
2026-07,CGE,CGE DISTRIBUCIÓN,La Pintana,STxD-3-A,Aéreo,16683.0,13374.2,138.454,20.489,1063.8,1063.8,1063.8,1063.8,1063.8,12544.7,4138.3,138.454,20.489,32.516,150.873,1063.8,33.206,34.258,35.308,36.36,37.411,38.463,20.489,25490.6,17852.7,150.873,20.489,1063.8,1063.8,1063.8,1063.8,1063.8,20344.2,5146.5,150.873,20.489,92.096,100.357,0.855,1.778,2.931,3.738,4.084
2026-07,CGE,CGE DISTRIBUCIÓN,Las Cabras,STxE-1-A,Aéreo,16968.0,13617.2,129.111,31.512,1063.8,1063.8,1063.8,1063.8,1063.8,12821.1,4146.9,129.111,31.512,33.414,140.693,1063.8,33.206,34.273,35.341,36.408,37.475,38.543,31.512,25791.6,18080.9,140.693,31.512,1063.8,1063.8,1063.8,1063.8,1063.8,20634.5,5157.1,140.693,31.512,84.244,91.8,0.855,1.778,2.931,3.738,4.084
2026-07,CGE,CGE DISTRIBUCIÓN,Lautaro,STxE-20-A,Aéreo,17136.5,13738.3,133.911,31.512,1063.8,1063.8,1063.8,1063.8,1063.8,12888.2,4248.3,133.911,31.512,33.414,145.923,1063.8,53.54,53.54,53.54,53.54,53.54,53.54,31.512,34275.0,23659.2,145.923,31.512,1063.8,1063.8,1063.8,1063.8,1063.8,24408.8,9866.2,145.923,31.512,88.278,96.197,0.855,1.778,2.931,3.738,4.084
2026-07,CGE,CGE DISTRIBUCIÓN,Licantén,STxE-6-A,Aéreo,16968.0,13617.2,140.572,31.512,1063.8,1063.8,1063.8,1063.8,1063.8,12821.1,4146.9,140.572,31.512,33.414,153.183,1063.8,33.206,34.273,35.341,36.408,37.475,38.543,31.512,25791.6,18080.9,153.183,31.512,1063.8,1063.8,1063.8,1063.8,1063.8,20634.5,5157.1,153.183,31.512,93.877,102.297,0.855,1.778,2.931,3.738,4.084
2026-07,CGE,CGE DISTRIBUCIÓN,Linares,STxE-13-A,Aéreo,17301.2,13856.8,140.572,31.512,1063.8,1063.8,1063.8,1063.8,1063.8,12953.9,4347.3,140.572,31.512,33.414,153.183,1063.8,42.835,43.966,45.096,46.228,47.358,48.489,31.512,29871.0,20763.4,153.183,31.512,1063.8,1063.8,1063.8,1063.8,1063.8,22588.1,7282.9,153.183,31.512,93.877,102.297,0.855,1.778,2.931,3.738,4.084
2026-07,CGE,CGE DISTRIBUCIÓN,Litueche,STxE-6-A,Aéreo,16968.0,13617.2,119.496,31.512,1063.8,1063.8,1063.8,1063.8,1063.8,12821.1,4146.9,119.496,31.512,33.414,130.215,1063.8,33.206,34.273,35.341,36.408,37.475,38.543,31.512,25791.6,18080.9,130.215,31.512,1063.8,1063.8,1063.8,1063.8,1063.8,20634.5,5157.1,130.215,31.512,76.165,82.997,0.855,1.778,2.931,3.738,4.084
2026-07,CGE,CGE DISTRIBUCIÓN,Lolol,STxE-6-A,Aéreo,16968.0,13617.2,140.572,31.512,1063.8,1063.8,1063.8,1063.8,1063.8,12821.1,4146.9,140.572,31.512,33.414,153.183,1063.8,33.206,34.273,35.341,36.408,37.475,38.543,31.512,25791.6,18080.9,153.183,31.512,1063.8,1063.8,1063.8,1063.8,1063.8,20634.5,5157.1,153.183,31.512,93.877,102.297,0.855,1.778,2.931,3.738,4.084
2026-07,CGE,CGE DISTRIBUCIÓN,Loncoche,STxE-18-A,Aéreo,17136.5,13738.3,140.572,31.512,1063.8,1063.8,1063.8,1063.8,1063.8,12888.2,4248.3,140.572,31.512,33.414,153.183,1063.8,53.54,53.54,53.54,53.54,53.54,53.54,31.512,34275.0,23659.2,153.183,31.512,1063.8,1063.8,1063.8,1063.8,1063.8,24408.8,9866.2,153.183,31.512,93.877,102.297,0.855,1.778,2.931,3.738,4.084
2026-07,CGE,CGE DISTRIBUCIÓN,Longaví,STxE-1-A,Aéreo,17301.2,13856.8,140.572,31.512,1063.8,1063.8,1063.8,1063.8,1063.8,12953.9,4347.3,140.572,31.512,33.414,153.183,1063.8,42.835,43.966,45.096,46.228,47.358,48.489,31.512,29871.0,20763.4,153.183,31.512,1063.8,1063.8,1063.8,1063.8,1063.8,22588.1,7282.9,153.183,31.512,93.877,102.297,0.855,1.778,2.931,3.738,4.084
2026-07,CGE,CGE DISTRIBUCIÓN,Los Ángeles,STxE-11-A,Aéreo,16988.9,13632.3,140.572,31.512,1063.8,1063.8,1063.8,1063.8,1063.8,12829.4,4159.5,140.572,31.512,33.414,153.183,1063.8,71.388,71.388,71.388,71.388,71.388,71.388,31.512,41695.6,28538.9,153.183,31.512,1063.8,1063.8,1063.8,1063.8,1063.8,27548.3,14147.3,153.183,31.512,93.877,102.297,0.855,1.778,2.931,3.738,4.084
2026-07,CGE,CGE DISTRIBUCIÓN,Machalí,STxE-1-A,Aéreo,16968.0,13617.2,133.911,31.512,1063.8,1063.8,1063.8,1063.8,1063.8,12821.1,4146.9,133.911,31.512,33.414,145.923,1063.8,33.206,34.273,35.341,36.408,37.475,38.543,31.512,25791.6,18080.9,145.923,31.512,1063.8,1063.8,1063.8,1063.8,1063.8,20634.5,5157.1,145.923,31.512,88.278,96.197,0.855,1.778,2.931,3.738,4.084
2026-07,CGE,CGE DISTRIBUCIÓN,Malloa,STxE-1-A,Aéreo,16968.0,13617.2,140.572,31.512,1063.8,1063.8,1063.8,1063.8,1063.8,12821.1,4146.9,140.572,31.512,33.414,153.183,1063.8,33.206,34.273,35.341,36.408,37.475,38.543,31.512,25791.6,18080.9,153.183,31.512,1063.8,1063.8,1063.8,1063.8,1063.8,20634.5,5157.1,153.183,31.512,93.877,102.297,0.855,1.778,2.931,3.738,4.084
2026-07,CGE,CGE DISTRIBUCIÓN,Marchihue,STxE-6-A,Aéreo,16968.0,13617.2,133.911,31.512,1063.8,1063.8,1063.8,1063.8,1063.8,12821.1,4146.9,133.911,31.512,33.414,145.923,1063.8,33.206,34.273,35.341,36.408,37.475,38.543,31.512,25791.6,18080.9,145.923,31.512,1063.8,1063.8,1063.8,1063.8,1063.8,20634.5,5157.1,145.923,31.512,88.278,96.197,0.855,1.778,2.931,3.738,4.084
2026-07,CGE,CGE DISTRIBUCIÓN,María Pinto,STxD-6-A,Aéreo,16683.0,13374.2,138.454,20.489,1063.8,1063.8,1063.8,1063.8,1063.8,12544.7,4138.3,138.454,20.489,32.516,150.873,1063.8,33.206,34.258,35.308,36.36,37.411,38.463,20.489,25490.6,17852.7,150.873,20.489,1063.8,1063.8,1063.8,1063.8,1063.8,20344.2,5146.5,150.873,20.489,92.096,100.357,0.855,1.778,2.931,3.738,4.084
2026-07,CGE,CGE DISTRIBUCIÓN,María Pinto,STxE-6-A,Aéreo,16968.0,13617.2,140.572,31.512,1063.8,1063.8,1063.8,1063.8,1063.8,12821.1,4146.9,140.572,31.512,33.414,153.183,1063.8,33.206,34.273,35.341,36.408,37.475,38.543,31.512,25791.6,18080.9,153.183,31.512,1063.8,1063.8,1063.8,1063.8,1063.8,20634.5,5157.1,153.183,31.512,93.877,102.297,0.855,1.778,2.931,3.738,4.084
2026-07,CGE,CGE DISTRIBUCIÓN,Maule,STxE-14-A,Aéreo,16968.0,13617.2,140.572,31.512,1063.8,1063.8,1063.8,1063.8,1063.8,12821.1,4146.9,140.572,31.512,33.414,153.183,1063.8,33.206,34.273,35.341,36.408,37.475,38.543,31.512,25791.6,18080.9,153.183,31.512,1063.8,1063.8,1063.8,1063.8,1063.8,20634.5,5157.1,153.183,31.512,93.877,102.297,0.855,1.778,2.931,3.738,4.084
2026-07,CGE,CGE DISTRIBUCIÓN,Melipilla,STxE-6-A,Aéreo,16968.0,13617.2,140.572,31.512,1063.8,1063.8,1063.8,1063.8,1063.8,12821.1,4146.9,140.572,31.512,33.414,153.183,1063.8,33.206,34.273,35.341,36.408,37.475,38.543,31.512,25791.6,18080.9,153.183,31.512,1063.8,1063.8,1063.8,1063.8,1063.8,20634.5,5157.1,153.183,31.512,93.877,102.297,0.855,1.778,2.931,3.738,4.084
2026-07,CGE,CGE DISTRIBUCIÓN,Molina,STxE-6-A,Aéreo,16968.0,13617.2,140.572,31.512,1063.8,1063.8,1063.8,1063.8,1063.8,12821.1,4146.9,140.572,31.512,33.414,153.183,1063.8,33.206,34.273,35.341,36.408,37.475,38.543,31.512,25791.6,18080.9,153.183,31.512,1063.8,1063.8,1063.8,1063.8,1063.8,20634.5,5157.1,153.183,31.512,93.877,102.297,0.855,1.778,2.931,3.738,4.084
2026-07,CGE,CGE DISTRIBUCIÓN,Mostazal,STxE-1-A,Aéreo,16968.0,13617.2,129.111,31.512,1063.8,1063.8,1063.8,1063.8,1063.8,12821.1,4146.9,129.111,31.512,33.414,140.693,1063.8,33.206,34.273,35.341,36.408,37.475,38.543,31.512,25791.6,18080.9,140.693,31.512,1063.8,1063.8,1063.8,1063.8,1063.8,20634.5,5157.1,140.693,31.512,84.244,91.8,0.855,1.778,2.931,3.738,4.084
2026-07,CGE,CGE DISTRIBUCIÓN,Mulchén,STxE-2-A,Aéreo,17136.5,13738.3,140.572,31.512,1063.8,1063.8,1063.8,1063.8,1063.8,12888.2,4248.3,140.572,31.512,33.414,153.183,1063.8,53.54,53.54,53.54,53.54,53.54,53.54,31.512,34275.0,23659.2,153.183,31.512,1063.8,1063.8,1063.8,1063.8,1063.8,24408.8,9866.2,153.183,31.512,93.877,102.297,0.855,1.778,2.931,3.738,4.084
2026-07,CGE,CGE DISTRIBUCIÓN,Nancagua,STxE-6-A,Aéreo,16968.0,13617.2,140.572,31.512,1063.8,1063.8,1063.8,1063.8,1063.8,12821.1,4146.9,140.572,31.512,33.414,153.183,1063.8,33.206,34.273,35.341,36.408,37.475,38.543,31.512,25791.6,18080.9,153.183,31.512,1063.8,1063.8,1063.8,1063.8,1063.8,20634.5,5157.1,153.183,31.512,93.877,102.297,0.855,1.778,2.931,3.738,4.084
2026-07,CGE,CGE DISTRIBUCIÓN,Navidad,STxE-6-A,Aéreo,16968.0,13617.2,140.572,31.512,1063.8,1063.8,1063.8,1063.8,1063.8,12821.1,4146.9,140.572,31.512,33.414,153.183,1063.8,33.206,34.273,35.341,36.408,37.475,38.543,31.512,25791.6,18080.9,153.183,31.512,1063.8,1063.8,1063.8,1063.8,1063.8,20634.5,5157.1,153.183,31.512,93.877,102.297,0.855,1.778,2.931,3.738,4.084
2026-07,CGE,CGE DISTRIBUCIÓN,Ninhue,STxE-27-A,Aéreo,17136.5,13738.3,140.572,31.512,1063.8,1063.8,1063.8,1063.8,1063.8,12888.2,4248.3,140.572,31.512,33.414,153.183,1063.8,53.54,53.54,53.54,53.54,53.54,53.54,31.512,34275.0,23659.2,153.183,31.512,1063.8,1063.8,1063.8,1063.8,1063.8,24408.8,9866.2,153.183,31.512,93.877,102.297,0.855,1.778,2.931,3.738,4.084
2026-07,CGE,CGE DISTRIBUCIÓN,Olivar,STxE-1-A,Aéreo,16968.0,13617.2,140.572,31.512,1063.8,1063.8,1063.8,1063.8,1063.8,12821.1,4146.9,140.572,31.512,33.414,153.183,1063.8,33.206,34.273,35.341,36.408,37.475,38.543,31.512,25791.6,18080.9,153.183,31.512,1063.8,1063.8,1063.8,1063.8,1063.8,20634.5,5157.1,153.183,31.512,93.877,102.297,0.855,1.778,2.931,3.738,4.084
2026-07,CGE,CGE DISTRIBUCIÓN,Padre Hurtado,STxD-3-A,Aéreo,16683.0,13374.2,138.454,20.489,1063.8,1063.8,1063.8,1063.8,1063.8,12544.7,4138.3,138.454,20.489,32.516,150.873,1063.8,33.206,34.258,35.308,36.36,37.411,38.463,20.489,25490.6,17852.7,150.873,20.489,1063.8,1063.8,1063.8,1063.8,1063.8,20344.2,5146.5,150.873,20.489,92.096,100.357,0.855,1.778,2.931,3.738,4.084
2026-07,CGE,CGE DISTRIBUCIÓN,Padre las Casas,STxE-20-A,Aéreo,17136.5,13738.3,140.572,31.512,1063.8,1063.8,1063.8,1063.8,1063.8,12888.2,4248.3,140.572,31.512,33.414,153.183,1063.8,53.54,53.54,53.54,53.54,53.54,53.54,31.512,34275.0,23659.2,153.183,31.512,1063.8,1063.8,1063.8,1063.8,1063.8,24408.8,9866.2,153.183,31.512,93.877,102.297,0.855,1.778,2.931,3.738,4.084
2026-07,CGE,CGE DISTRIBUCIÓN,Paine,STxE-1-A,Aéreo,16968.0,13617.2,140.572,31.512,1063.8,1063.8,1063.8,1063.8,1063.8,12821.1,4146.9,140.572,31.512,33.414,153.183,1063.8,33.206,34.273,35.341,36.408,37.475,38.543,31.512,25791.6,18080.9,153.183,31.512,1063.8,1063.8,1063.8,1063.8,1063.8,20634.5,5157.1,153.183,31.512,93.877,102.297,0.855,1.778,2.931,3.738,4.084
2026-07,CGE,CGE DISTRIBUCIÓN,Palmilla,STxE-6-A,Aéreo,16968.0,13617.2,140.572,31.512,1063.8,1063.8,1063.8,1063.8,1063.8,12821.1,4146.9,140.572,31.512,33.414,153.183,1063.8,33.206,34.273,35.341,36.408,37.475,38.543,31.512,25791.6,18080.9,153.183,31.512,1063.8,1063.8,1063.8,1063.8,1063.8,20634.5,5157.1,153.183,31.512,93.877,102.297,0.855,1.778,2.931,3.738,4.084
2026-07,CGE,CGE DISTRIBUCIÓN,Paredones,STxE-6-A,Aéreo,16968.0,13617.2,140.572,31.512,1063.8,1063.8,1063.8,1063.8,1063.8,12821.1,4146.9,140.572,31.512,33.414,153.183,1063.8,33.206,34.273,35.341,36.408,37.475,38.543,31.512,25791.6,18080.9,153.183,31.512,1063.8,1063.8,1063.8,1063.8,1063.8,20634.5,5157.1,153.183,31.512,93.877,102.297,0.855,1.778,2.931,3.738,4.084
2026-07,CGE,CGE DISTRIBUCIÓN,Parral,STxE-25-A,Aéreo,17136.5,13738.3,140.572,31.512,1063.8,1063.8,1063.8,1063.8,1063.8,12888.2,4248.3,140.572,31.512,33.414,153.183,1063.8,53.54,53.54,53.54,53.54,53.54,53.54,31.512,34275.0,23659.2,153.183,31.512,1063.8,1063.8,1063.8,1063.8,1063.8,24408.8,9866.2,153.183,31.512,93.877,102.297,0.855,1.778,2.931,3.738,4.084
2026-07,CGE,CGE DISTRIBUCIÓN,Pelarco,STxE-4-A,Aéreo,16968.0,13617.2,140.572,31.512,1063.8,1063.8,1063.8,1063.8,1063.8,12821.1,4146.9,140.572,31.512,33.414,153.183,1063.8,33.206,34.273,35.341,36.408,37.475,38.543,31.512,25791.6,18080.9,153.183,31.512,1063.8,1063.8,1063.8,1063.8,1063.8,20634.5,5157.1,153.183,31.512,93.877,102.297,0.855,1.778,2.931,3.738,4.084
2026-07,CGE,CGE DISTRIBUCIÓN,Pelluhue,STxE-6-A,Aéreo,16968.0,13617.2,140.572,31.512,1063.8,1063.8,1063.8,1063.8,1063.8,12821.1,4146.9,140.572,31.512,33.414,153.183,1063.8,33.206,34.273,35.341,36.408,37.475,38.543,31.512,25791.6,18080.9,153.183,31.512,1063.8,1063.8,1063.8,1063.8,1063.8,20634.5,5157.1,153.183,31.512,93.877,102.297,0.855,1.778,2.931,3.738,4.084
2026-07,CGE,CGE DISTRIBUCIÓN,Pencahue,STxE-14-A,Aéreo,16968.0,13617.2,140.572,31.512,1063.8,1063.8,1063.8,1063.8,1063.8,12821.1,4146.9,140.572,31.512,33.414,153.183,1063.8,33.206,34.273,35.341,36.408,37.475,38.543,31.512,25791.6,18080.9,153.183,31.512,1063.8,1063.8,1063.8,1063.8,1063.8,20634.5,5157.1,153.183,31.512,93.877,102.297,0.855,1.778,2.931,3.738,4.084
2026-07,CGE,CGE DISTRIBUCIÓN,Penco,STxE-2-A,Aéreo,16968.0,13617.2,140.572,31.512,1063.8,1063.8,1063.8,1063.8,1063.8,12821.1,4146.9,140.572,31.512,33.414,153.183,1063.8,33.206,34.273,35.341,36.408,37.475,38.543,31.512,25791.6,18080.9,153.183,31.512,1063.8,1063.8,1063.8,1063.8,1063.8,20634.5,5157.1,153.183,31.512,93.877,102.297,0.855,1.778,2.931,3.738,4.084
2026-07,CGE,CGE DISTRIBUCIÓN,Peralillo,STxE-6-A,Aéreo,16968.0,13617.2,140.572,31.512,1063.8,1063.8,1063.8,1063.8,1063.8,12821.1,4146.9,140.572,31.512,33.414,153.183,1063.8,33.206,34.273,35.341,36.408,37.475,38.543,31.512,25791.6,18080.9,153.183,31.512,1063.8,1063.8,1063.8,1063.8,1063.8,20634.5,5157.1,153.183,31.512,93.877,102.297,0.855,1.778,2.931,3.738,4.084
2026-07,CGE,CGE DISTRIBUCIÓN,Peumo,STxE-1-A,Aéreo,16968.0,13617.2,140.572,31.512,1063.8,1063.8,1063.8,1063.8,1063.8,12821.1,4146.9,140.572,31.512,33.414,153.183,1063.8,33.206,34.273,35.341,36.408,37.475,38.543,31.512,25791.6,18080.9,153.183,31.512,1063.8,1063.8,1063.8,1063.8,1063.8,20634.5,5157.1,153.183,31.512,93.877,102.297,0.855,1.778,2.931,3.738,4.084
2026-07,CGE,CGE DISTRIBUCIÓN,Peñaflor,STxD-3-A,Aéreo,16683.0,13374.2,138.454,20.489,1063.8,1063.8,1063.8,1063.8,1063.8,12544.7,4138.3,138.454,20.489,32.516,150.873,1063.8,33.206,34.258,35.308,36.36,37.411,38.463,20.489,25490.6,17852.7,150.873,20.489,1063.8,1063.8,1063.8,1063.8,1063.8,20344.2,5146.5,150.873,20.489,92.096,100.357,0.855,1.778,2.931,3.738,4.084
2026-07,CGE,CGE DISTRIBUCIÓN,Peñaflor,STxE-3-A,Aéreo,16798.6,13495.3,140.572,31.512,1063.8,1063.8,1063.8,1063.8,1063.8,12753.6,4045.0,140.572,31.512,33.414,153.183,1063.8,33.206,34.084,34.962,35.84,36.719,37.596,31.512,25403.5,17825.6,153.183,31.512,1063.8,1063.8,1063.8,1063.8,1063.8,20372.9,5030.5,153.183,31.512,93.877,102.297,0.855,1.778,2.931,3.738,4.084
2026-07,CGE,CGE DISTRIBUCIÓN,Pichidegua,STxE-1-A,Aéreo,16968.0,13617.2,129.111,31.512,1063.8,1063.8,1063.8,1063.8,1063.8,12821.1,4146.9,129.111,31.512,33.414,140.693,1063.8,33.206,34.273,35.341,36.408,37.475,38.543,31.512,25791.6,18080.9,140.693,31.512,1063.8,1063.8,1063.8,1063.8,1063.8,20634.5,5157.1,140.693,31.512,84.244,91.8,0.855,1.778,2.931,3.738,4.084
2026-07,CGE,CGE DISTRIBUCIÓN,Pichilemu,STxE-6-A,Aéreo,16968.0,13617.2,140.572,31.512,1063.8,1063.8,1063.8,1063.8,1063.8,12821.1,4146.9,140.572,31.512,33.414,153.183,1063.8,33.206,34.273,35.341,36.408,37.475,38.543,31.512,25791.6,18080.9,153.183,31.512,1063.8,1063.8,1063.8,1063.8,1063.8,20634.5,5157.1,153.183,31.512,93.877,102.297,0.855,1.778,2.931,3.738,4.084
2026-07,CGE,CGE DISTRIBUCIÓN,Pinto,STxE-26-A,Aéreo,17136.5,13738.3,140.572,31.512,1063.8,1063.8,1063.8,1063.8,1063.8,12888.2,4248.3,140.572,31.512,33.414,153.183,1063.8,53.54,53.54,53.54,53.54,53.54,53.54,31.512,34275.0,23659.2,153.183,31.512,1063.8,1063.8,1063.8,1063.8,1063.8,24408.8,9866.2,153.183,31.512,93.877,102.297,0.855,1.778,2.931,3.738,4.084
2026-07,CGE,CGE DISTRIBUCIÓN,Pirque,STxD-1-A,Aéreo,16683.0,13374.2,131.92,20.489,1063.8,1063.8,1063.8,1063.8,1063.8,12544.7,4138.3,131.92,20.489,32.516,143.753,1063.8,33.206,34.258,35.308,36.36,37.411,38.463,20.489,25490.6,17852.7,143.753,20.489,1063.8,1063.8,1063.8,1063.8,1063.8,20344.2,5146.5,143.753,20.489,86.606,94.374,0.855,1.778,2.931,3.738,4.084
2026-07,CGE,CGE DISTRIBUCIÓN,Pitrufquén,STxE-20-A,Aéreo,17136.5,13738.3,140.572,31.512,1063.8,1063.8,1063.8,1063.8,1063.8,12888.2,4248.3,140.572,31.512,33.414,153.183,1063.8,53.54,53.54,53.54,53.54,53.54,53.54,31.512,34275.0,23659.2,153.183,31.512,1063.8,1063.8,1063.8,1063.8,1063.8,24408.8,9866.2,153.183,31.512,93.877,102.297,0.855,1.778,2.931,3.738,4.084
2026-07,CGE,CGE DISTRIBUCIÓN,Placilla,STxE-6-A,Aéreo,16968.0,13617.2,140.572,31.512,1063.8,1063.8,1063.8,1063.8,1063.8,12821.1,4146.9,140.572,31.512,33.414,153.183,1063.8,33.206,34.273,35.341,36.408,37.475,38.543,31.512,25791.6,18080.9,153.183,31.512,1063.8,1063.8,1063.8,1063.8,1063.8,20634.5,5157.1,153.183,31.512,93.877,102.297,0.855,1.778,2.931,3.738,4.084
2026-07,CGE,CGE DISTRIBUCIÓN,Portezuelo,STxE-26-A,Aéreo,17136.5,13738.3,140.572,31.512,1063.8,1063.8,1063.8,1063.8,1063.8,12888.2,4248.3,140.572,31.512,33.414,153.183,1063.8,53.54,53.54,53.54,53.54,53.54,53.54,31.512,34275.0,23659.2,153.183,31.512,1063.8,1063.8,1063.8,1063.8,1063.8,24408.8,9866.2,153.183,31.512,93.877,102.297,0.855,1.778,2.931,3.738,4.084
2026-07,CGE,CGE DISTRIBUCIÓN,Pucón,STxE-2-A,Aéreo,16968.0,13617.2,140.572,31.512,1063.8,1063.8,1063.8,1063.8,1063.8,12821.1,4146.9,140.572,31.512,33.414,153.183,1063.8,33.206,34.273,35.341,36.408,37.475,38.543,31.512,25791.6,18080.9,153.183,31.512,1063.8,1063.8,1063.8,1063.8,1063.8,20634.5,5157.1,153.183,31.512,93.877,102.297,0.855,1.778,2.931,3.738,4.084
2026-07,CGE,CGE DISTRIBUCIÓN,Puente Alto,STxD-3-A,Aéreo,17340.2,13846.8,138.454,20.489,1063.8,1063.8,1063.8,1063.8,1063.8,12806.7,4533.5,138.454,20.489,32.516,150.873,1063.8,28.556,29.587,30.619,31.649,32.68,33.712,20.489,23541.8,16571.2,150.873,20.489,1063.8,1063.8,1063.8,1063.8,1063.8,19859.7,3682.1,150.873,20.489,92.096,100.357,0.855,1.778,2.931,3.738,4.084
2026-07,CGE,CGE DISTRIBUCIÓN,Pumanque,STxE-6-A,Aéreo,16968.0,13617.2,140.572,31.512,1063.8,1063.8,1063.8,1063.8,1063.8,12821.1,4146.9,140.572,31.512,33.414,153.183,1063.8,33.206,34.273,35.341,36.408,37.475,38.543,31.512,25791.6,18080.9,153.183,31.512,1063.8,1063.8,1063.8,1063.8,1063.8,20634.5,5157.1,153.183,31.512,93.877,102.297,0.855,1.778,2.931,3.738,4.084
2026-07,CGE,CGE DISTRIBUCIÓN,Quinta de Tilcoco,STxE-1-A,Aéreo,16968.0,13617.2,140.572,31.512,1063.8,1063.8,1063.8,1063.8,1063.8,12821.1,4146.9,140.572,31.512,33.414,153.183,1063.8,33.206,34.273,35.341,36.408,37.475,38.543,31.512,25791.6,18080.9,153.183,31.512,1063.8,1063.8,1063.8,1063.8,1063.8,20634.5,5157.1,153.183,31.512,93.877,102.297,0.855,1.778,2.931,3.738,4.084
2026-07,CGE,CGE DISTRIBUCIÓN,Quirihue,STxE-6-A,Aéreo,17136.5,13738.3,140.572,31.512,1063.8,1063.8,1063.8,1063.8,1063.8,12888.2,4248.3,140.572,31.512,33.414,153.183,1063.8,53.54,53.54,53.54,53.54,53.54,53.54,31.512,34275.0,23659.2,153.183,31.512,1063.8,1063.8,1063.8,1063.8,1063.8,24408.8,9866.2,153.183,31.512,93.877,102.297,0.855,1.778,2.931,3.738,4.084
2026-07,CGE,CGE DISTRIBUCIÓN,Rancagua,STxE-1-A,Aéreo,16968.0,13617.2,140.572,31.512,1063.8,1063.8,1063.8,1063.8,1063.8,12821.1,4146.9,140.572,31.512,33.414,153.183,1063.8,33.206,34.273,35.341,36.408,37.475,38.543,31.512,25791.6,18080.9,153.183,31.512,1063.8,1063.8,1063.8,1063.8,1063.8,20634.5,5157.1,153.183,31.512,93.877,102.297,0.855,1.778,2.931,3.738,4.084
2026-07,CGE,CGE DISTRIBUCIÓN,Rancagua,STxE-1-S1,Subt.1,21794.9,17088.4,140.572,31.512,1063.8,1063.8,1063.8,1063.8,1063.8,14744.9,7049.9,140.572,31.512,33.414,153.183,1063.8,42.651,44.022,45.393,46.763,48.134,49.505,31.512,30287.8,21037.4,153.183,31.512,1063.8,1063.8,1063.8,1063.8,1063.8,23663.7,6624.0,153.183,31.512,93.877,102.297,0.855,1.778,2.931,3.738,4.084
2026-07,CGE,CGE DISTRIBUCIÓN,Rancagua,STxE-1-S2,Subt.2,16968.0,13617.2,140.572,31.512,1063.8,1063.8,1063.8,1063.8,1063.8,12821.1,4146.9,140.572,31.512,33.414,153.183,1063.8,39.121,40.379,41.636,42.894,44.151,45.408,31.512,28607.5,19932.5,153.183,31.512,1063.8,1063.8,1063.8,1063.8,1063.8,22531.7,6075.8,153.183,31.512,93.877,102.297,0.855,1.778,2.931,3.738,4.084
2026-07,CGE,CGE DISTRIBUCIÓN,Rancagua,STxE-1-S3,Subt.3,21794.9,17088.4,140.572,31.512,1063.8,1063.8,1063.8,1063.8,1063.8,14744.9,7049.9,140.572,31.512,33.414,153.183,1063.8,48.566,49.185,49.804,50.423,51.041,51.66,31.512,33103.7,22889.1,153.183,31.512,1063.8,1063.8,1063.8,1063.8,1063.8,25561.0,7542.7,153.183,31.512,93.877,102.297,0.855,1.778,2.931,3.738,4.084
2026-07,CGE,CGE DISTRIBUCIÓN,Rauco,STxE-1-A,Aéreo,16968.0,13617.2,140.572,31.512,1063.8,1063.8,1063.8,1063.8,1063.8,12821.1,4146.9,140.572,31.512,33.414,153.183,1063.8,33.206,34.273,35.341,36.408,37.475,38.543,31.512,25791.6,18080.9,153.183,31.512,1063.8,1063.8,1063.8,1063.8,1063.8,20634.5,5157.1,153.183,31.512,93.877,102.297,0.855,1.778,2.931,3.738,4.084
2026-07,CGE,CGE DISTRIBUCIÓN,Rengo,STxE-1-A,Aéreo,16968.0,13617.2,140.572,31.512,1063.8,1063.8,1063.8,1063.8,1063.8,12821.1,4146.9,140.572,31.512,33.414,153.183,1063.8,33.206,34.273,35.341,36.408,37.475,38.543,31.512,25791.6,18080.9,153.183,31.512,1063.8,1063.8,1063.8,1063.8,1063.8,20634.5,5157.1,153.183,31.512,93.877,102.297,0.855,1.778,2.931,3.738,4.084
2026-07,CGE,CGE DISTRIBUCIÓN,Requínoa,STxE-1-A,Aéreo,16968.0,13617.2,133.911,31.512,1063.8,1063.8,1063.8,1063.8,1063.8,12821.1,4146.9,133.911,31.512,33.414,145.923,1063.8,33.206,34.273,35.341,36.408,37.475,38.543,31.512,25791.6,18080.9,145.923,31.512,1063.8,1063.8,1063.8,1063.8,1063.8,20634.5,5157.1,145.923,31.512,88.278,96.197,0.855,1.778,2.931,3.738,4.084
2026-07,CGE,CGE DISTRIBUCIÓN,Retiro,STxE-25-A,Aéreo,17136.5,13738.3,140.572,31.512,1063.8,1063.8,1063.8,1063.8,1063.8,12888.2,4248.3,140.572,31.512,33.414,153.183,1063.8,53.54,53.54,53.54,53.54,53.54,53.54,31.512,34275.0,23659.2,153.183,31.512,1063.8,1063.8,1063.8,1063.8,1063.8,24408.8,9866.2,153.183,31.512,93.877,102.297,0.855,1.778,2.931,3.738,4.084
2026-07,CGE,CGE DISTRIBUCIÓN,Romeral,STxE-1-A,Aéreo,16968.0,13617.2,140.572,31.512,1063.8,1063.8,1063.8,1063.8,1063.8,12821.1,4146.9,140.572,31.512,33.414,153.183,1063.8,33.206,34.273,35.341,36.408,37.475,38.543,31.512,25791.6,18080.9,153.183,31.512,1063.8,1063.8,1063.8,1063.8,1063.8,20634.5,5157.1,153.183,31.512,93.877,102.297,0.855,1.778,2.931,3.738,4.084
2026-07,CGE,CGE DISTRIBUCIÓN,Ránquil,STxE-6-A,Aéreo,17136.5,13738.3,129.111,31.512,1063.8,1063.8,1063.8,1063.8,1063.8,12888.2,4248.3,129.111,31.512,33.414,140.693,1063.8,53.54,53.54,53.54,53.54,53.54,53.54,31.512,34275.0,23659.2,140.693,31.512,1063.8,1063.8,1063.8,1063.8,1063.8,24408.8,9866.2,140.693,31.512,84.244,91.8,0.855,1.778,2.931,3.738,4.084
2026-07,CGE,CGE DISTRIBUCIÓN,Río Claro,STxE-14-A,Aéreo,16968.0,13617.2,140.572,31.512,1063.8,1063.8,1063.8,1063.8,1063.8,12821.1,4146.9,140.572,31.512,33.414,153.183,1063.8,33.206,34.273,35.341,36.408,37.475,38.543,31.512,25791.6,18080.9,153.183,31.512,1063.8,1063.8,1063.8,1063.8,1063.8,20634.5,5157.1,153.183,31.512,93.877,102.297,0.855,1.778,2.931,3.738,4.084
2026-07,CGE,CGE DISTRIBUCIÓN,Sagrada Familia,STxE-1-A,Aéreo,16968.0,13617.2,140.572,31.512,1063.8,1063.8,1063.8,1063.8,1063.8,12821.1,4146.9,140.572,31.512,33.414,153.183,1063.8,33.206,34.273,35.341,36.408,37.475,38.543,31.512,25791.6,18080.9,153.183,31.512,1063.8,1063.8,1063.8,1063.8,1063.8,20634.5,5157.1,153.183,31.512,93.877,102.297,0.855,1.778,2.931,3.738,4.084
2026-07,CGE,CGE DISTRIBUCIÓN,San Antonio,STxE-6-A,Aéreo,16968.0,13617.2,140.572,31.512,1063.8,1063.8,1063.8,1063.8,1063.8,12821.1,4146.9,140.572,31.512,33.414,153.183,1063.8,33.206,34.273,35.341,36.408,37.475,38.543,31.512,25791.6,18080.9,153.183,31.512,1063.8,1063.8,1063.8,1063.8,1063.8,20634.5,5157.1,153.183,31.512,93.877,102.297,0.855,1.778,2.931,3.738,4.084
2026-07,CGE,CGE DISTRIBUCIÓN,San Bernardo,STxD-3-A,Aéreo,16683.0,13374.2,138.454,20.489,1063.8,1063.8,1063.8,1063.8,1063.8,12544.7,4138.3,138.454,20.489,32.516,150.873,1063.8,33.206,34.258,35.308,36.36,37.411,38.463,20.489,25490.6,17852.7,150.873,20.489,1063.8,1063.8,1063.8,1063.8,1063.8,20344.2,5146.5,150.873,20.489,92.096,100.357,0.855,1.778,2.931,3.738,4.084
2026-07,CGE,CGE DISTRIBUCIÓN,San Carlos,STxE-19-A,Aéreo,17136.5,13738.3,140.572,31.512,1063.8,1063.8,1063.8,1063.8,1063.8,12888.2,4248.3,140.572,31.512,33.414,153.183,1063.8,53.54,53.54,53.54,53.54,53.54,53.54,31.512,34275.0,23659.2,153.183,31.512,1063.8,1063.8,1063.8,1063.8,1063.8,24408.8,9866.2,153.183,31.512,93.877,102.297,0.855,1.778,2.931,3.738,4.084
2026-07,CGE,CGE DISTRIBUCIÓN,San Clemente,STxE-25-A,Aéreo,16968.0,13617.2,129.111,31.512,1063.8,1063.8,1063.8,1063.8,1063.8,12821.1,4146.9,129.111,31.512,33.414,140.693,1063.8,33.206,34.273,35.341,36.408,37.475,38.543,31.512,25791.6,18080.9,140.693,31.512,1063.8,1063.8,1063.8,1063.8,1063.8,20634.5,5157.1,140.693,31.512,84.244,91.8,0.855,1.778,2.931,3.738,4.084
2026-07,CGE,CGE DISTRIBUCIÓN,San Fabián,STxE-26-A,Aéreo,17136.5,13738.3,140.572,31.512,1063.8,1063.8,1063.8,1063.8,1063.8,12888.2,4248.3,140.572,31.512,33.414,153.183,1063.8,53.54,53.54,53.54,53.54,53.54,53.54,31.512,34275.0,23659.2,153.183,31.512,1063.8,1063.8,1063.8,1063.8,1063.8,24408.8,9866.2,153.183,31.512,93.877,102.297,0.855,1.778,2.931,3.738,4.084
2026-07,CGE,CGE DISTRIBUCIÓN,San Fernando,STxE-1-A,Aéreo,16968.0,13617.2,133.911,31.512,1063.8,1063.8,1063.8,1063.8,1063.8,12821.1,4146.9,133.911,31.512,33.414,145.923,1063.8,33.206,34.273,35.341,36.408,37.475,38.543,31.512,25791.6,18080.9,145.923,31.512,1063.8,1063.8,1063.8,1063.8,1063.8,20634.5,5157.1,145.923,31.512,88.278,96.197,0.855,1.778,2.931,3.738,4.084
2026-07,CGE,CGE DISTRIBUCIÓN,San Javier,STxE-15-A,Aéreo,17301.2,13856.8,140.572,31.512,1063.8,1063.8,1063.8,1063.8,1063.8,12953.9,4347.3,140.572,31.512,33.414,153.183,1063.8,42.835,43.966,45.096,46.228,47.358,48.489,31.512,29871.0,20763.4,153.183,31.512,1063.8,1063.8,1063.8,1063.8,1063.8,22588.1,7282.9,153.183,31.512,93.877,102.297,0.855,1.778,2.931,3.738,4.084
2026-07,CGE,CGE DISTRIBUCIÓN,San José de Maipo,STxD-3-A,Aéreo,16683.0,13374.2,127.21,20.489,1063.8,1063.8,1063.8,1063.8,1063.8,12544.7,4138.3,127.21,20.489,32.516,138.621,1063.8,33.206,34.258,35.308,36.36,37.411,38.463,20.489,25490.6,17852.7,138.621,20.489,1063.8,1063.8,1063.8,1063.8,1063.8,20344.2,5146.5,138.621,20.489,82.647,90.061,0.855,1.778,2.931,3.738,4.084
2026-07,CGE,CGE DISTRIBUCIÓN,San Nicolás,STxE-21-A,Aéreo,17136.5,13738.3,140.572,31.512,1063.8,1063.8,1063.8,1063.8,1063.8,12888.2,4248.3,140.572,31.512,33.414,153.183,1063.8,53.54,53.54,53.54,53.54,53.54,53.54,31.512,34275.0,23659.2,153.183,31.512,1063.8,1063.8,1063.8,1063.8,1063.8,24408.8,9866.2,153.183,31.512,93.877,102.297,0.855,1.778,2.931,3.738,4.084
2026-07,CGE,CGE DISTRIBUCIÓN,San Pedro,STxE-6-A,Aéreo,16968.0,13617.2,133.911,31.512,1063.8,1063.8,1063.8,1063.8,1063.8,12821.1,4146.9,133.911,31.512,33.414,145.923,1063.8,33.206,34.273,35.341,36.408,37.475,38.543,31.512,25791.6,18080.9,145.923,31.512,1063.8,1063.8,1063.8,1063.8,1063.8,20634.5,5157.1,145.923,31.512,88.278,96.197,0.855,1.778,2.931,3.738,4.084
2026-07,CGE,CGE DISTRIBUCIÓN,San Rafael,STxE-1-A,Aéreo,16968.0,13617.2,140.572,31.512,1063.8,1063.8,1063.8,1063.8,1063.8,12821.1,4146.9,140.572,31.512,33.414,153.183,1063.8,33.206,34.273,35.341,36.408,37.475,38.543,31.512,25791.6,18080.9,153.183,31.512,1063.8,1063.8,1063.8,1063.8,1063.8,20634.5,5157.1,153.183,31.512,93.877,102.297,0.855,1.778,2.931,3.738,4.084
2026-07,CGE,CGE DISTRIBUCIÓN,San Vicente,STxE-1-A,Aéreo,16968.0,13617.2,140.572,31.512,1063.8,1063.8,1063.8,1063.8,1063.8,12821.1,4146.9,140.572,31.512,33.414,153.183,1063.8,33.206,34.273,35.341,36.408,37.475,38.543,31.512,25791.6,18080.9,153.183,31.512,1063.8,1063.8,1063.8,1063.8,1063.8,20634.5,5157.1,153.183,31.512,93.877,102.297,0.855,1.778,2.931,3.738,4.084
2026-07,CGE,CGE DISTRIBUCIÓN,Santa Cruz,STxE-6-A,Aéreo,16968.0,13617.2,140.572,31.512,1063.8,1063.8,1063.8,1063.8,1063.8,12821.1,4146.9,140.572,31.512,33.414,153.183,1063.8,33.206,34.273,35.341,36.408,37.475,38.543,31.512,25791.6,18080.9,153.183,31.512,1063.8,1063.8,1063.8,1063.8,1063.8,20634.5,5157.1,153.183,31.512,93.877,102.297,0.855,1.778,2.931,3.738,4.084
2026-07,CGE,CGE DISTRIBUCIÓN,Santo Domingo,STxE-6-A,Aéreo,16968.0,13617.2,140.572,31.512,1063.8,1063.8,1063.8,1063.8,1063.8,12821.1,4146.9,140.572,31.512,33.414,153.183,1063.8,33.206,34.273,35.341,36.408,37.475,38.543,31.512,25791.6,18080.9,153.183,31.512,1063.8,1063.8,1063.8,1063.8,1063.8,20634.5,5157.1,153.183,31.512,93.877,102.297,0.855,1.778,2.931,3.738,4.084
2026-07,CGE,CGE DISTRIBUCIÓN,Talagante,STxD-6-A,Aéreo,16683.0,13374.2,138.454,20.489,1063.8,1063.8,1063.8,1063.8,1063.8,12544.7,4138.3,138.454,20.489,32.516,150.873,1063.8,33.206,34.258,35.308,36.36,37.411,38.463,20.489,25490.6,17852.7,150.873,20.489,1063.8,1063.8,1063.8,1063.8,1063.8,20344.2,5146.5,150.873,20.489,92.096,100.357,0.855,1.778,2.931,3.738,4.084
2026-07,CGE,CGE DISTRIBUCIÓN,Talagante,STxE-6-A,Aéreo,16968.0,13617.2,140.572,31.512,1063.8,1063.8,1063.8,1063.8,1063.8,12821.1,4146.9,140.572,31.512,33.414,153.183,1063.8,33.206,34.273,35.341,36.408,37.475,38.543,31.512,25791.6,18080.9,153.183,31.512,1063.8,1063.8,1063.8,1063.8,1063.8,20634.5,5157.1,153.183,31.512,93.877,102.297,0.855,1.778,2.931,3.738,4.084
2026-07,CGE,CGE DISTRIBUCIÓN,Talca,STxE-7-A,Aéreo,16968.0,13617.2,140.572,31.512,1063.8,1063.8,1063.8,1063.8,1063.8,12821.1,4146.9,140.572,31.512,33.414,153.183,1063.8,33.206,34.273,35.341,36.408,37.475,38.543,31.512,25791.6,18080.9,153.183,31.512,1063.8,1063.8,1063.8,1063.8,1063.8,20634.5,5157.1,153.183,31.512,93.877,102.297,0.855,1.778,2.931,3.738,4.084
2026-07,CGE,CGE DISTRIBUCIÓN,Talca,STxE-7-S1,Subt.1,21794.9,17088.4,140.572,31.512,1063.8,1063.8,1063.8,1063.8,1063.8,14744.9,7049.9,140.572,31.512,33.414,153.183,1063.8,42.651,44.022,45.393,46.763,48.134,49.505,31.512,30287.8,21037.4,153.183,31.512,1063.8,1063.8,1063.8,1063.8,1063.8,23663.7,6624.0,153.183,31.512,93.877,102.297,0.855,1.778,2.931,3.738,4.084
2026-07,CGE,CGE DISTRIBUCIÓN,Talca,STxE-7-S2,Subt.2,16968.0,13617.2,140.572,31.512,1063.8,1063.8,1063.8,1063.8,1063.8,12821.1,4146.9,140.572,31.512,33.414,153.183,1063.8,39.121,40.379,41.636,42.894,44.151,45.408,31.512,28607.5,19932.5,153.183,31.512,1063.8,1063.8,1063.8,1063.8,1063.8,22531.7,6075.8,153.183,31.512,93.877,102.297,0.855,1.778,2.931,3.738,4.084
2026-07,CGE,CGE DISTRIBUCIÓN,Talcahuano,STxE-2-A,Aéreo,16968.0,13617.2,140.572,31.512,1063.8,1063.8,1063.8,1063.8,1063.8,12821.1,4146.9,140.572,31.512,33.414,153.183,1063.8,33.206,34.273,35.341,36.408,37.475,38.543,31.512,25791.6,18080.9,153.183,31.512,1063.8,1063.8,1063.8,1063.8,1063.8,20634.5,5157.1,153.183,31.512,93.877,102.297,0.855,1.778,2.931,3.738,4.084
2026-07,CGE,CGE DISTRIBUCIÓN,Temuco,STxE-9-A,Aéreo,17136.5,13738.3,140.572,31.512,1063.8,1063.8,1063.8,1063.8,1063.8,12888.2,4248.3,140.572,31.512,33.414,153.183,1063.8,53.54,53.54,53.54,53.54,53.54,53.54,31.512,34275.0,23659.2,153.183,31.512,1063.8,1063.8,1063.8,1063.8,1063.8,24408.8,9866.2,153.183,31.512,93.877,102.297,0.855,1.778,2.931,3.738,4.084
2026-07,CGE,CGE DISTRIBUCIÓN,Temuco,STxE-9-S2,Subt.2,17136.5,13738.3,140.572,31.512,1063.8,1063.8,1063.8,1063.8,1063.8,12888.2,4248.3,140.572,31.512,33.414,153.183,1063.8,63.078,63.078,63.078,63.078,63.078,63.078,31.512,38602.1,26504.6,153.183,31.512,1063.8,1063.8,1063.8,1063.8,1063.8,26978.4,11623.7,153.183,31.512,93.877,102.297,0.855,1.778,2.931,3.738,4.084
2026-07,CGE,CGE DISTRIBUCIÓN,Teno,STxE-1-A,Aéreo,16968.0,13617.2,133.911,31.512,1063.8,1063.8,1063.8,1063.8,1063.8,12821.1,4146.9,133.911,31.512,33.414,145.923,1063.8,33.206,34.273,35.341,36.408,37.475,38.543,31.512,25791.6,18080.9,145.923,31.512,1063.8,1063.8,1063.8,1063.8,1063.8,20634.5,5157.1,145.923,31.512,88.278,96.197,0.855,1.778,2.931,3.738,4.084
2026-07,CGE,CGE DISTRIBUCIÓN,Tomé,STxE-2-A,Aéreo,17136.5,13738.3,140.572,31.512,1063.8,1063.8,1063.8,1063.8,1063.8,12888.2,4248.3,140.572,31.512,33.414,153.183,1063.8,53.54,53.54,53.54,53.54,53.54,53.54,31.512,34275.0,23659.2,153.183,31.512,1063.8,1063.8,1063.8,1063.8,1063.8,24408.8,9866.2,153.183,31.512,93.877,102.297,0.855,1.778,2.931,3.738,4.084
2026-07,CGE,CGE DISTRIBUCIÓN,Treguaco,STxE-26-A,Aéreo,17136.5,13738.3,140.572,31.512,1063.8,1063.8,1063.8,1063.8,1063.8,12888.2,4248.3,140.572,31.512,33.414,153.183,1063.8,53.54,53.54,53.54,53.54,53.54,53.54,31.512,34275.0,23659.2,153.183,31.512,1063.8,1063.8,1063.8,1063.8,1063.8,24408.8,9866.2,153.183,31.512,93.877,102.297,0.855,1.778,2.931,3.738,4.084
2026-07,CGE,CGE DISTRIBUCIÓN,Vichuquén,STxE-6-A,Aéreo,16968.0,13617.2,140.572,31.512,1063.8,1063.8,1063.8,1063.8,1063.8,12821.1,4146.9,140.572,31.512,33.414,153.183,1063.8,33.206,34.273,35.341,36.408,37.475,38.543,31.512,25791.6,18080.9,153.183,31.512,1063.8,1063.8,1063.8,1063.8,1063.8,20634.5,5157.1,153.183,31.512,93.877,102.297,0.855,1.778,2.931,3.738,4.084
2026-07,CGE,CGE DISTRIBUCIÓN,Vilcún,STxE-5-A,Aéreo,17136.5,13738.3,140.572,31.512,1063.8,1063.8,1063.8,1063.8,1063.8,12888.2,4248.3,140.572,31.512,33.414,153.183,1063.8,53.54,53.54,53.54,53.54,53.54,53.54,31.512,34275.0,23659.2,153.183,31.512,1063.8,1063.8,1063.8,1063.8,1063.8,24408.8,9866.2,153.183,31.512,93.877,102.297,0.855,1.778,2.931,3.738,4.084
2026-07,CGE,CGE DISTRIBUCIÓN,Villa Alegre,STxE-17-A,Aéreo,17301.2,13856.8,140.572,31.512,1063.8,1063.8,1063.8,1063.8,1063.8,12953.9,4347.3,140.572,31.512,33.414,153.183,1063.8,42.835,43.966,45.096,46.228,47.358,48.489,31.512,29871.0,20763.4,153.183,31.512,1063.8,1063.8,1063.8,1063.8,1063.8,22588.1,7282.9,153.183,31.512,93.877,102.297,0.855,1.778,2.931,3.738,4.084
2026-07,CGE,CGE DISTRIBUCIÓN,Villarrica,STxE-18-A,Aéreo,17136.5,13738.3,140.572,31.512,1063.8,1063.8,1063.8,1063.8,1063.8,12888.2,4248.3,140.572,31.512,33.414,153.183,1063.8,53.54,53.54,53.54,53.54,53.54,53.54,31.512,34275.0,23659.2,153.183,31.512,1063.8,1063.8,1063.8,1063.8,1063.8,24408.8,9866.2,153.183,31.512,93.877,102.297,0.855,1.778,2.931,3.738,4.084
2026-07,CGE,CGE DISTRIBUCIÓN,Yerbas Buenas,STxE-1-A,Aéreo,17301.2,13856.8,133.911,31.512,1063.8,1063.8,1063.8,1063.8,1063.8,12953.9,4347.3,133.911,31.512,33.414,145.923,1063.8,42.835,43.966,45.096,46.228,47.358,48.489,31.512,29871.0,20763.4,145.923,31.512,1063.8,1063.8,1063.8,1063.8,1063.8,22588.1,7282.9,145.923,31.512,88.278,96.197,0.855,1.778,2.931,3.738,4.084
2026-07,CGE,CGE DISTRIBUCIÓN,Ñiquén,STxE-24-A,Aéreo,17136.5,13738.3,140.572,31.512,1063.8,1063.8,1063.8,1063.8,1063.8,12888.2,4248.3,140.572,31.512,33.414,153.183,1063.8,53.54,53.54,53.54,53.54,53.54,53.54,31.512,34275.0,23659.2,153.183,31.512,1063.8,1063.8,1063.8,1063.8,1063.8,24408.8,9866.2,153.183,31.512,93.877,102.297,0.855,1.778,2.931,3.738,4.084
2026-06,CGE,CGE DISTRIBUCIÓN,Alhué,STxE-6-A,Aéreo,16942.9,13599.1,140.572,21.435,1061.94,1061.94,1061.94,1061.94,1061.94,12811.1,4131.8,140.572,21.435,33.414,153.183,1061.94,33.087,34.151,35.213,36.277,37.341,38.404,21.435,25734.7,18043.4,153.183,21.435,1061.94,1061.94,1061.94,1061.94,1061.94,20596.0,5138.7,153.183,21.435,93.877,102.297,0.855,1.778,2.931,3.738,4.084
2026-06,CGE,CGE DISTRIBUCIÓN,Buin,STxE-6-A,Aéreo,16942.9,13599.1,140.572,21.435,1061.94,1061.94,1061.94,1061.94,1061.94,12811.1,4131.8,140.572,21.435,33.414,153.183,1061.94,33.087,34.151,35.213,36.277,37.341,38.404,21.435,25734.7,18043.4,153.183,21.435,1061.94,1061.94,1061.94,1061.94,1061.94,20596.0,5138.7,153.183,21.435,93.877,102.297,0.855,1.778,2.931,3.738,4.084
2026-06,CGE,CGE DISTRIBUCIÓN,Calera de Tango,STxD-3-A,Aéreo,16658.0,13356.2,138.454,15.964,1061.94,1061.94,1061.94,1061.94,1061.94,12534.7,4123.2,138.454,15.964,32.516,150.873,1061.94,33.087,34.134,35.182,36.23,37.277,38.324,15.964,25433.9,17815.5,150.873,15.964,1061.94,1061.94,1061.94,1061.94,1061.94,20305.8,5128.1,150.873,15.964,92.096,100.357,0.855,1.778,2.931,3.738,4.084
2026-06,CGE,CGE DISTRIBUCIÓN,Cartagena,STxE-6-A,Aéreo,17275.0,13837.9,140.572,21.435,1061.94,1061.94,1061.94,1061.94,1061.94,12943.4,4331.5,140.572,21.435,33.414,153.183,1061.94,42.681,43.807,44.934,46.061,47.188,48.315,21.435,29799.5,20716.2,153.183,21.435,1061.94,1061.94,1061.94,1061.94,1061.94,22542.6,7256.9,153.183,21.435,93.877,102.297,0.855,1.778,2.931,3.738,4.084
2026-06,CGE,CGE DISTRIBUCIÓN,Cauquenes,STxE-6-A,Aéreo,17110.8,13719.9,140.572,21.435,1061.94,1061.94,1061.94,1061.94,1061.94,12877.9,4232.8,140.572,21.435,33.414,153.183,1061.94,53.348,53.348,53.348,53.348,53.348,53.348,21.435,34187.5,23601.7,153.183,21.435,1061.94,1061.94,1061.94,1061.94,1061.94,24356.8,9830.7,153.183,21.435,93.877,102.297,0.855,1.778,2.931,3.738,4.084
2026-06,CGE,CGE DISTRIBUCIÓN,Chanco,STxE-6-A,Aéreo,16942.9,13599.1,140.572,21.435,1061.94,1061.94,1061.94,1061.94,1061.94,12811.1,4131.8,140.572,21.435,33.414,153.183,1061.94,33.087,34.151,35.213,36.277,37.341,38.404,21.435,25734.7,18043.4,153.183,21.435,1061.94,1061.94,1061.94,1061.94,1061.94,20596.0,5138.7,153.183,21.435,93.877,102.297,0.855,1.778,2.931,3.738,4.084
2026-06,CGE,CGE DISTRIBUCIÓN,Chiguayante,STxE-2-A,Aéreo,16942.9,13599.1,140.572,21.435,1061.94,1061.94,1061.94,1061.94,1061.94,12811.1,4131.8,140.572,21.435,33.414,153.183,1061.94,33.087,34.151,35.213,36.277,37.341,38.404,21.435,25734.7,18043.4,153.183,21.435,1061.94,1061.94,1061.94,1061.94,1061.94,20596.0,5138.7,153.183,21.435,93.877,102.297,0.855,1.778,2.931,3.738,4.084
2026-06,CGE,CGE DISTRIBUCIÓN,Chillán,STxE-8-A,Aéreo,17110.8,13719.9,140.572,21.435,1061.94,1061.94,1061.94,1061.94,1061.94,12877.9,4232.8,140.572,21.435,33.414,153.183,1061.94,53.348,53.348,53.348,53.348,53.348,53.348,21.435,34187.5,23601.7,153.183,21.435,1061.94,1061.94,1061.94,1061.94,1061.94,24356.8,9830.7,153.183,21.435,93.877,102.297,0.855,1.778,2.931,3.738,4.084
2026-06,CGE,CGE DISTRIBUCIÓN,Chillán,STxE-8-S2,Subt.2,17110.8,13719.9,140.572,21.435,1061.94,1061.94,1061.94,1061.94,1061.94,12877.9,4232.8,140.572,21.435,33.414,153.183,1061.94,62.851,62.851,62.851,62.851,62.851,62.851,21.435,38499.0,26436.9,153.183,21.435,1061.94,1061.94,1061.94,1061.94,1061.94,26917.1,11581.9,153.183,21.435,93.877,102.297,0.855,1.778,2.931,3.738,4.084
2026-06,CGE,CGE DISTRIBUCIÓN,Chillán Viejo,STxE-12-A,Aéreo,17110.8,13719.9,140.572,21.435,1061.94,1061.94,1061.94,1061.94,1061.94,12877.9,4232.8,140.572,21.435,33.414,153.183,1061.94,53.348,53.348,53.348,53.348,53.348,53.348,21.435,34187.5,23601.7,153.183,21.435,1061.94,1061.94,1061.94,1061.94,1061.94,24356.8,9830.7,153.183,21.435,93.877,102.297,0.855,1.778,2.931,3.738,4.084
2026-06,CGE,CGE DISTRIBUCIÓN,Chimbarongo,STxE-1-A,Aéreo,16942.9,13599.1,140.572,21.435,1061.94,1061.94,1061.94,1061.94,1061.94,12811.1,4131.8,140.572,21.435,33.414,153.183,1061.94,33.087,34.151,35.213,36.277,37.341,38.404,21.435,25734.7,18043.4,153.183,21.435,1061.94,1061.94,1061.94,1061.94,1061.94,20596.0,5138.7,153.183,21.435,93.877,102.297,0.855,1.778,2.931,3.738,4.084
2026-06,CGE,CGE DISTRIBUCIÓN,Chépica,STxE-6-A,Aéreo,16942.9,13599.1,140.572,21.435,1061.94,1061.94,1061.94,1061.94,1061.94,12811.1,4131.8,140.572,21.435,33.414,153.183,1061.94,33.087,34.151,35.213,36.277,37.341,38.404,21.435,25734.7,18043.4,153.183,21.435,1061.94,1061.94,1061.94,1061.94,1061.94,20596.0,5138.7,153.183,21.435,93.877,102.297,0.855,1.778,2.931,3.738,4.084
2026-06,CGE,CGE DISTRIBUCIÓN,Cobquecura,STxE-6-A,Aéreo,17110.8,13719.9,140.572,21.435,1061.94,1061.94,1061.94,1061.94,1061.94,12877.9,4232.8,140.572,21.435,33.414,153.183,1061.94,53.348,53.348,53.348,53.348,53.348,53.348,21.435,34187.5,23601.7,153.183,21.435,1061.94,1061.94,1061.94,1061.94,1061.94,24356.8,9830.7,153.183,21.435,93.877,102.297,0.855,1.778,2.931,3.738,4.084
2026-06,CGE,CGE DISTRIBUCIÓN,Codegua,STxE-1-A,Aéreo,16942.9,13599.1,140.572,21.435,1061.94,1061.94,1061.94,1061.94,1061.94,12811.1,4131.8,140.572,21.435,33.414,153.183,1061.94,33.087,34.151,35.213,36.277,37.341,38.404,21.435,25734.7,18043.4,153.183,21.435,1061.94,1061.94,1061.94,1061.94,1061.94,20596.0,5138.7,153.183,21.435,93.877,102.297,0.855,1.778,2.931,3.738,4.084
2026-06,CGE,CGE DISTRIBUCIÓN,Coelemu,STxE-22-A,Aéreo,17110.8,13719.9,140.572,21.435,1061.94,1061.94,1061.94,1061.94,1061.94,12877.9,4232.8,140.572,21.435,33.414,153.183,1061.94,53.348,53.348,53.348,53.348,53.348,53.348,21.435,34187.5,23601.7,153.183,21.435,1061.94,1061.94,1061.94,1061.94,1061.94,24356.8,9830.7,153.183,21.435,93.877,102.297,0.855,1.778,2.931,3.738,4.084
2026-06,CGE,CGE DISTRIBUCIÓN,Coihueco,STxE-21-A,Aéreo,17110.8,13719.9,140.572,21.435,1061.94,1061.94,1061.94,1061.94,1061.94,12877.9,4232.8,140.572,21.435,33.414,153.183,1061.94,53.348,53.348,53.348,53.348,53.348,53.348,21.435,34187.5,23601.7,153.183,21.435,1061.94,1061.94,1061.94,1061.94,1061.94,24356.8,9830.7,153.183,21.435,93.877,102.297,0.855,1.778,2.931,3.738,4.084
2026-06,CGE,CGE DISTRIBUCIÓN,Coinco,STxE-1-A,Aéreo,16942.9,13599.1,140.572,21.435,1061.94,1061.94,1061.94,1061.94,1061.94,12811.1,4131.8,140.572,21.435,33.414,153.183,1061.94,33.087,34.151,35.213,36.277,37.341,38.404,21.435,25734.7,18043.4,153.183,21.435,1061.94,1061.94,1061.94,1061.94,1061.94,20596.0,5138.7,153.183,21.435,93.877,102.297,0.855,1.778,2.931,3.738,4.084
2026-06,CGE,CGE DISTRIBUCIÓN,Colbún,STxE-25-A,Aéreo,17275.0,13837.9,103.017,21.435,1061.94,1061.94,1061.94,1061.94,1061.94,12943.4,4331.5,103.017,21.435,33.414,112.257,1061.94,42.681,43.807,44.934,46.061,47.188,48.315,21.435,29799.5,20716.2,112.257,21.435,1061.94,1061.94,1061.94,1061.94,1061.94,22542.6,7256.9,112.257,21.435,62.317,67.907,0.855,1.778,2.931,3.738,4.084
2026-06,CGE,CGE DISTRIBUCIÓN,Coltauco,STxE-1-A,Aéreo,16942.9,13599.1,140.572,21.435,1061.94,1061.94,1061.94,1061.94,1061.94,12811.1,4131.8,140.572,21.435,33.414,153.183,1061.94,33.087,34.151,35.213,36.277,37.341,38.404,21.435,25734.7,18043.4,153.183,21.435,1061.94,1061.94,1061.94,1061.94,1061.94,20596.0,5138.7,153.183,21.435,93.877,102.297,0.855,1.778,2.931,3.738,4.084
2026-06,CGE,CGE DISTRIBUCIÓN,Concepción,STxE-2-A,Aéreo,16942.9,13599.1,140.572,21.435,1061.94,1061.94,1061.94,1061.94,1061.94,12811.1,4131.8,140.572,21.435,33.414,153.183,1061.94,33.087,34.151,35.213,36.277,37.341,38.404,21.435,25734.7,18043.4,153.183,21.435,1061.94,1061.94,1061.94,1061.94,1061.94,20596.0,5138.7,153.183,21.435,93.877,102.297,0.855,1.778,2.931,3.738,4.084
2026-06,CGE,CGE DISTRIBUCIÓN,Concepción,STxE-2-S1,Subt.1,21752.2,17057.8,140.572,21.435,1061.94,1061.94,1061.94,1061.94,1061.94,14727.9,7024.3,140.572,21.435,33.414,153.183,1061.94,42.497,43.863,45.23,46.596,47.962,49.327,21.435,30214.7,20989.3,153.183,21.435,1061.94,1061.94,1061.94,1061.94,1061.94,23614.4,6600.3,153.183,21.435,93.877,102.297,0.855,1.778,2.931,3.738,4.084
2026-06,CGE,CGE DISTRIBUCIÓN,Concepción,STxE-2-S2,Subt.2,16942.9,13599.1,140.572,21.435,1061.94,1061.94,1061.94,1061.94,1061.94,12811.1,4131.8,140.572,21.435,33.414,153.183,1061.94,38.981,40.234,41.487,42.739,43.992,45.245,21.435,28540.5,19888.4,153.183,21.435,1061.94,1061.94,1061.94,1061.94,1061.94,22486.4,6054.1,153.183,21.435,93.877,102.297,0.855,1.778,2.931,3.738,4.084
2026-06,CGE,CGE DISTRIBUCIÓN,Concepción,STxE-2-S3,Subt.3,21752.2,17057.8,140.572,21.435,1061.94,1061.94,1061.94,1061.94,1061.94,14727.9,7024.3,140.572,21.435,33.414,153.183,1061.94,48.391,49.008,49.624,50.242,50.858,51.475,21.435,33020.5,22834.3,153.183,21.435,1061.94,1061.94,1061.94,1061.94,1061.94,25504.8,7515.7,153.183,21.435,93.877,102.297,0.855,1.778,2.931,3.738,4.084
2026-06,CGE,CGE DISTRIBUCIÓN,Constitución,STxE-6-A,Aéreo,17275.0,13837.9,133.911,21.435,1061.94,1061.94,1061.94,1061.94,1061.94,12943.4,4331.5,133.911,21.435,33.414,145.923,1061.94,42.681,43.807,44.934,46.061,47.188,48.315,21.435,29799.5,20716.2,145.923,21.435,1061.94,1061.94,1061.94,1061.94,1061.94,22542.6,7256.9,145.923,21.435,88.278,96.197,0.855,1.778,2.931,3.738,4.084
2026-06,CGE,CGE DISTRIBUCIÓN,Coronel,STxE-10-A,Aéreo,17110.8,13719.9,68.232,21.435,1061.94,1061.94,1061.94,1061.94,1061.94,12877.9,4232.8,68.232,21.435,33.414,74.352,1061.94,53.348,53.348,53.348,53.348,53.348,53.348,21.435,34187.5,23601.7,74.352,21.435,1061.94,1061.94,1061.94,1061.94,1061.94,24356.8,9830.7,74.352,21.435,33.086,36.054,0.855,1.778,2.931,3.738,4.084
2026-06,CGE,CGE DISTRIBUCIÓN,Coronel,STxE-10-S2,Subt.2,17110.8,13719.9,68.232,21.435,1061.94,1061.94,1061.94,1061.94,1061.94,12877.9,4232.8,68.232,21.435,33.414,74.352,1061.94,62.851,62.851,62.851,62.851,62.851,62.851,21.435,38499.0,26436.9,74.352,21.435,1061.94,1061.94,1061.94,1061.94,1061.94,26917.1,11581.9,74.352,21.435,33.086,36.054,0.855,1.778,2.931,3.738,4.084
2026-06,CGE,CGE DISTRIBUCIÓN,Curacaví,STxD-3-A,Aéreo,17082.6,13661.6,138.454,15.964,1061.94,1061.94,1061.94,1061.94,1061.94,12704.0,4378.6,138.454,15.964,32.516,150.873,1061.94,42.681,43.912,45.144,46.375,47.608,48.84,15.964,29746.4,20651.4,150.873,15.964,1061.94,1061.94,1061.94,1061.94,1061.94,22410.8,7335.6,150.873,15.964,92.096,100.357,0.855,1.778,2.931,3.738,4.084
2026-06,CGE,CGE DISTRIBUCIÓN,Curarrehue,STxE-2-A,Aéreo,16942.9,13599.1,140.572,21.435,1061.94,1061.94,1061.94,1061.94,1061.94,12811.1,4131.8,140.572,21.435,33.414,153.183,1061.94,33.087,34.151,35.213,36.277,37.341,38.404,21.435,25734.7,18043.4,153.183,21.435,1061.94,1061.94,1061.94,1061.94,1061.94,20596.0,5138.7,153.183,21.435,93.877,102.297,0.855,1.778,2.931,3.738,4.084
2026-06,CGE,CGE DISTRIBUCIÓN,Curepto,STxE-6-A,Aéreo,16942.9,13599.1,140.572,21.435,1061.94,1061.94,1061.94,1061.94,1061.94,12811.1,4131.8,140.572,21.435,33.414,153.183,1061.94,33.087,34.151,35.213,36.277,37.341,38.404,21.435,25734.7,18043.4,153.183,21.435,1061.94,1061.94,1061.94,1061.94,1061.94,20596.0,5138.7,153.183,21.435,93.877,102.297,0.855,1.778,2.931,3.738,4.084
2026-06,CGE,CGE DISTRIBUCIÓN,Curicó,STxE-1-A,Aéreo,16942.9,13599.1,140.572,21.435,1061.94,1061.94,1061.94,1061.94,1061.94,12811.1,4131.8,140.572,21.435,33.414,153.183,1061.94,33.087,34.151,35.213,36.277,37.341,38.404,21.435,25734.7,18043.4,153.183,21.435,1061.94,1061.94,1061.94,1061.94,1061.94,20596.0,5138.7,153.183,21.435,93.877,102.297,0.855,1.778,2.931,3.738,4.084
2026-06,CGE,CGE DISTRIBUCIÓN,Doñihue,STxE-1-A,Aéreo,16942.9,13599.1,140.572,21.435,1061.94,1061.94,1061.94,1061.94,1061.94,12811.1,4131.8,140.572,21.435,33.414,153.183,1061.94,33.087,34.151,35.213,36.277,37.341,38.404,21.435,25734.7,18043.4,153.183,21.435,1061.94,1061.94,1061.94,1061.94,1061.94,20596.0,5138.7,153.183,21.435,93.877,102.297,0.855,1.778,2.931,3.738,4.084
2026-06,CGE,CGE DISTRIBUCIÓN,El Bosque,STxD-3-A,Aéreo,16658.0,13356.2,138.454,15.964,1061.94,1061.94,1061.94,1061.94,1061.94,12534.7,4123.2,138.454,15.964,32.516,150.873,1061.94,33.087,34.134,35.182,36.23,37.277,38.324,15.964,25433.9,17815.5,150.873,15.964,1061.94,1061.94,1061.94,1061.94,1061.94,20305.8,5128.1,150.873,15.964,92.096,100.357,0.855,1.778,2.931,3.738,4.084
2026-06,CGE,CGE DISTRIBUCIÓN,El Monte,STxE-6-A,Aéreo,16942.9,13599.1,140.572,21.435,1061.94,1061.94,1061.94,1061.94,1061.94,12811.1,4131.8,140.572,21.435,33.414,153.183,1061.94,33.087,34.151,35.213,36.277,37.341,38.404,21.435,25734.7,18043.4,153.183,21.435,1061.94,1061.94,1061.94,1061.94,1061.94,20596.0,5138.7,153.183,21.435,93.877,102.297,0.855,1.778,2.931,3.738,4.084
2026-06,CGE,CGE DISTRIBUCIÓN,Empedrado,STxE-6-A,Aéreo,16942.9,13599.1,140.572,21.435,1061.94,1061.94,1061.94,1061.94,1061.94,12811.1,4131.8,140.572,21.435,33.414,153.183,1061.94,33.087,34.151,35.213,36.277,37.341,38.404,21.435,25734.7,18043.4,153.183,21.435,1061.94,1061.94,1061.94,1061.94,1061.94,20596.0,5138.7,153.183,21.435,93.877,102.297,0.855,1.778,2.931,3.738,4.084
2026-06,CGE,CGE DISTRIBUCIÓN,Florida,STxE-23-A,Aéreo,16963.8,13614.2,140.572,21.435,1061.94,1061.94,1061.94,1061.94,1061.94,12819.4,4144.4,140.572,21.435,33.414,153.183,1061.94,71.131,71.131,71.131,71.131,71.131,71.131,21.435,41581.5,28463.8,153.183,21.435,1061.94,1061.94,1061.94,1061.94,1061.94,27485.0,14096.5,153.183,21.435,93.877,102.297,0.855,1.778,2.931,3.738,4.084
2026-06,CGE,CGE DISTRIBUCIÓN,Freire,STxE-2-A,Aéreo,17110.8,13719.9,140.572,21.435,1061.94,1061.94,1061.94,1061.94,1061.94,12877.9,4232.8,140.572,21.435,33.414,153.183,1061.94,53.348,53.348,53.348,53.348,53.348,53.348,21.435,34187.5,23601.7,153.183,21.435,1061.94,1061.94,1061.94,1061.94,1061.94,24356.8,9830.7,153.183,21.435,93.877,102.297,0.855,1.778,2.931,3.738,4.084
2026-06,CGE,CGE DISTRIBUCIÓN,Graneros,STxE-1-A,Aéreo,16942.9,13599.1,140.572,21.435,1061.94,1061.94,1061.94,1061.94,1061.94,12811.1,4131.8,140.572,21.435,33.414,153.183,1061.94,33.087,34.151,35.213,36.277,37.341,38.404,21.435,25734.7,18043.4,153.183,21.435,1061.94,1061.94,1061.94,1061.94,1061.94,20596.0,5138.7,153.183,21.435,93.877,102.297,0.855,1.778,2.931,3.738,4.084
2026-06,CGE,CGE DISTRIBUCIÓN,Hualañé,STxE-6-A,Aéreo,16942.9,13599.1,140.572,21.435,1061.94,1061.94,1061.94,1061.94,1061.94,12811.1,4131.8,140.572,21.435,33.414,153.183,1061.94,33.087,34.151,35.213,36.277,37.341,38.404,21.435,25734.7,18043.4,153.183,21.435,1061.94,1061.94,1061.94,1061.94,1061.94,20596.0,5138.7,153.183,21.435,93.877,102.297,0.855,1.778,2.931,3.738,4.084
2026-06,CGE,CGE DISTRIBUCIÓN,Hualpén,STxE-2-A,Aéreo,16942.9,13599.1,95.857,21.435,1061.94,1061.94,1061.94,1061.94,1061.94,12811.1,4131.8,95.857,21.435,33.414,104.456,1061.94,33.087,34.151,35.213,36.277,37.341,38.404,21.435,25734.7,18043.4,104.456,21.435,1061.94,1061.94,1061.94,1061.94,1061.94,20596.0,5138.7,104.456,21.435,56.3,61.351,0.855,1.778,2.931,3.738,4.084
2026-06,CGE,CGE DISTRIBUCIÓN,Hualqui,STxE-16-A,Aéreo,16963.8,13614.2,140.572,21.435,1061.94,1061.94,1061.94,1061.94,1061.94,12819.4,4144.4,140.572,21.435,33.414,153.183,1061.94,71.131,71.131,71.131,71.131,71.131,71.131,21.435,41581.5,28463.8,153.183,21.435,1061.94,1061.94,1061.94,1061.94,1061.94,27485.0,14096.5,153.183,21.435,93.877,102.297,0.855,1.778,2.931,3.738,4.084
2026-06,CGE,CGE DISTRIBUCIÓN,Isla de Maipo,STxE-1-A,Aéreo,16942.9,13599.1,140.572,21.435,1061.94,1061.94,1061.94,1061.94,1061.94,12811.1,4131.8,140.572,21.435,33.414,153.183,1061.94,33.087,34.151,35.213,36.277,37.341,38.404,21.435,25734.7,18043.4,153.183,21.435,1061.94,1061.94,1061.94,1061.94,1061.94,20596.0,5138.7,153.183,21.435,93.877,102.297,0.855,1.778,2.931,3.738,4.084
2026-06,CGE,CGE DISTRIBUCIÓN,La Estrella,STxE-6-A,Aéreo,16942.9,13599.1,119.496,21.435,1061.94,1061.94,1061.94,1061.94,1061.94,12811.1,4131.8,119.496,21.435,33.414,130.215,1061.94,33.087,34.151,35.213,36.277,37.341,38.404,21.435,25734.7,18043.4,130.215,21.435,1061.94,1061.94,1061.94,1061.94,1061.94,20596.0,5138.7,130.215,21.435,76.165,82.997,0.855,1.778,2.931,3.738,4.084
2026-06,CGE,CGE DISTRIBUCIÓN,La Pintana,STxD-3-A,Aéreo,16658.0,13356.2,138.454,15.964,1061.94,1061.94,1061.94,1061.94,1061.94,12534.7,4123.2,138.454,15.964,32.516,150.873,1061.94,33.087,34.134,35.182,36.23,37.277,38.324,15.964,25433.9,17815.5,150.873,15.964,1061.94,1061.94,1061.94,1061.94,1061.94,20305.8,5128.1,150.873,15.964,92.096,100.357,0.855,1.778,2.931,3.738,4.084
2026-06,CGE,CGE DISTRIBUCIÓN,Las Cabras,STxE-1-A,Aéreo,16942.9,13599.1,129.111,21.435,1061.94,1061.94,1061.94,1061.94,1061.94,12811.1,4131.8,129.111,21.435,33.414,140.693,1061.94,33.087,34.151,35.213,36.277,37.341,38.404,21.435,25734.7,18043.4,140.693,21.435,1061.94,1061.94,1061.94,1061.94,1061.94,20596.0,5138.7,140.693,21.435,84.244,91.8,0.855,1.778,2.931,3.738,4.084
2026-06,CGE,CGE DISTRIBUCIÓN,Lautaro,STxE-20-A,Aéreo,17110.8,13719.9,133.911,21.435,1061.94,1061.94,1061.94,1061.94,1061.94,12877.9,4232.8,133.911,21.435,33.414,145.923,1061.94,53.348,53.348,53.348,53.348,53.348,53.348,21.435,34187.5,23601.7,145.923,21.435,1061.94,1061.94,1061.94,1061.94,1061.94,24356.8,9830.7,145.923,21.435,88.278,96.197,0.855,1.778,2.931,3.738,4.084
2026-06,CGE,CGE DISTRIBUCIÓN,Licantén,STxE-6-A,Aéreo,16942.9,13599.1,140.572,21.435,1061.94,1061.94,1061.94,1061.94,1061.94,12811.1,4131.8,140.572,21.435,33.414,153.183,1061.94,33.087,34.151,35.213,36.277,37.341,38.404,21.435,25734.7,18043.4,153.183,21.435,1061.94,1061.94,1061.94,1061.94,1061.94,20596.0,5138.7,153.183,21.435,93.877,102.297,0.855,1.778,2.931,3.738,4.084
2026-06,CGE,CGE DISTRIBUCIÓN,Linares,STxE-13-A,Aéreo,17275.0,13837.9,140.572,21.435,1061.94,1061.94,1061.94,1061.94,1061.94,12943.4,4331.5,140.572,21.435,33.414,153.183,1061.94,42.681,43.807,44.934,46.061,47.188,48.315,21.435,29799.5,20716.2,153.183,21.435,1061.94,1061.94,1061.94,1061.94,1061.94,22542.6,7256.9,153.183,21.435,93.877,102.297,0.855,1.778,2.931,3.738,4.084
2026-06,CGE,CGE DISTRIBUCIÓN,Litueche,STxE-6-A,Aéreo,16942.9,13599.1,119.496,21.435,1061.94,1061.94,1061.94,1061.94,1061.94,12811.1,4131.8,119.496,21.435,33.414,130.215,1061.94,33.087,34.151,35.213,36.277,37.341,38.404,21.435,25734.7,18043.4,130.215,21.435,1061.94,1061.94,1061.94,1061.94,1061.94,20596.0,5138.7,130.215,21.435,76.165,82.997,0.855,1.778,2.931,3.738,4.084
2026-06,CGE,CGE DISTRIBUCIÓN,Lolol,STxE-6-A,Aéreo,16942.9,13599.1,140.572,21.435,1061.94,1061.94,1061.94,1061.94,1061.94,12811.1,4131.8,140.572,21.435,33.414,153.183,1061.94,33.087,34.151,35.213,36.277,37.341,38.404,21.435,25734.7,18043.4,153.183,21.435,1061.94,1061.94,1061.94,1061.94,1061.94,20596.0,5138.7,153.183,21.435,93.877,102.297,0.855,1.778,2.931,3.738,4.084
2026-06,CGE,CGE DISTRIBUCIÓN,Loncoche,STxE-18-A,Aéreo,17110.8,13719.9,140.572,21.435,1061.94,1061.94,1061.94,1061.94,1061.94,12877.9,4232.8,140.572,21.435,33.414,153.183,1061.94,53.348,53.348,53.348,53.348,53.348,53.348,21.435,34187.5,23601.7,153.183,21.435,1061.94,1061.94,1061.94,1061.94,1061.94,24356.8,9830.7,153.183,21.435,93.877,102.297,0.855,1.778,2.931,3.738,4.084
2026-06,CGE,CGE DISTRIBUCIÓN,Longaví,STxE-1-A,Aéreo,17275.0,13837.9,140.572,21.435,1061.94,1061.94,1061.94,1061.94,1061.94,12943.4,4331.5,140.572,21.435,33.414,153.183,1061.94,42.681,43.807,44.934,46.061,47.188,48.315,21.435,29799.5,20716.2,153.183,21.435,1061.94,1061.94,1061.94,1061.94,1061.94,22542.6,7256.9,153.183,21.435,93.877,102.297,0.855,1.778,2.931,3.738,4.084
2026-06,CGE,CGE DISTRIBUCIÓN,Los Ángeles,STxE-11-A,Aéreo,16963.8,13614.2,140.572,21.435,1061.94,1061.94,1061.94,1061.94,1061.94,12819.4,4144.4,140.572,21.435,33.414,153.183,1061.94,71.131,71.131,71.131,71.131,71.131,71.131,21.435,41581.5,28463.8,153.183,21.435,1061.94,1061.94,1061.94,1061.94,1061.94,27485.0,14096.5,153.183,21.435,93.877,102.297,0.855,1.778,2.931,3.738,4.084
2026-06,CGE,CGE DISTRIBUCIÓN,Machalí,STxE-1-A,Aéreo,16942.9,13599.1,133.911,21.435,1061.94,1061.94,1061.94,1061.94,1061.94,12811.1,4131.8,133.911,21.435,33.414,145.923,1061.94,33.087,34.151,35.213,36.277,37.341,38.404,21.435,25734.7,18043.4,145.923,21.435,1061.94,1061.94,1061.94,1061.94,1061.94,20596.0,5138.7,145.923,21.435,88.278,96.197,0.855,1.778,2.931,3.738,4.084
2026-06,CGE,CGE DISTRIBUCIÓN,Malloa,STxE-1-A,Aéreo,16942.9,13599.1,140.572,21.435,1061.94,1061.94,1061.94,1061.94,1061.94,12811.1,4131.8,140.572,21.435,33.414,153.183,1061.94,33.087,34.151,35.213,36.277,37.341,38.404,21.435,25734.7,18043.4,153.183,21.435,1061.94,1061.94,1061.94,1061.94,1061.94,20596.0,5138.7,153.183,21.435,93.877,102.297,0.855,1.778,2.931,3.738,4.084
2026-06,CGE,CGE DISTRIBUCIÓN,Marchihue,STxE-6-A,Aéreo,16942.9,13599.1,133.911,21.435,1061.94,1061.94,1061.94,1061.94,1061.94,12811.1,4131.8,133.911,21.435,33.414,145.923,1061.94,33.087,34.151,35.213,36.277,37.341,38.404,21.435,25734.7,18043.4,145.923,21.435,1061.94,1061.94,1061.94,1061.94,1061.94,20596.0,5138.7,145.923,21.435,88.278,96.197,0.855,1.778,2.931,3.738,4.084
2026-06,CGE,CGE DISTRIBUCIÓN,María Pinto,STxD-6-A,Aéreo,16658.0,13356.2,138.454,15.964,1061.94,1061.94,1061.94,1061.94,1061.94,12534.7,4123.2,138.454,15.964,32.516,150.873,1061.94,33.087,34.134,35.182,36.23,37.277,38.324,15.964,25433.9,17815.5,150.873,15.964,1061.94,1061.94,1061.94,1061.94,1061.94,20305.8,5128.1,150.873,15.964,92.096,100.357,0.855,1.778,2.931,3.738,4.084
2026-06,CGE,CGE DISTRIBUCIÓN,María Pinto,STxE-6-A,Aéreo,16942.9,13599.1,140.572,21.435,1061.94,1061.94,1061.94,1061.94,1061.94,12811.1,4131.8,140.572,21.435,33.414,153.183,1061.94,33.087,34.151,35.213,36.277,37.341,38.404,21.435,25734.7,18043.4,153.183,21.435,1061.94,1061.94,1061.94,1061.94,1061.94,20596.0,5138.7,153.183,21.435,93.877,102.297,0.855,1.778,2.931,3.738,4.084
2026-06,CGE,CGE DISTRIBUCIÓN,Maule,STxE-14-A,Aéreo,16942.9,13599.1,140.572,21.435,1061.94,1061.94,1061.94,1061.94,1061.94,12811.1,4131.8,140.572,21.435,33.414,153.183,1061.94,33.087,34.151,35.213,36.277,37.341,38.404,21.435,25734.7,18043.4,153.183,21.435,1061.94,1061.94,1061.94,1061.94,1061.94,20596.0,5138.7,153.183,21.435,93.877,102.297,0.855,1.778,2.931,3.738,4.084
2026-06,CGE,CGE DISTRIBUCIÓN,Melipilla,STxE-6-A,Aéreo,16942.9,13599.1,140.572,21.435,1061.94,1061.94,1061.94,1061.94,1061.94,12811.1,4131.8,140.572,21.435,33.414,153.183,1061.94,33.087,34.151,35.213,36.277,37.341,38.404,21.435,25734.7,18043.4,153.183,21.435,1061.94,1061.94,1061.94,1061.94,1061.94,20596.0,5138.7,153.183,21.435,93.877,102.297,0.855,1.778,2.931,3.738,4.084
2026-06,CGE,CGE DISTRIBUCIÓN,Molina,STxE-6-A,Aéreo,16942.9,13599.1,140.572,21.435,1061.94,1061.94,1061.94,1061.94,1061.94,12811.1,4131.8,140.572,21.435,33.414,153.183,1061.94,33.087,34.151,35.213,36.277,37.341,38.404,21.435,25734.7,18043.4,153.183,21.435,1061.94,1061.94,1061.94,1061.94,1061.94,20596.0,5138.7,153.183,21.435,93.877,102.297,0.855,1.778,2.931,3.738,4.084
2026-06,CGE,CGE DISTRIBUCIÓN,Mostazal,STxE-1-A,Aéreo,16942.9,13599.1,129.111,21.435,1061.94,1061.94,1061.94,1061.94,1061.94,12811.1,4131.8,129.111,21.435,33.414,140.693,1061.94,33.087,34.151,35.213,36.277,37.341,38.404,21.435,25734.7,18043.4,140.693,21.435,1061.94,1061.94,1061.94,1061.94,1061.94,20596.0,5138.7,140.693,21.435,84.244,91.8,0.855,1.778,2.931,3.738,4.084
2026-06,CGE,CGE DISTRIBUCIÓN,Mulchén,STxE-2-A,Aéreo,17110.8,13719.9,140.572,21.435,1061.94,1061.94,1061.94,1061.94,1061.94,12877.9,4232.8,140.572,21.435,33.414,153.183,1061.94,53.348,53.348,53.348,53.348,53.348,53.348,21.435,34187.5,23601.7,153.183,21.435,1061.94,1061.94,1061.94,1061.94,1061.94,24356.8,9830.7,153.183,21.435,93.877,102.297,0.855,1.778,2.931,3.738,4.084
2026-06,CGE,CGE DISTRIBUCIÓN,Nancagua,STxE-6-A,Aéreo,16942.9,13599.1,140.572,21.435,1061.94,1061.94,1061.94,1061.94,1061.94,12811.1,4131.8,140.572,21.435,33.414,153.183,1061.94,33.087,34.151,35.213,36.277,37.341,38.404,21.435,25734.7,18043.4,153.183,21.435,1061.94,1061.94,1061.94,1061.94,1061.94,20596.0,5138.7,153.183,21.435,93.877,102.297,0.855,1.778,2.931,3.738,4.084
2026-06,CGE,CGE DISTRIBUCIÓN,Navidad,STxE-6-A,Aéreo,16942.9,13599.1,140.572,21.435,1061.94,1061.94,1061.94,1061.94,1061.94,12811.1,4131.8,140.572,21.435,33.414,153.183,1061.94,33.087,34.151,35.213,36.277,37.341,38.404,21.435,25734.7,18043.4,153.183,21.435,1061.94,1061.94,1061.94,1061.94,1061.94,20596.0,5138.7,153.183,21.435,93.877,102.297,0.855,1.778,2.931,3.738,4.084
2026-06,CGE,CGE DISTRIBUCIÓN,Ninhue,STxE-27-A,Aéreo,17110.8,13719.9,140.572,21.435,1061.94,1061.94,1061.94,1061.94,1061.94,12877.9,4232.8,140.572,21.435,33.414,153.183,1061.94,53.348,53.348,53.348,53.348,53.348,53.348,21.435,34187.5,23601.7,153.183,21.435,1061.94,1061.94,1061.94,1061.94,1061.94,24356.8,9830.7,153.183,21.435,93.877,102.297,0.855,1.778,2.931,3.738,4.084
2026-06,CGE,CGE DISTRIBUCIÓN,Olivar,STxE-1-A,Aéreo,16942.9,13599.1,140.572,21.435,1061.94,1061.94,1061.94,1061.94,1061.94,12811.1,4131.8,140.572,21.435,33.414,153.183,1061.94,33.087,34.151,35.213,36.277,37.341,38.404,21.435,25734.7,18043.4,153.183,21.435,1061.94,1061.94,1061.94,1061.94,1061.94,20596.0,5138.7,153.183,21.435,93.877,102.297,0.855,1.778,2.931,3.738,4.084
2026-06,CGE,CGE DISTRIBUCIÓN,Padre Hurtado,STxD-3-A,Aéreo,16658.0,13356.2,138.454,15.964,1061.94,1061.94,1061.94,1061.94,1061.94,12534.7,4123.2,138.454,15.964,32.516,150.873,1061.94,33.087,34.134,35.182,36.23,37.277,38.324,15.964,25433.9,17815.5,150.873,15.964,1061.94,1061.94,1061.94,1061.94,1061.94,20305.8,5128.1,150.873,15.964,92.096,100.357,0.855,1.778,2.931,3.738,4.084
2026-06,CGE,CGE DISTRIBUCIÓN,Padre las Casas,STxE-20-A,Aéreo,17110.8,13719.9,140.572,21.435,1061.94,1061.94,1061.94,1061.94,1061.94,12877.9,4232.8,140.572,21.435,33.414,153.183,1061.94,53.348,53.348,53.348,53.348,53.348,53.348,21.435,34187.5,23601.7,153.183,21.435,1061.94,1061.94,1061.94,1061.94,1061.94,24356.8,9830.7,153.183,21.435,93.877,102.297,0.855,1.778,2.931,3.738,4.084
2026-06,CGE,CGE DISTRIBUCIÓN,Paine,STxE-1-A,Aéreo,16942.9,13599.1,140.572,21.435,1061.94,1061.94,1061.94,1061.94,1061.94,12811.1,4131.8,140.572,21.435,33.414,153.183,1061.94,33.087,34.151,35.213,36.277,37.341,38.404,21.435,25734.7,18043.4,153.183,21.435,1061.94,1061.94,1061.94,1061.94,1061.94,20596.0,5138.7,153.183,21.435,93.877,102.297,0.855,1.778,2.931,3.738,4.084
2026-06,CGE,CGE DISTRIBUCIÓN,Palmilla,STxE-6-A,Aéreo,16942.9,13599.1,140.572,21.435,1061.94,1061.94,1061.94,1061.94,1061.94,12811.1,4131.8,140.572,21.435,33.414,153.183,1061.94,33.087,34.151,35.213,36.277,37.341,38.404,21.435,25734.7,18043.4,153.183,21.435,1061.94,1061.94,1061.94,1061.94,1061.94,20596.0,5138.7,153.183,21.435,93.877,102.297,0.855,1.778,2.931,3.738,4.084
2026-06,CGE,CGE DISTRIBUCIÓN,Paredones,STxE-6-A,Aéreo,16942.9,13599.1,140.572,21.435,1061.94,1061.94,1061.94,1061.94,1061.94,12811.1,4131.8,140.572,21.435,33.414,153.183,1061.94,33.087,34.151,35.213,36.277,37.341,38.404,21.435,25734.7,18043.4,153.183,21.435,1061.94,1061.94,1061.94,1061.94,1061.94,20596.0,5138.7,153.183,21.435,93.877,102.297,0.855,1.778,2.931,3.738,4.084
2026-06,CGE,CGE DISTRIBUCIÓN,Parral,STxE-25-A,Aéreo,17110.8,13719.9,140.572,21.435,1061.94,1061.94,1061.94,1061.94,1061.94,12877.9,4232.8,140.572,21.435,33.414,153.183,1061.94,53.348,53.348,53.348,53.348,53.348,53.348,21.435,34187.5,23601.7,153.183,21.435,1061.94,1061.94,1061.94,1061.94,1061.94,24356.8,9830.7,153.183,21.435,93.877,102.297,0.855,1.778,2.931,3.738,4.084
2026-06,CGE,CGE DISTRIBUCIÓN,Pelarco,STxE-4-A,Aéreo,16942.9,13599.1,140.572,21.435,1061.94,1061.94,1061.94,1061.94,1061.94,12811.1,4131.8,140.572,21.435,33.414,153.183,1061.94,33.087,34.151,35.213,36.277,37.341,38.404,21.435,25734.7,18043.4,153.183,21.435,1061.94,1061.94,1061.94,1061.94,1061.94,20596.0,5138.7,153.183,21.435,93.877,102.297,0.855,1.778,2.931,3.738,4.084
2026-06,CGE,CGE DISTRIBUCIÓN,Pelluhue,STxE-6-A,Aéreo,16942.9,13599.1,140.572,21.435,1061.94,1061.94,1061.94,1061.94,1061.94,12811.1,4131.8,140.572,21.435,33.414,153.183,1061.94,33.087,34.151,35.213,36.277,37.341,38.404,21.435,25734.7,18043.4,153.183,21.435,1061.94,1061.94,1061.94,1061.94,1061.94,20596.0,5138.7,153.183,21.435,93.877,102.297,0.855,1.778,2.931,3.738,4.084
2026-06,CGE,CGE DISTRIBUCIÓN,Pencahue,STxE-14-A,Aéreo,16942.9,13599.1,140.572,21.435,1061.94,1061.94,1061.94,1061.94,1061.94,12811.1,4131.8,140.572,21.435,33.414,153.183,1061.94,33.087,34.151,35.213,36.277,37.341,38.404,21.435,25734.7,18043.4,153.183,21.435,1061.94,1061.94,1061.94,1061.94,1061.94,20596.0,5138.7,153.183,21.435,93.877,102.297,0.855,1.778,2.931,3.738,4.084
2026-06,CGE,CGE DISTRIBUCIÓN,Penco,STxE-2-A,Aéreo,16942.9,13599.1,140.572,21.435,1061.94,1061.94,1061.94,1061.94,1061.94,12811.1,4131.8,140.572,21.435,33.414,153.183,1061.94,33.087,34.151,35.213,36.277,37.341,38.404,21.435,25734.7,18043.4,153.183,21.435,1061.94,1061.94,1061.94,1061.94,1061.94,20596.0,5138.7,153.183,21.435,93.877,102.297,0.855,1.778,2.931,3.738,4.084
2026-06,CGE,CGE DISTRIBUCIÓN,Peralillo,STxE-6-A,Aéreo,16942.9,13599.1,140.572,21.435,1061.94,1061.94,1061.94,1061.94,1061.94,12811.1,4131.8,140.572,21.435,33.414,153.183,1061.94,33.087,34.151,35.213,36.277,37.341,38.404,21.435,25734.7,18043.4,153.183,21.435,1061.94,1061.94,1061.94,1061.94,1061.94,20596.0,5138.7,153.183,21.435,93.877,102.297,0.855,1.778,2.931,3.738,4.084
2026-06,CGE,CGE DISTRIBUCIÓN,Peumo,STxE-1-A,Aéreo,16942.9,13599.1,140.572,21.435,1061.94,1061.94,1061.94,1061.94,1061.94,12811.1,4131.8,140.572,21.435,33.414,153.183,1061.94,33.087,34.151,35.213,36.277,37.341,38.404,21.435,25734.7,18043.4,153.183,21.435,1061.94,1061.94,1061.94,1061.94,1061.94,20596.0,5138.7,153.183,21.435,93.877,102.297,0.855,1.778,2.931,3.738,4.084
2026-06,CGE,CGE DISTRIBUCIÓN,Peñaflor,STxD-3-A,Aéreo,16658.0,13356.2,138.454,15.964,1061.94,1061.94,1061.94,1061.94,1061.94,12534.7,4123.2,138.454,15.964,32.516,150.873,1061.94,33.087,34.134,35.182,36.23,37.277,38.324,15.964,25433.9,17815.5,150.873,15.964,1061.94,1061.94,1061.94,1061.94,1061.94,20305.8,5128.1,150.873,15.964,92.096,100.357,0.855,1.778,2.931,3.738,4.084
2026-06,CGE,CGE DISTRIBUCIÓN,Peñaflor,STxE-3-A,Aéreo,16774.1,13477.8,140.572,21.435,1061.94,1061.94,1061.94,1061.94,1061.94,12743.8,4030.4,140.572,21.435,33.414,153.183,1061.94,33.087,33.961,34.836,35.711,36.587,37.461,21.435,25348.0,17789.1,153.183,21.435,1061.94,1061.94,1061.94,1061.94,1061.94,20335.4,5012.5,153.183,21.435,93.877,102.297,0.855,1.778,2.931,3.738,4.084
2026-06,CGE,CGE DISTRIBUCIÓN,Pichidegua,STxE-1-A,Aéreo,16942.9,13599.1,129.111,21.435,1061.94,1061.94,1061.94,1061.94,1061.94,12811.1,4131.8,129.111,21.435,33.414,140.693,1061.94,33.087,34.151,35.213,36.277,37.341,38.404,21.435,25734.7,18043.4,140.693,21.435,1061.94,1061.94,1061.94,1061.94,1061.94,20596.0,5138.7,140.693,21.435,84.244,91.8,0.855,1.778,2.931,3.738,4.084
2026-06,CGE,CGE DISTRIBUCIÓN,Pichilemu,STxE-6-A,Aéreo,16942.9,13599.1,140.572,21.435,1061.94,1061.94,1061.94,1061.94,1061.94,12811.1,4131.8,140.572,21.435,33.414,153.183,1061.94,33.087,34.151,35.213,36.277,37.341,38.404,21.435,25734.7,18043.4,153.183,21.435,1061.94,1061.94,1061.94,1061.94,1061.94,20596.0,5138.7,153.183,21.435,93.877,102.297,0.855,1.778,2.931,3.738,4.084
2026-06,CGE,CGE DISTRIBUCIÓN,Pinto,STxE-26-A,Aéreo,17110.8,13719.9,140.572,21.435,1061.94,1061.94,1061.94,1061.94,1061.94,12877.9,4232.8,140.572,21.435,33.414,153.183,1061.94,53.348,53.348,53.348,53.348,53.348,53.348,21.435,34187.5,23601.7,153.183,21.435,1061.94,1061.94,1061.94,1061.94,1061.94,24356.8,9830.7,153.183,21.435,93.877,102.297,0.855,1.778,2.931,3.738,4.084
2026-06,CGE,CGE DISTRIBUCIÓN,Pirque,STxD-1-A,Aéreo,16658.0,13356.2,131.92,15.964,1061.94,1061.94,1061.94,1061.94,1061.94,12534.7,4123.2,131.92,15.964,32.516,143.753,1061.94,33.087,34.134,35.182,36.23,37.277,38.324,15.964,25433.9,17815.5,143.753,15.964,1061.94,1061.94,1061.94,1061.94,1061.94,20305.8,5128.1,143.753,15.964,86.606,94.374,0.855,1.778,2.931,3.738,4.084
2026-06,CGE,CGE DISTRIBUCIÓN,Pitrufquén,STxE-20-A,Aéreo,17110.8,13719.9,140.572,21.435,1061.94,1061.94,1061.94,1061.94,1061.94,12877.9,4232.8,140.572,21.435,33.414,153.183,1061.94,53.348,53.348,53.348,53.348,53.348,53.348,21.435,34187.5,23601.7,153.183,21.435,1061.94,1061.94,1061.94,1061.94,1061.94,24356.8,9830.7,153.183,21.435,93.877,102.297,0.855,1.778,2.931,3.738,4.084
2026-06,CGE,CGE DISTRIBUCIÓN,Placilla,STxE-6-A,Aéreo,16942.9,13599.1,140.572,21.435,1061.94,1061.94,1061.94,1061.94,1061.94,12811.1,4131.8,140.572,21.435,33.414,153.183,1061.94,33.087,34.151,35.213,36.277,37.341,38.404,21.435,25734.7,18043.4,153.183,21.435,1061.94,1061.94,1061.94,1061.94,1061.94,20596.0,5138.7,153.183,21.435,93.877,102.297,0.855,1.778,2.931,3.738,4.084
2026-06,CGE,CGE DISTRIBUCIÓN,Portezuelo,STxE-26-A,Aéreo,17110.8,13719.9,140.572,21.435,1061.94,1061.94,1061.94,1061.94,1061.94,12877.9,4232.8,140.572,21.435,33.414,153.183,1061.94,53.348,53.348,53.348,53.348,53.348,53.348,21.435,34187.5,23601.7,153.183,21.435,1061.94,1061.94,1061.94,1061.94,1061.94,24356.8,9830.7,153.183,21.435,93.877,102.297,0.855,1.778,2.931,3.738,4.084
2026-06,CGE,CGE DISTRIBUCIÓN,Pucón,STxE-2-A,Aéreo,16942.9,13599.1,140.572,21.435,1061.94,1061.94,1061.94,1061.94,1061.94,12811.1,4131.8,140.572,21.435,33.414,153.183,1061.94,33.087,34.151,35.213,36.277,37.341,38.404,21.435,25734.7,18043.4,153.183,21.435,1061.94,1061.94,1061.94,1061.94,1061.94,20596.0,5138.7,153.183,21.435,93.877,102.297,0.855,1.778,2.931,3.738,4.084
2026-06,CGE,CGE DISTRIBUCIÓN,Puente Alto,STxD-3-A,Aéreo,17312.8,13827.2,138.454,15.964,1061.94,1061.94,1061.94,1061.94,1061.94,12795.7,4517.1,138.454,15.964,32.516,150.873,1061.94,28.454,29.481,30.508,31.535,32.563,33.59,15.964,23492.0,16538.5,150.873,15.964,1061.94,1061.94,1061.94,1061.94,1061.94,19823.0,3669.0,150.873,15.964,92.096,100.357,0.855,1.778,2.931,3.738,4.084
2026-06,CGE,CGE DISTRIBUCIÓN,Pumanque,STxE-6-A,Aéreo,16942.9,13599.1,140.572,21.435,1061.94,1061.94,1061.94,1061.94,1061.94,12811.1,4131.8,140.572,21.435,33.414,153.183,1061.94,33.087,34.151,35.213,36.277,37.341,38.404,21.435,25734.7,18043.4,153.183,21.435,1061.94,1061.94,1061.94,1061.94,1061.94,20596.0,5138.7,153.183,21.435,93.877,102.297,0.855,1.778,2.931,3.738,4.084
2026-06,CGE,CGE DISTRIBUCIÓN,Quinta de Tilcoco,STxE-1-A,Aéreo,16942.9,13599.1,140.572,21.435,1061.94,1061.94,1061.94,1061.94,1061.94,12811.1,4131.8,140.572,21.435,33.414,153.183,1061.94,33.087,34.151,35.213,36.277,37.341,38.404,21.435,25734.7,18043.4,153.183,21.435,1061.94,1061.94,1061.94,1061.94,1061.94,20596.0,5138.7,153.183,21.435,93.877,102.297,0.855,1.778,2.931,3.738,4.084
2026-06,CGE,CGE DISTRIBUCIÓN,Quirihue,STxE-6-A,Aéreo,17110.8,13719.9,140.572,21.435,1061.94,1061.94,1061.94,1061.94,1061.94,12877.9,4232.8,140.572,21.435,33.414,153.183,1061.94,53.348,53.348,53.348,53.348,53.348,53.348,21.435,34187.5,23601.7,153.183,21.435,1061.94,1061.94,1061.94,1061.94,1061.94,24356.8,9830.7,153.183,21.435,93.877,102.297,0.855,1.778,2.931,3.738,4.084
2026-06,CGE,CGE DISTRIBUCIÓN,Rancagua,STxE-1-A,Aéreo,16942.9,13599.1,140.572,21.435,1061.94,1061.94,1061.94,1061.94,1061.94,12811.1,4131.8,140.572,21.435,33.414,153.183,1061.94,33.087,34.151,35.213,36.277,37.341,38.404,21.435,25734.7,18043.4,153.183,21.435,1061.94,1061.94,1061.94,1061.94,1061.94,20596.0,5138.7,153.183,21.435,93.877,102.297,0.855,1.778,2.931,3.738,4.084
2026-06,CGE,CGE DISTRIBUCIÓN,Rancagua,STxE-1-S1,Subt.1,21752.2,17057.8,140.572,21.435,1061.94,1061.94,1061.94,1061.94,1061.94,14727.9,7024.3,140.572,21.435,33.414,153.183,1061.94,42.497,43.863,45.23,46.596,47.962,49.327,21.435,30214.7,20989.3,153.183,21.435,1061.94,1061.94,1061.94,1061.94,1061.94,23614.4,6600.3,153.183,21.435,93.877,102.297,0.855,1.778,2.931,3.738,4.084
2026-06,CGE,CGE DISTRIBUCIÓN,Rancagua,STxE-1-S2,Subt.2,16942.9,13599.1,140.572,21.435,1061.94,1061.94,1061.94,1061.94,1061.94,12811.1,4131.8,140.572,21.435,33.414,153.183,1061.94,38.981,40.234,41.487,42.739,43.992,45.245,21.435,28540.5,19888.4,153.183,21.435,1061.94,1061.94,1061.94,1061.94,1061.94,22486.4,6054.1,153.183,21.435,93.877,102.297,0.855,1.778,2.931,3.738,4.084
2026-06,CGE,CGE DISTRIBUCIÓN,Rancagua,STxE-1-S3,Subt.3,21752.2,17057.8,140.572,21.435,1061.94,1061.94,1061.94,1061.94,1061.94,14727.9,7024.3,140.572,21.435,33.414,153.183,1061.94,48.391,49.008,49.624,50.242,50.858,51.475,21.435,33020.5,22834.3,153.183,21.435,1061.94,1061.94,1061.94,1061.94,1061.94,25504.8,7515.7,153.183,21.435,93.877,102.297,0.855,1.778,2.931,3.738,4.084
2026-06,CGE,CGE DISTRIBUCIÓN,Rauco,STxE-1-A,Aéreo,16942.9,13599.1,140.572,21.435,1061.94,1061.94,1061.94,1061.94,1061.94,12811.1,4131.8,140.572,21.435,33.414,153.183,1061.94,33.087,34.151,35.213,36.277,37.341,38.404,21.435,25734.7,18043.4,153.183,21.435,1061.94,1061.94,1061.94,1061.94,1061.94,20596.0,5138.7,153.183,21.435,93.877,102.297,0.855,1.778,2.931,3.738,4.084
2026-06,CGE,CGE DISTRIBUCIÓN,Rengo,STxE-1-A,Aéreo,16942.9,13599.1,140.572,21.435,1061.94,1061.94,1061.94,1061.94,1061.94,12811.1,4131.8,140.572,21.435,33.414,153.183,1061.94,33.087,34.151,35.213,36.277,37.341,38.404,21.435,25734.7,18043.4,153.183,21.435,1061.94,1061.94,1061.94,1061.94,1061.94,20596.0,5138.7,153.183,21.435,93.877,102.297,0.855,1.778,2.931,3.738,4.084
2026-06,CGE,CGE DISTRIBUCIÓN,Requínoa,STxE-1-A,Aéreo,16942.9,13599.1,133.911,21.435,1061.94,1061.94,1061.94,1061.94,1061.94,12811.1,4131.8,133.911,21.435,33.414,145.923,1061.94,33.087,34.151,35.213,36.277,37.341,38.404,21.435,25734.7,18043.4,145.923,21.435,1061.94,1061.94,1061.94,1061.94,1061.94,20596.0,5138.7,145.923,21.435,88.278,96.197,0.855,1.778,2.931,3.738,4.084
2026-06,CGE,CGE DISTRIBUCIÓN,Retiro,STxE-25-A,Aéreo,17110.8,13719.9,140.572,21.435,1061.94,1061.94,1061.94,1061.94,1061.94,12877.9,4232.8,140.572,21.435,33.414,153.183,1061.94,53.348,53.348,53.348,53.348,53.348,53.348,21.435,34187.5,23601.7,153.183,21.435,1061.94,1061.94,1061.94,1061.94,1061.94,24356.8,9830.7,153.183,21.435,93.877,102.297,0.855,1.778,2.931,3.738,4.084
2026-06,CGE,CGE DISTRIBUCIÓN,Romeral,STxE-1-A,Aéreo,16942.9,13599.1,140.572,21.435,1061.94,1061.94,1061.94,1061.94,1061.94,12811.1,4131.8,140.572,21.435,33.414,153.183,1061.94,33.087,34.151,35.213,36.277,37.341,38.404,21.435,25734.7,18043.4,153.183,21.435,1061.94,1061.94,1061.94,1061.94,1061.94,20596.0,5138.7,153.183,21.435,93.877,102.297,0.855,1.778,2.931,3.738,4.084
2026-06,CGE,CGE DISTRIBUCIÓN,Ránquil,STxE-6-A,Aéreo,17110.8,13719.9,129.111,21.435,1061.94,1061.94,1061.94,1061.94,1061.94,12877.9,4232.8,129.111,21.435,33.414,140.693,1061.94,53.348,53.348,53.348,53.348,53.348,53.348,21.435,34187.5,23601.7,140.693,21.435,1061.94,1061.94,1061.94,1061.94,1061.94,24356.8,9830.7,140.693,21.435,84.244,91.8,0.855,1.778,2.931,3.738,4.084
2026-06,CGE,CGE DISTRIBUCIÓN,Río Claro,STxE-14-A,Aéreo,16942.9,13599.1,140.572,21.435,1061.94,1061.94,1061.94,1061.94,1061.94,12811.1,4131.8,140.572,21.435,33.414,153.183,1061.94,33.087,34.151,35.213,36.277,37.341,38.404,21.435,25734.7,18043.4,153.183,21.435,1061.94,1061.94,1061.94,1061.94,1061.94,20596.0,5138.7,153.183,21.435,93.877,102.297,0.855,1.778,2.931,3.738,4.084
2026-06,CGE,CGE DISTRIBUCIÓN,Sagrada Familia,STxE-1-A,Aéreo,16942.9,13599.1,140.572,21.435,1061.94,1061.94,1061.94,1061.94,1061.94,12811.1,4131.8,140.572,21.435,33.414,153.183,1061.94,33.087,34.151,35.213,36.277,37.341,38.404,21.435,25734.7,18043.4,153.183,21.435,1061.94,1061.94,1061.94,1061.94,1061.94,20596.0,5138.7,153.183,21.435,93.877,102.297,0.855,1.778,2.931,3.738,4.084
2026-06,CGE,CGE DISTRIBUCIÓN,San Antonio,STxE-6-A,Aéreo,16942.9,13599.1,140.572,21.435,1061.94,1061.94,1061.94,1061.94,1061.94,12811.1,4131.8,140.572,21.435,33.414,153.183,1061.94,33.087,34.151,35.213,36.277,37.341,38.404,21.435,25734.7,18043.4,153.183,21.435,1061.94,1061.94,1061.94,1061.94,1061.94,20596.0,5138.7,153.183,21.435,93.877,102.297,0.855,1.778,2.931,3.738,4.084
2026-06,CGE,CGE DISTRIBUCIÓN,San Bernardo,STxD-3-A,Aéreo,16658.0,13356.2,138.454,15.964,1061.94,1061.94,1061.94,1061.94,1061.94,12534.7,4123.2,138.454,15.964,32.516,150.873,1061.94,33.087,34.134,35.182,36.23,37.277,38.324,15.964,25433.9,17815.5,150.873,15.964,1061.94,1061.94,1061.94,1061.94,1061.94,20305.8,5128.1,150.873,15.964,92.096,100.357,0.855,1.778,2.931,3.738,4.084
2026-06,CGE,CGE DISTRIBUCIÓN,San Carlos,STxE-19-A,Aéreo,17110.8,13719.9,140.572,21.435,1061.94,1061.94,1061.94,1061.94,1061.94,12877.9,4232.8,140.572,21.435,33.414,153.183,1061.94,53.348,53.348,53.348,53.348,53.348,53.348,21.435,34187.5,23601.7,153.183,21.435,1061.94,1061.94,1061.94,1061.94,1061.94,24356.8,9830.7,153.183,21.435,93.877,102.297,0.855,1.778,2.931,3.738,4.084
2026-06,CGE,CGE DISTRIBUCIÓN,San Clemente,STxE-25-A,Aéreo,16942.9,13599.1,129.111,21.435,1061.94,1061.94,1061.94,1061.94,1061.94,12811.1,4131.8,129.111,21.435,33.414,140.693,1061.94,33.087,34.151,35.213,36.277,37.341,38.404,21.435,25734.7,18043.4,140.693,21.435,1061.94,1061.94,1061.94,1061.94,1061.94,20596.0,5138.7,140.693,21.435,84.244,91.8,0.855,1.778,2.931,3.738,4.084
2026-06,CGE,CGE DISTRIBUCIÓN,San Fabián,STxE-26-A,Aéreo,17110.8,13719.9,140.572,21.435,1061.94,1061.94,1061.94,1061.94,1061.94,12877.9,4232.8,140.572,21.435,33.414,153.183,1061.94,53.348,53.348,53.348,53.348,53.348,53.348,21.435,34187.5,23601.7,153.183,21.435,1061.94,1061.94,1061.94,1061.94,1061.94,24356.8,9830.7,153.183,21.435,93.877,102.297,0.855,1.778,2.931,3.738,4.084
2026-06,CGE,CGE DISTRIBUCIÓN,San Fernando,STxE-1-A,Aéreo,16942.9,13599.1,133.911,21.435,1061.94,1061.94,1061.94,1061.94,1061.94,12811.1,4131.8,133.911,21.435,33.414,145.923,1061.94,33.087,34.151,35.213,36.277,37.341,38.404,21.435,25734.7,18043.4,145.923,21.435,1061.94,1061.94,1061.94,1061.94,1061.94,20596.0,5138.7,145.923,21.435,88.278,96.197,0.855,1.778,2.931,3.738,4.084
2026-06,CGE,CGE DISTRIBUCIÓN,San Javier,STxE-15-A,Aéreo,17275.0,13837.9,140.572,21.435,1061.94,1061.94,1061.94,1061.94,1061.94,12943.4,4331.5,140.572,21.435,33.414,153.183,1061.94,42.681,43.807,44.934,46.061,47.188,48.315,21.435,29799.5,20716.2,153.183,21.435,1061.94,1061.94,1061.94,1061.94,1061.94,22542.6,7256.9,153.183,21.435,93.877,102.297,0.855,1.778,2.931,3.738,4.084
2026-06,CGE,CGE DISTRIBUCIÓN,San José de Maipo,STxD-3-A,Aéreo,16658.0,13356.2,127.21,15.964,1061.94,1061.94,1061.94,1061.94,1061.94,12534.7,4123.2,127.21,15.964,32.516,138.621,1061.94,33.087,34.134,35.182,36.23,37.277,38.324,15.964,25433.9,17815.5,138.621,15.964,1061.94,1061.94,1061.94,1061.94,1061.94,20305.8,5128.1,138.621,15.964,82.647,90.061,0.855,1.778,2.931,3.738,4.084
2026-06,CGE,CGE DISTRIBUCIÓN,San Nicolás,STxE-21-A,Aéreo,17110.8,13719.9,140.572,21.435,1061.94,1061.94,1061.94,1061.94,1061.94,12877.9,4232.8,140.572,21.435,33.414,153.183,1061.94,53.348,53.348,53.348,53.348,53.348,53.348,21.435,34187.5,23601.7,153.183,21.435,1061.94,1061.94,1061.94,1061.94,1061.94,24356.8,9830.7,153.183,21.435,93.877,102.297,0.855,1.778,2.931,3.738,4.084
2026-06,CGE,CGE DISTRIBUCIÓN,San Pedro,STxE-6-A,Aéreo,16942.9,13599.1,133.911,21.435,1061.94,1061.94,1061.94,1061.94,1061.94,12811.1,4131.8,133.911,21.435,33.414,145.923,1061.94,33.087,34.151,35.213,36.277,37.341,38.404,21.435,25734.7,18043.4,145.923,21.435,1061.94,1061.94,1061.94,1061.94,1061.94,20596.0,5138.7,145.923,21.435,88.278,96.197,0.855,1.778,2.931,3.738,4.084
2026-06,CGE,CGE DISTRIBUCIÓN,San Rafael,STxE-1-A,Aéreo,16942.9,13599.1,140.572,21.435,1061.94,1061.94,1061.94,1061.94,1061.94,12811.1,4131.8,140.572,21.435,33.414,153.183,1061.94,33.087,34.151,35.213,36.277,37.341,38.404,21.435,25734.7,18043.4,153.183,21.435,1061.94,1061.94,1061.94,1061.94,1061.94,20596.0,5138.7,153.183,21.435,93.877,102.297,0.855,1.778,2.931,3.738,4.084
2026-06,CGE,CGE DISTRIBUCIÓN,San Vicente,STxE-1-A,Aéreo,16942.9,13599.1,140.572,21.435,1061.94,1061.94,1061.94,1061.94,1061.94,12811.1,4131.8,140.572,21.435,33.414,153.183,1061.94,33.087,34.151,35.213,36.277,37.341,38.404,21.435,25734.7,18043.4,153.183,21.435,1061.94,1061.94,1061.94,1061.94,1061.94,20596.0,5138.7,153.183,21.435,93.877,102.297,0.855,1.778,2.931,3.738,4.084
2026-06,CGE,CGE DISTRIBUCIÓN,Santa Cruz,STxE-6-A,Aéreo,16942.9,13599.1,140.572,21.435,1061.94,1061.94,1061.94,1061.94,1061.94,12811.1,4131.8,140.572,21.435,33.414,153.183,1061.94,33.087,34.151,35.213,36.277,37.341,38.404,21.435,25734.7,18043.4,153.183,21.435,1061.94,1061.94,1061.94,1061.94,1061.94,20596.0,5138.7,153.183,21.435,93.877,102.297,0.855,1.778,2.931,3.738,4.084
2026-06,CGE,CGE DISTRIBUCIÓN,Santo Domingo,STxE-6-A,Aéreo,16942.9,13599.1,140.572,21.435,1061.94,1061.94,1061.94,1061.94,1061.94,12811.1,4131.8,140.572,21.435,33.414,153.183,1061.94,33.087,34.151,35.213,36.277,37.341,38.404,21.435,25734.7,18043.4,153.183,21.435,1061.94,1061.94,1061.94,1061.94,1061.94,20596.0,5138.7,153.183,21.435,93.877,102.297,0.855,1.778,2.931,3.738,4.084
2026-06,CGE,CGE DISTRIBUCIÓN,Talagante,STxD-6-A,Aéreo,16658.0,13356.2,138.454,15.964,1061.94,1061.94,1061.94,1061.94,1061.94,12534.7,4123.2,138.454,15.964,32.516,150.873,1061.94,33.087,34.134,35.182,36.23,37.277,38.324,15.964,25433.9,17815.5,150.873,15.964,1061.94,1061.94,1061.94,1061.94,1061.94,20305.8,5128.1,150.873,15.964,92.096,100.357,0.855,1.778,2.931,3.738,4.084
2026-06,CGE,CGE DISTRIBUCIÓN,Talagante,STxE-6-A,Aéreo,16942.9,13599.1,140.572,21.435,1061.94,1061.94,1061.94,1061.94,1061.94,12811.1,4131.8,140.572,21.435,33.414,153.183,1061.94,33.087,34.151,35.213,36.277,37.341,38.404,21.435,25734.7,18043.4,153.183,21.435,1061.94,1061.94,1061.94,1061.94,1061.94,20596.0,5138.7,153.183,21.435,93.877,102.297,0.855,1.778,2.931,3.738,4.084
2026-06,CGE,CGE DISTRIBUCIÓN,Talca,STxE-7-A,Aéreo,16942.9,13599.1,140.572,21.435,1061.94,1061.94,1061.94,1061.94,1061.94,12811.1,4131.8,140.572,21.435,33.414,153.183,1061.94,33.087,34.151,35.213,36.277,37.341,38.404,21.435,25734.7,18043.4,153.183,21.435,1061.94,1061.94,1061.94,1061.94,1061.94,20596.0,5138.7,153.183,21.435,93.877,102.297,0.855,1.778,2.931,3.738,4.084
2026-06,CGE,CGE DISTRIBUCIÓN,Talca,STxE-7-S1,Subt.1,21752.2,17057.8,140.572,21.435,1061.94,1061.94,1061.94,1061.94,1061.94,14727.9,7024.3,140.572,21.435,33.414,153.183,1061.94,42.497,43.863,45.23,46.596,47.962,49.327,21.435,30214.7,20989.3,153.183,21.435,1061.94,1061.94,1061.94,1061.94,1061.94,23614.4,6600.3,153.183,21.435,93.877,102.297,0.855,1.778,2.931,3.738,4.084
2026-06,CGE,CGE DISTRIBUCIÓN,Talca,STxE-7-S2,Subt.2,16942.9,13599.1,140.572,21.435,1061.94,1061.94,1061.94,1061.94,1061.94,12811.1,4131.8,140.572,21.435,33.414,153.183,1061.94,38.981,40.234,41.487,42.739,43.992,45.245,21.435,28540.5,19888.4,153.183,21.435,1061.94,1061.94,1061.94,1061.94,1061.94,22486.4,6054.1,153.183,21.435,93.877,102.297,0.855,1.778,2.931,3.738,4.084
2026-06,CGE,CGE DISTRIBUCIÓN,Talcahuano,STxE-2-A,Aéreo,16942.9,13599.1,140.572,21.435,1061.94,1061.94,1061.94,1061.94,1061.94,12811.1,4131.8,140.572,21.435,33.414,153.183,1061.94,33.087,34.151,35.213,36.277,37.341,38.404,21.435,25734.7,18043.4,153.183,21.435,1061.94,1061.94,1061.94,1061.94,1061.94,20596.0,5138.7,153.183,21.435,93.877,102.297,0.855,1.778,2.931,3.738,4.084
2026-06,CGE,CGE DISTRIBUCIÓN,Temuco,STxE-9-A,Aéreo,17110.8,13719.9,140.572,21.435,1061.94,1061.94,1061.94,1061.94,1061.94,12877.9,4232.8,140.572,21.435,33.414,153.183,1061.94,53.348,53.348,53.348,53.348,53.348,53.348,21.435,34187.5,23601.7,153.183,21.435,1061.94,1061.94,1061.94,1061.94,1061.94,24356.8,9830.7,153.183,21.435,93.877,102.297,0.855,1.778,2.931,3.738,4.084
2026-06,CGE,CGE DISTRIBUCIÓN,Temuco,STxE-9-S2,Subt.2,17110.8,13719.9,140.572,21.435,1061.94,1061.94,1061.94,1061.94,1061.94,12877.9,4232.8,140.572,21.435,33.414,153.183,1061.94,62.851,62.851,62.851,62.851,62.851,62.851,21.435,38499.0,26436.9,153.183,21.435,1061.94,1061.94,1061.94,1061.94,1061.94,26917.1,11581.9,153.183,21.435,93.877,102.297,0.855,1.778,2.931,3.738,4.084
2026-06,CGE,CGE DISTRIBUCIÓN,Teno,STxE-1-A,Aéreo,16942.9,13599.1,133.911,21.435,1061.94,1061.94,1061.94,1061.94,1061.94,12811.1,4131.8,133.911,21.435,33.414,145.923,1061.94,33.087,34.151,35.213,36.277,37.341,38.404,21.435,25734.7,18043.4,145.923,21.435,1061.94,1061.94,1061.94,1061.94,1061.94,20596.0,5138.7,145.923,21.435,88.278,96.197,0.855,1.778,2.931,3.738,4.084
2026-06,CGE,CGE DISTRIBUCIÓN,Tomé,STxE-2-A,Aéreo,17110.8,13719.9,140.572,21.435,1061.94,1061.94,1061.94,1061.94,1061.94,12877.9,4232.8,140.572,21.435,33.414,153.183,1061.94,53.348,53.348,53.348,53.348,53.348,53.348,21.435,34187.5,23601.7,153.183,21.435,1061.94,1061.94,1061.94,1061.94,1061.94,24356.8,9830.7,153.183,21.435,93.877,102.297,0.855,1.778,2.931,3.738,4.084
2026-06,CGE,CGE DISTRIBUCIÓN,Treguaco,STxE-26-A,Aéreo,17110.8,13719.9,140.572,21.435,1061.94,1061.94,1061.94,1061.94,1061.94,12877.9,4232.8,140.572,21.435,33.414,153.183,1061.94,53.348,53.348,53.348,53.348,53.348,53.348,21.435,34187.5,23601.7,153.183,21.435,1061.94,1061.94,1061.94,1061.94,1061.94,24356.8,9830.7,153.183,21.435,93.877,102.297,0.855,1.778,2.931,3.738,4.084
2026-06,CGE,CGE DISTRIBUCIÓN,Vichuquén,STxE-6-A,Aéreo,16942.9,13599.1,140.572,21.435,1061.94,1061.94,1061.94,1061.94,1061.94,12811.1,4131.8,140.572,21.435,33.414,153.183,1061.94,33.087,34.151,35.213,36.277,37.341,38.404,21.435,25734.7,18043.4,153.183,21.435,1061.94,1061.94,1061.94,1061.94,1061.94,20596.0,5138.7,153.183,21.435,93.877,102.297,0.855,1.778,2.931,3.738,4.084
2026-06,CGE,CGE DISTRIBUCIÓN,Vilcún,STxE-5-A,Aéreo,17110.8,13719.9,140.572,21.435,1061.94,1061.94,1061.94,1061.94,1061.94,12877.9,4232.8,140.572,21.435,33.414,153.183,1061.94,53.348,53.348,53.348,53.348,53.348,53.348,21.435,34187.5,23601.7,153.183,21.435,1061.94,1061.94,1061.94,1061.94,1061.94,24356.8,9830.7,153.183,21.435,93.877,102.297,0.855,1.778,2.931,3.738,4.084
2026-06,CGE,CGE DISTRIBUCIÓN,Villa Alegre,STxE-17-A,Aéreo,17275.0,13837.9,140.572,21.435,1061.94,1061.94,1061.94,1061.94,1061.94,12943.4,4331.5,140.572,21.435,33.414,153.183,1061.94,42.681,43.807,44.934,46.061,47.188,48.315,21.435,29799.5,20716.2,153.183,21.435,1061.94,1061.94,1061.94,1061.94,1061.94,22542.6,7256.9,153.183,21.435,93.877,102.297,0.855,1.778,2.931,3.738,4.084
2026-06,CGE,CGE DISTRIBUCIÓN,Villarrica,STxE-18-A,Aéreo,17110.8,13719.9,140.572,21.435,1061.94,1061.94,1061.94,1061.94,1061.94,12877.9,4232.8,140.572,21.435,33.414,153.183,1061.94,53.348,53.348,53.348,53.348,53.348,53.348,21.435,34187.5,23601.7,153.183,21.435,1061.94,1061.94,1061.94,1061.94,1061.94,24356.8,9830.7,153.183,21.435,93.877,102.297,0.855,1.778,2.931,3.738,4.084
2026-06,CGE,CGE DISTRIBUCIÓN,Yerbas Buenas,STxE-1-A,Aéreo,17275.0,13837.9,133.911,21.435,1061.94,1061.94,1061.94,1061.94,1061.94,12943.4,4331.5,133.911,21.435,33.414,145.923,1061.94,42.681,43.807,44.934,46.061,47.188,48.315,21.435,29799.5,20716.2,145.923,21.435,1061.94,1061.94,1061.94,1061.94,1061.94,22542.6,7256.9,145.923,21.435,88.278,96.197,0.855,1.778,2.931,3.738,4.084
2026-06,CGE,CGE DISTRIBUCIÓN,Ñiquén,STxE-24-A,Aéreo,17110.8,13719.9,140.572,21.435,1061.94,1061.94,1061.94,1061.94,1061.94,12877.9,4232.8,140.572,21.435,33.414,153.183,1061.94,53.348,53.348,53.348,53.348,53.348,53.348,21.435,34187.5,23601.7,153.183,21.435,1061.94,1061.94,1061.94,1061.94,1061.94,24356.8,9830.7,153.183,21.435,93.877,102.297,0.855,1.778,2.931,3.738,4.084
2026-05,CGE,CGE DISTRIBUCIÓN,Alhué,STxE-6-A,Aéreo,16908.9,13574.7,140.572,21.435,1048.46,1048.46,1048.46,1048.46,1048.46,12797.5,4111.5,140.572,21.435,33.414,153.183,1048.46,32.919,33.977,35.035,36.093,37.151,38.209,21.435,25654.9,17990.9,153.183,21.435,1048.46,1048.46,1048.46,1048.46,1048.46,20542.7,5112.1,153.183,21.435,93.877,102.297,0.855,1.778,2.931,3.738,4.084
2026-05,CGE,CGE DISTRIBUCIÓN,Buin,STxE-6-A,Aéreo,16908.9,13574.7,140.572,21.435,1048.46,1048.46,1048.46,1048.46,1048.46,12797.5,4111.5,140.572,21.435,33.414,153.183,1048.46,32.919,33.977,35.035,36.093,37.151,38.209,21.435,25654.9,17990.9,153.183,21.435,1048.46,1048.46,1048.46,1048.46,1048.46,20542.7,5112.1,153.183,21.435,93.877,102.297,0.855,1.778,2.931,3.738,4.084
2026-05,CGE,CGE DISTRIBUCIÓN,Calera de Tango,STxD-3-A,Aéreo,16624.2,13331.9,138.454,15.964,1048.46,1048.46,1048.46,1048.46,1048.46,12521.3,4102.9,138.454,15.964,32.516,150.873,1048.46,32.919,33.961,35.004,36.045,37.088,38.13,15.964,25354.1,17763.0,150.873,15.964,1048.46,1048.46,1048.46,1048.46,1048.46,20252.6,5101.5,150.873,15.964,92.096,100.357,0.855,1.778,2.931,3.738,4.084
2026-05,CGE,CGE DISTRIBUCIÓN,Cartagena,STxE-6-A,Aéreo,17239.4,13812.3,140.572,21.435,1048.46,1048.46,1048.46,1048.46,1048.46,12929.2,4310.2,140.572,21.435,33.414,153.183,1048.46,42.464,43.585,44.706,45.827,46.948,48.07,21.435,29698.9,20650.2,153.183,21.435,1048.46,1048.46,1048.46,1048.46,1048.46,22479.5,7219.5,153.183,21.435,93.877,102.297,0.855,1.778,2.931,3.738,4.084
2026-05,CGE,CGE DISTRIBUCIÓN,Cauquenes,STxE-6-A,Aéreo,17076.1,13694.9,140.572,21.435,1048.46,1048.46,1048.46,1048.46,1048.46,12864.1,4211.9,140.572,21.435,33.414,153.183,1048.46,53.078,53.078,53.078,53.078,53.078,53.078,21.435,34064.7,23521.1,153.183,21.435,1048.46,1048.46,1048.46,1048.46,1048.46,24284.4,9780.4,153.183,21.435,93.877,102.297,0.855,1.778,2.931,3.738,4.084
2026-05,CGE,CGE DISTRIBUCIÓN,Chanco,STxE-6-A,Aéreo,16908.9,13574.7,140.572,21.435,1048.46,1048.46,1048.46,1048.46,1048.46,12797.5,4111.5,140.572,21.435,33.414,153.183,1048.46,32.919,33.977,35.035,36.093,37.151,38.209,21.435,25654.9,17990.9,153.183,21.435,1048.46,1048.46,1048.46,1048.46,1048.46,20542.7,5112.1,153.183,21.435,93.877,102.297,0.855,1.778,2.931,3.738,4.084
2026-05,CGE,CGE DISTRIBUCIÓN,Chiguayante,STxE-2-A,Aéreo,16908.9,13574.7,140.572,21.435,1048.46,1048.46,1048.46,1048.46,1048.46,12797.5,4111.5,140.572,21.435,33.414,153.183,1048.46,32.919,33.977,35.035,36.093,37.151,38.209,21.435,25654.9,17990.9,153.183,21.435,1048.46,1048.46,1048.46,1048.46,1048.46,20542.7,5112.1,153.183,21.435,93.877,102.297,0.855,1.778,2.931,3.738,4.084
2026-05,CGE,CGE DISTRIBUCIÓN,Chillán,STxE-8-A,Aéreo,17076.1,13694.9,140.572,21.435,1048.46,1048.46,1048.46,1048.46,1048.46,12864.1,4211.9,140.572,21.435,33.414,153.183,1048.46,53.078,53.078,53.078,53.078,53.078,53.078,21.435,34064.7,23521.1,153.183,21.435,1048.46,1048.46,1048.46,1048.46,1048.46,24284.4,9780.4,153.183,21.435,93.877,102.297,0.855,1.778,2.931,3.738,4.084
2026-05,CGE,CGE DISTRIBUCIÓN,Chillán,STxE-8-S2,Subt.2,17076.1,13694.9,140.572,21.435,1048.46,1048.46,1048.46,1048.46,1048.46,12864.1,4211.9,140.572,21.435,33.414,153.183,1048.46,62.532,62.532,62.532,62.532,62.532,62.532,21.435,38354.4,26341.8,153.183,21.435,1048.46,1048.46,1048.46,1048.46,1048.46,26831.9,11522.5,153.183,21.435,93.877,102.297,0.855,1.778,2.931,3.738,4.084
2026-05,CGE,CGE DISTRIBUCIÓN,Chillán Viejo,STxE-12-A,Aéreo,17076.1,13694.9,140.572,21.435,1048.46,1048.46,1048.46,1048.46,1048.46,12864.1,4211.9,140.572,21.435,33.414,153.183,1048.46,53.078,53.078,53.078,53.078,53.078,53.078,21.435,34064.7,23521.1,153.183,21.435,1048.46,1048.46,1048.46,1048.46,1048.46,24284.4,9780.4,153.183,21.435,93.877,102.297,0.855,1.778,2.931,3.738,4.084
2026-05,CGE,CGE DISTRIBUCIÓN,Chimbarongo,STxE-1-A,Aéreo,16908.9,13574.7,140.572,21.435,1048.46,1048.46,1048.46,1048.46,1048.46,12797.5,4111.5,140.572,21.435,33.414,153.183,1048.46,32.919,33.977,35.035,36.093,37.151,38.209,21.435,25654.9,17990.9,153.183,21.435,1048.46,1048.46,1048.46,1048.46,1048.46,20542.7,5112.1,153.183,21.435,93.877,102.297,0.855,1.778,2.931,3.738,4.084
2026-05,CGE,CGE DISTRIBUCIÓN,Chépica,STxE-6-A,Aéreo,16908.9,13574.7,140.572,21.435,1048.46,1048.46,1048.46,1048.46,1048.46,12797.5,4111.5,140.572,21.435,33.414,153.183,1048.46,32.919,33.977,35.035,36.093,37.151,38.209,21.435,25654.9,17990.9,153.183,21.435,1048.46,1048.46,1048.46,1048.46,1048.46,20542.7,5112.1,153.183,21.435,93.877,102.297,0.855,1.778,2.931,3.738,4.084
2026-05,CGE,CGE DISTRIBUCIÓN,Cobquecura,STxE-6-A,Aéreo,17076.1,13694.9,140.572,21.435,1048.46,1048.46,1048.46,1048.46,1048.46,12864.1,4211.9,140.572,21.435,33.414,153.183,1048.46,53.078,53.078,53.078,53.078,53.078,53.078,21.435,34064.7,23521.1,153.183,21.435,1048.46,1048.46,1048.46,1048.46,1048.46,24284.4,9780.4,153.183,21.435,93.877,102.297,0.855,1.778,2.931,3.738,4.084
2026-05,CGE,CGE DISTRIBUCIÓN,Codegua,STxE-1-A,Aéreo,16908.9,13574.7,140.572,21.435,1048.46,1048.46,1048.46,1048.46,1048.46,12797.5,4111.5,140.572,21.435,33.414,153.183,1048.46,32.919,33.977,35.035,36.093,37.151,38.209,21.435,25654.9,17990.9,153.183,21.435,1048.46,1048.46,1048.46,1048.46,1048.46,20542.7,5112.1,153.183,21.435,93.877,102.297,0.855,1.778,2.931,3.738,4.084
2026-05,CGE,CGE DISTRIBUCIÓN,Coelemu,STxE-22-A,Aéreo,17076.1,13694.9,140.572,21.435,1048.46,1048.46,1048.46,1048.46,1048.46,12864.1,4211.9,140.572,21.435,33.414,153.183,1048.46,53.078,53.078,53.078,53.078,53.078,53.078,21.435,34064.7,23521.1,153.183,21.435,1048.46,1048.46,1048.46,1048.46,1048.46,24284.4,9780.4,153.183,21.435,93.877,102.297,0.855,1.778,2.931,3.738,4.084
2026-05,CGE,CGE DISTRIBUCIÓN,Coihueco,STxE-21-A,Aéreo,17076.1,13694.9,140.572,21.435,1048.46,1048.46,1048.46,1048.46,1048.46,12864.1,4211.9,140.572,21.435,33.414,153.183,1048.46,53.078,53.078,53.078,53.078,53.078,53.078,21.435,34064.7,23521.1,153.183,21.435,1048.46,1048.46,1048.46,1048.46,1048.46,24284.4,9780.4,153.183,21.435,93.877,102.297,0.855,1.778,2.931,3.738,4.084
2026-05,CGE,CGE DISTRIBUCIÓN,Coinco,STxE-1-A,Aéreo,16908.9,13574.7,140.572,21.435,1048.46,1048.46,1048.46,1048.46,1048.46,12797.5,4111.5,140.572,21.435,33.414,153.183,1048.46,32.919,33.977,35.035,36.093,37.151,38.209,21.435,25654.9,17990.9,153.183,21.435,1048.46,1048.46,1048.46,1048.46,1048.46,20542.7,5112.1,153.183,21.435,93.877,102.297,0.855,1.778,2.931,3.738,4.084
2026-05,CGE,CGE DISTRIBUCIÓN,Colbún,STxE-25-A,Aéreo,17239.4,13812.3,103.017,21.435,1048.46,1048.46,1048.46,1048.46,1048.46,12929.2,4310.2,103.017,21.435,33.414,112.257,1048.46,42.464,43.585,44.706,45.827,46.948,48.07,21.435,29698.9,20650.2,112.257,21.435,1048.46,1048.46,1048.46,1048.46,1048.46,22479.5,7219.5,112.257,21.435,62.317,67.907,0.855,1.778,2.931,3.738,4.084
2026-05,CGE,CGE DISTRIBUCIÓN,Coltauco,STxE-1-A,Aéreo,16908.9,13574.7,140.572,21.435,1048.46,1048.46,1048.46,1048.46,1048.46,12797.5,4111.5,140.572,21.435,33.414,153.183,1048.46,32.919,33.977,35.035,36.093,37.151,38.209,21.435,25654.9,17990.9,153.183,21.435,1048.46,1048.46,1048.46,1048.46,1048.46,20542.7,5112.1,153.183,21.435,93.877,102.297,0.855,1.778,2.931,3.738,4.084
2026-05,CGE,CGE DISTRIBUCIÓN,Concepción,STxE-2-A,Aéreo,16908.9,13574.7,140.572,21.435,1048.46,1048.46,1048.46,1048.46,1048.46,12797.5,4111.5,140.572,21.435,33.414,153.183,1048.46,32.919,33.977,35.035,36.093,37.151,38.209,21.435,25654.9,17990.9,153.183,21.435,1048.46,1048.46,1048.46,1048.46,1048.46,20542.7,5112.1,153.183,21.435,93.877,102.297,0.855,1.778,2.931,3.738,4.084
2026-05,CGE,CGE DISTRIBUCIÓN,Concepción,STxE-2-S1,Subt.1,21694.7,17016.4,140.572,21.435,1048.46,1048.46,1048.46,1048.46,1048.46,14704.9,6989.7,140.572,21.435,33.414,153.183,1048.46,42.282,43.641,45.0,46.359,47.718,49.077,21.435,30112.1,20921.9,153.183,21.435,1048.46,1048.46,1048.46,1048.46,1048.46,23545.9,6566.2,153.183,21.435,93.877,102.297,0.855,1.778,2.931,3.738,4.084
2026-05,CGE,CGE DISTRIBUCIÓN,Concepción,STxE-2-S2,Subt.2,16908.9,13574.7,140.572,21.435,1048.46,1048.46,1048.46,1048.46,1048.46,12797.5,4111.5,140.572,21.435,33.414,153.183,1048.46,38.783,40.029,41.276,42.522,43.769,45.015,21.435,28446.4,19826.5,153.183,21.435,1048.46,1048.46,1048.46,1048.46,1048.46,22423.5,6022.7,153.183,21.435,93.877,102.297,0.855,1.778,2.931,3.738,4.084
2026-05,CGE,CGE DISTRIBUCIÓN,Concepción,STxE-2-S3,Subt.3,21694.7,17016.4,140.572,21.435,1048.46,1048.46,1048.46,1048.46,1048.46,14704.9,6989.7,140.572,21.435,33.414,153.183,1048.46,48.146,48.759,49.373,49.986,50.6,51.213,21.435,32903.6,22757.4,153.183,21.435,1048.46,1048.46,1048.46,1048.46,1048.46,25426.8,7476.8,153.183,21.435,93.877,102.297,0.855,1.778,2.931,3.738,4.084
2026-05,CGE,CGE DISTRIBUCIÓN,Constitución,STxE-6-A,Aéreo,17239.4,13812.3,133.911,21.435,1048.46,1048.46,1048.46,1048.46,1048.46,12929.2,4310.2,133.911,21.435,33.414,145.923,1048.46,42.464,43.585,44.706,45.827,46.948,48.07,21.435,29698.9,20650.2,145.923,21.435,1048.46,1048.46,1048.46,1048.46,1048.46,22479.5,7219.5,145.923,21.435,88.278,96.197,0.855,1.778,2.931,3.738,4.084
2026-05,CGE,CGE DISTRIBUCIÓN,Coronel,STxE-10-A,Aéreo,17076.1,13694.9,68.232,21.435,1048.46,1048.46,1048.46,1048.46,1048.46,12864.1,4211.9,68.232,21.435,33.414,74.352,1048.46,53.078,53.078,53.078,53.078,53.078,53.078,21.435,34064.7,23521.1,74.352,21.435,1048.46,1048.46,1048.46,1048.46,1048.46,24284.4,9780.4,74.352,21.435,33.086,36.054,0.855,1.778,2.931,3.738,4.084
2026-05,CGE,CGE DISTRIBUCIÓN,Coronel,STxE-10-S2,Subt.2,17076.1,13694.9,68.232,21.435,1048.46,1048.46,1048.46,1048.46,1048.46,12864.1,4211.9,68.232,21.435,33.414,74.352,1048.46,62.532,62.532,62.532,62.532,62.532,62.532,21.435,38354.4,26341.8,74.352,21.435,1048.46,1048.46,1048.46,1048.46,1048.46,26831.9,11522.5,74.352,21.435,33.086,36.054,0.855,1.778,2.931,3.738,4.084
2026-05,CGE,CGE DISTRIBUCIÓN,Curacaví,STxD-3-A,Aéreo,17046.6,13635.7,138.454,15.964,1048.46,1048.46,1048.46,1048.46,1048.46,12689.7,4356.9,138.454,15.964,32.516,150.873,1048.46,42.464,43.69,44.915,46.141,47.367,48.591,15.964,29644.8,20584.5,150.873,15.964,1048.46,1048.46,1048.46,1048.46,1048.46,22347.0,7297.9,150.873,15.964,92.096,100.357,0.855,1.778,2.931,3.738,4.084
2026-05,CGE,CGE DISTRIBUCIÓN,Curarrehue,STxE-2-A,Aéreo,16908.9,13574.7,140.572,21.435,1048.46,1048.46,1048.46,1048.46,1048.46,12797.5,4111.5,140.572,21.435,33.414,153.183,1048.46,32.919,33.977,35.035,36.093,37.151,38.209,21.435,25654.9,17990.9,153.183,21.435,1048.46,1048.46,1048.46,1048.46,1048.46,20542.7,5112.1,153.183,21.435,93.877,102.297,0.855,1.778,2.931,3.738,4.084
2026-05,CGE,CGE DISTRIBUCIÓN,Curepto,STxE-6-A,Aéreo,16908.9,13574.7,140.572,21.435,1048.46,1048.46,1048.46,1048.46,1048.46,12797.5,4111.5,140.572,21.435,33.414,153.183,1048.46,32.919,33.977,35.035,36.093,37.151,38.209,21.435,25654.9,17990.9,153.183,21.435,1048.46,1048.46,1048.46,1048.46,1048.46,20542.7,5112.1,153.183,21.435,93.877,102.297,0.855,1.778,2.931,3.738,4.084
2026-05,CGE,CGE DISTRIBUCIÓN,Curicó,STxE-1-A,Aéreo,16908.9,13574.7,140.572,21.435,1048.46,1048.46,1048.46,1048.46,1048.46,12797.5,4111.5,140.572,21.435,33.414,153.183,1048.46,32.919,33.977,35.035,36.093,37.151,38.209,21.435,25654.9,17990.9,153.183,21.435,1048.46,1048.46,1048.46,1048.46,1048.46,20542.7,5112.1,153.183,21.435,93.877,102.297,0.855,1.778,2.931,3.738,4.084
2026-05,CGE,CGE DISTRIBUCIÓN,Doñihue,STxE-1-A,Aéreo,16908.9,13574.7,140.572,21.435,1048.46,1048.46,1048.46,1048.46,1048.46,12797.5,4111.5,140.572,21.435,33.414,153.183,1048.46,32.919,33.977,35.035,36.093,37.151,38.209,21.435,25654.9,17990.9,153.183,21.435,1048.46,1048.46,1048.46,1048.46,1048.46,20542.7,5112.1,153.183,21.435,93.877,102.297,0.855,1.778,2.931,3.738,4.084
2026-05,CGE,CGE DISTRIBUCIÓN,El Bosque,STxD-3-A,Aéreo,16624.2,13331.9,138.454,15.964,1048.46,1048.46,1048.46,1048.46,1048.46,12521.3,4102.9,138.454,15.964,32.516,150.873,1048.46,32.919,33.961,35.004,36.045,37.088,38.13,15.964,25354.1,17763.0,150.873,15.964,1048.46,1048.46,1048.46,1048.46,1048.46,20252.6,5101.5,150.873,15.964,92.096,100.357,0.855,1.778,2.931,3.738,4.084
2026-05,CGE,CGE DISTRIBUCIÓN,El Monte,STxE-6-A,Aéreo,16908.9,13574.7,140.572,21.435,1048.46,1048.46,1048.46,1048.46,1048.46,12797.5,4111.5,140.572,21.435,33.414,153.183,1048.46,32.919,33.977,35.035,36.093,37.151,38.209,21.435,25654.9,17990.9,153.183,21.435,1048.46,1048.46,1048.46,1048.46,1048.46,20542.7,5112.1,153.183,21.435,93.877,102.297,0.855,1.778,2.931,3.738,4.084
2026-05,CGE,CGE DISTRIBUCIÓN,Empedrado,STxE-6-A,Aéreo,16908.9,13574.7,140.572,21.435,1048.46,1048.46,1048.46,1048.46,1048.46,12797.5,4111.5,140.572,21.435,33.414,153.183,1048.46,32.919,33.977,35.035,36.093,37.151,38.209,21.435,25654.9,17990.9,153.183,21.435,1048.46,1048.46,1048.46,1048.46,1048.46,20542.7,5112.1,153.183,21.435,93.877,102.297,0.855,1.778,2.931,3.738,4.084
2026-05,CGE,CGE DISTRIBUCIÓN,Florida,STxE-23-A,Aéreo,16929.9,13589.7,140.572,21.435,1048.46,1048.46,1048.46,1048.46,1048.46,12805.8,4123.9,140.572,21.435,33.414,153.183,1048.46,70.77,70.77,70.77,70.77,70.77,70.77,21.435,41421.2,28358.4,153.183,21.435,1048.46,1048.46,1048.46,1048.46,1048.46,27396.7,14024.5,153.183,21.435,93.877,102.297,0.855,1.778,2.931,3.738,4.084
2026-05,CGE,CGE DISTRIBUCIÓN,Freire,STxE-2-A,Aéreo,17076.1,13694.9,140.572,21.435,1048.46,1048.46,1048.46,1048.46,1048.46,12864.1,4211.9,140.572,21.435,33.414,153.183,1048.46,53.078,53.078,53.078,53.078,53.078,53.078,21.435,34064.7,23521.1,153.183,21.435,1048.46,1048.46,1048.46,1048.46,1048.46,24284.4,9780.4,153.183,21.435,93.877,102.297,0.855,1.778,2.931,3.738,4.084
2026-05,CGE,CGE DISTRIBUCIÓN,Graneros,STxE-1-A,Aéreo,16908.9,13574.7,140.572,21.435,1048.46,1048.46,1048.46,1048.46,1048.46,12797.5,4111.5,140.572,21.435,33.414,153.183,1048.46,32.919,33.977,35.035,36.093,37.151,38.209,21.435,25654.9,17990.9,153.183,21.435,1048.46,1048.46,1048.46,1048.46,1048.46,20542.7,5112.1,153.183,21.435,93.877,102.297,0.855,1.778,2.931,3.738,4.084
2026-05,CGE,CGE DISTRIBUCIÓN,Hualañé,STxE-6-A,Aéreo,16908.9,13574.7,140.572,21.435,1048.46,1048.46,1048.46,1048.46,1048.46,12797.5,4111.5,140.572,21.435,33.414,153.183,1048.46,32.919,33.977,35.035,36.093,37.151,38.209,21.435,25654.9,17990.9,153.183,21.435,1048.46,1048.46,1048.46,1048.46,1048.46,20542.7,5112.1,153.183,21.435,93.877,102.297,0.855,1.778,2.931,3.738,4.084
2026-05,CGE,CGE DISTRIBUCIÓN,Hualpén,STxE-2-A,Aéreo,16908.9,13574.7,95.857,21.435,1048.46,1048.46,1048.46,1048.46,1048.46,12797.5,4111.5,95.857,21.435,33.414,104.456,1048.46,32.919,33.977,35.035,36.093,37.151,38.209,21.435,25654.9,17990.9,104.456,21.435,1048.46,1048.46,1048.46,1048.46,1048.46,20542.7,5112.1,104.456,21.435,56.3,61.351,0.855,1.778,2.931,3.738,4.084
2026-05,CGE,CGE DISTRIBUCIÓN,Hualqui,STxE-16-A,Aéreo,16929.9,13589.7,140.572,21.435,1048.46,1048.46,1048.46,1048.46,1048.46,12805.8,4123.9,140.572,21.435,33.414,153.183,1048.46,70.77,70.77,70.77,70.77,70.77,70.77,21.435,41421.2,28358.4,153.183,21.435,1048.46,1048.46,1048.46,1048.46,1048.46,27396.7,14024.5,153.183,21.435,93.877,102.297,0.855,1.778,2.931,3.738,4.084
2026-05,CGE,CGE DISTRIBUCIÓN,Isla de Maipo,STxE-1-A,Aéreo,16908.9,13574.7,140.572,21.435,1048.46,1048.46,1048.46,1048.46,1048.46,12797.5,4111.5,140.572,21.435,33.414,153.183,1048.46,32.919,33.977,35.035,36.093,37.151,38.209,21.435,25654.9,17990.9,153.183,21.435,1048.46,1048.46,1048.46,1048.46,1048.46,20542.7,5112.1,153.183,21.435,93.877,102.297,0.855,1.778,2.931,3.738,4.084
2026-05,CGE,CGE DISTRIBUCIÓN,La Estrella,STxE-6-A,Aéreo,16908.9,13574.7,119.496,21.435,1048.46,1048.46,1048.46,1048.46,1048.46,12797.5,4111.5,119.496,21.435,33.414,130.215,1048.46,32.919,33.977,35.035,36.093,37.151,38.209,21.435,25654.9,17990.9,130.215,21.435,1048.46,1048.46,1048.46,1048.46,1048.46,20542.7,5112.1,130.215,21.435,76.165,82.997,0.855,1.778,2.931,3.738,4.084
2026-05,CGE,CGE DISTRIBUCIÓN,La Pintana,STxD-3-A,Aéreo,16624.2,13331.9,138.454,15.964,1048.46,1048.46,1048.46,1048.46,1048.46,12521.3,4102.9,138.454,15.964,32.516,150.873,1048.46,32.919,33.961,35.004,36.045,37.088,38.13,15.964,25354.1,17763.0,150.873,15.964,1048.46,1048.46,1048.46,1048.46,1048.46,20252.6,5101.5,150.873,15.964,92.096,100.357,0.855,1.778,2.931,3.738,4.084
2026-05,CGE,CGE DISTRIBUCIÓN,Las Cabras,STxE-1-A,Aéreo,16908.9,13574.7,129.111,21.435,1048.46,1048.46,1048.46,1048.46,1048.46,12797.5,4111.5,129.111,21.435,33.414,140.693,1048.46,32.919,33.977,35.035,36.093,37.151,38.209,21.435,25654.9,17990.9,140.693,21.435,1048.46,1048.46,1048.46,1048.46,1048.46,20542.7,5112.1,140.693,21.435,84.244,91.8,0.855,1.778,2.931,3.738,4.084
2026-05,CGE,CGE DISTRIBUCIÓN,Lautaro,STxE-20-A,Aéreo,17076.1,13694.9,133.911,21.435,1048.46,1048.46,1048.46,1048.46,1048.46,12864.1,4211.9,133.911,21.435,33.414,145.923,1048.46,53.078,53.078,53.078,53.078,53.078,53.078,21.435,34064.7,23521.1,145.923,21.435,1048.46,1048.46,1048.46,1048.46,1048.46,24284.4,9780.4,145.923,21.435,88.278,96.197,0.855,1.778,2.931,3.738,4.084
2026-05,CGE,CGE DISTRIBUCIÓN,Licantén,STxE-6-A,Aéreo,16908.9,13574.7,140.572,21.435,1048.46,1048.46,1048.46,1048.46,1048.46,12797.5,4111.5,140.572,21.435,33.414,153.183,1048.46,32.919,33.977,35.035,36.093,37.151,38.209,21.435,25654.9,17990.9,153.183,21.435,1048.46,1048.46,1048.46,1048.46,1048.46,20542.7,5112.1,153.183,21.435,93.877,102.297,0.855,1.778,2.931,3.738,4.084
2026-05,CGE,CGE DISTRIBUCIÓN,Linares,STxE-13-A,Aéreo,17239.4,13812.3,140.572,21.435,1048.46,1048.46,1048.46,1048.46,1048.46,12929.2,4310.2,140.572,21.435,33.414,153.183,1048.46,42.464,43.585,44.706,45.827,46.948,48.07,21.435,29698.9,20650.2,153.183,21.435,1048.46,1048.46,1048.46,1048.46,1048.46,22479.5,7219.5,153.183,21.435,93.877,102.297,0.855,1.778,2.931,3.738,4.084
2026-05,CGE,CGE DISTRIBUCIÓN,Litueche,STxE-6-A,Aéreo,16908.9,13574.7,119.496,21.435,1048.46,1048.46,1048.46,1048.46,1048.46,12797.5,4111.5,119.496,21.435,33.414,130.215,1048.46,32.919,33.977,35.035,36.093,37.151,38.209,21.435,25654.9,17990.9,130.215,21.435,1048.46,1048.46,1048.46,1048.46,1048.46,20542.7,5112.1,130.215,21.435,76.165,82.997,0.855,1.778,2.931,3.738,4.084
2026-05,CGE,CGE DISTRIBUCIÓN,Lolol,STxE-6-A,Aéreo,16908.9,13574.7,140.572,21.435,1048.46,1048.46,1048.46,1048.46,1048.46,12797.5,4111.5,140.572,21.435,33.414,153.183,1048.46,32.919,33.977,35.035,36.093,37.151,38.209,21.435,25654.9,17990.9,153.183,21.435,1048.46,1048.46,1048.46,1048.46,1048.46,20542.7,5112.1,153.183,21.435,93.877,102.297,0.855,1.778,2.931,3.738,4.084
2026-05,CGE,CGE DISTRIBUCIÓN,Loncoche,STxE-18-A,Aéreo,17076.1,13694.9,140.572,21.435,1048.46,1048.46,1048.46,1048.46,1048.46,12864.1,4211.9,140.572,21.435,33.414,153.183,1048.46,53.078,53.078,53.078,53.078,53.078,53.078,21.435,34064.7,23521.1,153.183,21.435,1048.46,1048.46,1048.46,1048.46,1048.46,24284.4,9780.4,153.183,21.435,93.877,102.297,0.855,1.778,2.931,3.738,4.084
2026-05,CGE,CGE DISTRIBUCIÓN,Longaví,STxE-1-A,Aéreo,17239.4,13812.3,140.572,21.435,1048.46,1048.46,1048.46,1048.46,1048.46,12929.2,4310.2,140.572,21.435,33.414,153.183,1048.46,42.464,43.585,44.706,45.827,46.948,48.07,21.435,29698.9,20650.2,153.183,21.435,1048.46,1048.46,1048.46,1048.46,1048.46,22479.5,7219.5,153.183,21.435,93.877,102.297,0.855,1.778,2.931,3.738,4.084
2026-05,CGE,CGE DISTRIBUCIÓN,Los Ángeles,STxE-11-A,Aéreo,16929.9,13589.7,140.572,21.435,1048.46,1048.46,1048.46,1048.46,1048.46,12805.8,4123.9,140.572,21.435,33.414,153.183,1048.46,70.77,70.77,70.77,70.77,70.77,70.77,21.435,41421.2,28358.4,153.183,21.435,1048.46,1048.46,1048.46,1048.46,1048.46,27396.7,14024.5,153.183,21.435,93.877,102.297,0.855,1.778,2.931,3.738,4.084
2026-05,CGE,CGE DISTRIBUCIÓN,Machalí,STxE-1-A,Aéreo,16908.9,13574.7,133.911,21.435,1048.46,1048.46,1048.46,1048.46,1048.46,12797.5,4111.5,133.911,21.435,33.414,145.923,1048.46,32.919,33.977,35.035,36.093,37.151,38.209,21.435,25654.9,17990.9,145.923,21.435,1048.46,1048.46,1048.46,1048.46,1048.46,20542.7,5112.1,145.923,21.435,88.278,96.197,0.855,1.778,2.931,3.738,4.084
2026-05,CGE,CGE DISTRIBUCIÓN,Malloa,STxE-1-A,Aéreo,16908.9,13574.7,140.572,21.435,1048.46,1048.46,1048.46,1048.46,1048.46,12797.5,4111.5,140.572,21.435,33.414,153.183,1048.46,32.919,33.977,35.035,36.093,37.151,38.209,21.435,25654.9,17990.9,153.183,21.435,1048.46,1048.46,1048.46,1048.46,1048.46,20542.7,5112.1,153.183,21.435,93.877,102.297,0.855,1.778,2.931,3.738,4.084
2026-05,CGE,CGE DISTRIBUCIÓN,Marchihue,STxE-6-A,Aéreo,16908.9,13574.7,133.911,21.435,1048.46,1048.46,1048.46,1048.46,1048.46,12797.5,4111.5,133.911,21.435,33.414,145.923,1048.46,32.919,33.977,35.035,36.093,37.151,38.209,21.435,25654.9,17990.9,145.923,21.435,1048.46,1048.46,1048.46,1048.46,1048.46,20542.7,5112.1,145.923,21.435,88.278,96.197,0.855,1.778,2.931,3.738,4.084
2026-05,CGE,CGE DISTRIBUCIÓN,María Pinto,STxD-6-A,Aéreo,16624.2,13331.9,138.454,15.964,1048.46,1048.46,1048.46,1048.46,1048.46,12521.3,4102.9,138.454,15.964,32.516,150.873,1048.46,32.919,33.961,35.004,36.045,37.088,38.13,15.964,25354.1,17763.0,150.873,15.964,1048.46,1048.46,1048.46,1048.46,1048.46,20252.6,5101.5,150.873,15.964,92.096,100.357,0.855,1.778,2.931,3.738,4.084
2026-05,CGE,CGE DISTRIBUCIÓN,María Pinto,STxE-6-A,Aéreo,16908.9,13574.7,140.572,21.435,1048.46,1048.46,1048.46,1048.46,1048.46,12797.5,4111.5,140.572,21.435,33.414,153.183,1048.46,32.919,33.977,35.035,36.093,37.151,38.209,21.435,25654.9,17990.9,153.183,21.435,1048.46,1048.46,1048.46,1048.46,1048.46,20542.7,5112.1,153.183,21.435,93.877,102.297,0.855,1.778,2.931,3.738,4.084
2026-05,CGE,CGE DISTRIBUCIÓN,Maule,STxE-14-A,Aéreo,16908.9,13574.7,140.572,21.435,1048.46,1048.46,1048.46,1048.46,1048.46,12797.5,4111.5,140.572,21.435,33.414,153.183,1048.46,32.919,33.977,35.035,36.093,37.151,38.209,21.435,25654.9,17990.9,153.183,21.435,1048.46,1048.46,1048.46,1048.46,1048.46,20542.7,5112.1,153.183,21.435,93.877,102.297,0.855,1.778,2.931,3.738,4.084
2026-05,CGE,CGE DISTRIBUCIÓN,Melipilla,STxE-6-A,Aéreo,16908.9,13574.7,140.572,21.435,1048.46,1048.46,1048.46,1048.46,1048.46,12797.5,4111.5,140.572,21.435,33.414,153.183,1048.46,32.919,33.977,35.035,36.093,37.151,38.209,21.435,25654.9,17990.9,153.183,21.435,1048.46,1048.46,1048.46,1048.46,1048.46,20542.7,5112.1,153.183,21.435,93.877,102.297,0.855,1.778,2.931,3.738,4.084
2026-05,CGE,CGE DISTRIBUCIÓN,Molina,STxE-6-A,Aéreo,16908.9,13574.7,140.572,21.435,1048.46,1048.46,1048.46,1048.46,1048.46,12797.5,4111.5,140.572,21.435,33.414,153.183,1048.46,32.919,33.977,35.035,36.093,37.151,38.209,21.435,25654.9,17990.9,153.183,21.435,1048.46,1048.46,1048.46,1048.46,1048.46,20542.7,5112.1,153.183,21.435,93.877,102.297,0.855,1.778,2.931,3.738,4.084
2026-05,CGE,CGE DISTRIBUCIÓN,Mostazal,STxE-1-A,Aéreo,16908.9,13574.7,129.111,21.435,1048.46,1048.46,1048.46,1048.46,1048.46,12797.5,4111.5,129.111,21.435,33.414,140.693,1048.46,32.919,33.977,35.035,36.093,37.151,38.209,21.435,25654.9,17990.9,140.693,21.435,1048.46,1048.46,1048.46,1048.46,1048.46,20542.7,5112.1,140.693,21.435,84.244,91.8,0.855,1.778,2.931,3.738,4.084
2026-05,CGE,CGE DISTRIBUCIÓN,Mulchén,STxE-2-A,Aéreo,17076.1,13694.9,140.572,21.435,1048.46,1048.46,1048.46,1048.46,1048.46,12864.1,4211.9,140.572,21.435,33.414,153.183,1048.46,53.078,53.078,53.078,53.078,53.078,53.078,21.435,34064.7,23521.1,153.183,21.435,1048.46,1048.46,1048.46,1048.46,1048.46,24284.4,9780.4,153.183,21.435,93.877,102.297,0.855,1.778,2.931,3.738,4.084
2026-05,CGE,CGE DISTRIBUCIÓN,Nancagua,STxE-6-A,Aéreo,16908.9,13574.7,140.572,21.435,1048.46,1048.46,1048.46,1048.46,1048.46,12797.5,4111.5,140.572,21.435,33.414,153.183,1048.46,32.919,33.977,35.035,36.093,37.151,38.209,21.435,25654.9,17990.9,153.183,21.435,1048.46,1048.46,1048.46,1048.46,1048.46,20542.7,5112.1,153.183,21.435,93.877,102.297,0.855,1.778,2.931,3.738,4.084
2026-05,CGE,CGE DISTRIBUCIÓN,Navidad,STxE-6-A,Aéreo,16908.9,13574.7,140.572,21.435,1048.46,1048.46,1048.46,1048.46,1048.46,12797.5,4111.5,140.572,21.435,33.414,153.183,1048.46,32.919,33.977,35.035,36.093,37.151,38.209,21.435,25654.9,17990.9,153.183,21.435,1048.46,1048.46,1048.46,1048.46,1048.46,20542.7,5112.1,153.183,21.435,93.877,102.297,0.855,1.778,2.931,3.738,4.084
2026-05,CGE,CGE DISTRIBUCIÓN,Ninhue,STxE-27-A,Aéreo,17076.1,13694.9,140.572,21.435,1048.46,1048.46,1048.46,1048.46,1048.46,12864.1,4211.9,140.572,21.435,33.414,153.183,1048.46,53.078,53.078,53.078,53.078,53.078,53.078,21.435,34064.7,23521.1,153.183,21.435,1048.46,1048.46,1048.46,1048.46,1048.46,24284.4,9780.4,153.183,21.435,93.877,102.297,0.855,1.778,2.931,3.738,4.084
2026-05,CGE,CGE DISTRIBUCIÓN,Olivar,STxE-1-A,Aéreo,16908.9,13574.7,140.572,21.435,1048.46,1048.46,1048.46,1048.46,1048.46,12797.5,4111.5,140.572,21.435,33.414,153.183,1048.46,32.919,33.977,35.035,36.093,37.151,38.209,21.435,25654.9,17990.9,153.183,21.435,1048.46,1048.46,1048.46,1048.46,1048.46,20542.7,5112.1,153.183,21.435,93.877,102.297,0.855,1.778,2.931,3.738,4.084
2026-05,CGE,CGE DISTRIBUCIÓN,Padre Hurtado,STxD-3-A,Aéreo,16624.2,13331.9,138.454,15.964,1048.46,1048.46,1048.46,1048.46,1048.46,12521.3,4102.9,138.454,15.964,32.516,150.873,1048.46,32.919,33.961,35.004,36.045,37.088,38.13,15.964,25354.1,17763.0,150.873,15.964,1048.46,1048.46,1048.46,1048.46,1048.46,20252.6,5101.5,150.873,15.964,92.096,100.357,0.855,1.778,2.931,3.738,4.084
2026-05,CGE,CGE DISTRIBUCIÓN,Padre las Casas,STxE-20-A,Aéreo,17076.1,13694.9,140.572,21.435,1048.46,1048.46,1048.46,1048.46,1048.46,12864.1,4211.9,140.572,21.435,33.414,153.183,1048.46,53.078,53.078,53.078,53.078,53.078,53.078,21.435,34064.7,23521.1,153.183,21.435,1048.46,1048.46,1048.46,1048.46,1048.46,24284.4,9780.4,153.183,21.435,93.877,102.297,0.855,1.778,2.931,3.738,4.084
2026-05,CGE,CGE DISTRIBUCIÓN,Paine,STxE-1-A,Aéreo,16908.9,13574.7,140.572,21.435,1048.46,1048.46,1048.46,1048.46,1048.46,12797.5,4111.5,140.572,21.435,33.414,153.183,1048.46,32.919,33.977,35.035,36.093,37.151,38.209,21.435,25654.9,17990.9,153.183,21.435,1048.46,1048.46,1048.46,1048.46,1048.46,20542.7,5112.1,153.183,21.435,93.877,102.297,0.855,1.778,2.931,3.738,4.084
2026-05,CGE,CGE DISTRIBUCIÓN,Palmilla,STxE-6-A,Aéreo,16908.9,13574.7,140.572,21.435,1048.46,1048.46,1048.46,1048.46,1048.46,12797.5,4111.5,140.572,21.435,33.414,153.183,1048.46,32.919,33.977,35.035,36.093,37.151,38.209,21.435,25654.9,17990.9,153.183,21.435,1048.46,1048.46,1048.46,1048.46,1048.46,20542.7,5112.1,153.183,21.435,93.877,102.297,0.855,1.778,2.931,3.738,4.084
2026-05,CGE,CGE DISTRIBUCIÓN,Paredones,STxE-6-A,Aéreo,16908.9,13574.7,140.572,21.435,1048.46,1048.46,1048.46,1048.46,1048.46,12797.5,4111.5,140.572,21.435,33.414,153.183,1048.46,32.919,33.977,35.035,36.093,37.151,38.209,21.435,25654.9,17990.9,153.183,21.435,1048.46,1048.46,1048.46,1048.46,1048.46,20542.7,5112.1,153.183,21.435,93.877,102.297,0.855,1.778,2.931,3.738,4.084
2026-05,CGE,CGE DISTRIBUCIÓN,Parral,STxE-25-A,Aéreo,17076.1,13694.9,140.572,21.435,1048.46,1048.46,1048.46,1048.46,1048.46,12864.1,4211.9,140.572,21.435,33.414,153.183,1048.46,53.078,53.078,53.078,53.078,53.078,53.078,21.435,34064.7,23521.1,153.183,21.435,1048.46,1048.46,1048.46,1048.46,1048.46,24284.4,9780.4,153.183,21.435,93.877,102.297,0.855,1.778,2.931,3.738,4.084
2026-05,CGE,CGE DISTRIBUCIÓN,Pelarco,STxE-4-A,Aéreo,16908.9,13574.7,140.572,21.435,1048.46,1048.46,1048.46,1048.46,1048.46,12797.5,4111.5,140.572,21.435,33.414,153.183,1048.46,32.919,33.977,35.035,36.093,37.151,38.209,21.435,25654.9,17990.9,153.183,21.435,1048.46,1048.46,1048.46,1048.46,1048.46,20542.7,5112.1,153.183,21.435,93.877,102.297,0.855,1.778,2.931,3.738,4.084
2026-05,CGE,CGE DISTRIBUCIÓN,Pelluhue,STxE-6-A,Aéreo,16908.9,13574.7,140.572,21.435,1048.46,1048.46,1048.46,1048.46,1048.46,12797.5,4111.5,140.572,21.435,33.414,153.183,1048.46,32.919,33.977,35.035,36.093,37.151,38.209,21.435,25654.9,17990.9,153.183,21.435,1048.46,1048.46,1048.46,1048.46,1048.46,20542.7,5112.1,153.183,21.435,93.877,102.297,0.855,1.778,2.931,3.738,4.084
2026-05,CGE,CGE DISTRIBUCIÓN,Pencahue,STxE-14-A,Aéreo,16908.9,13574.7,140.572,21.435,1048.46,1048.46,1048.46,1048.46,1048.46,12797.5,4111.5,140.572,21.435,33.414,153.183,1048.46,32.919,33.977,35.035,36.093,37.151,38.209,21.435,25654.9,17990.9,153.183,21.435,1048.46,1048.46,1048.46,1048.46,1048.46,20542.7,5112.1,153.183,21.435,93.877,102.297,0.855,1.778,2.931,3.738,4.084
2026-05,CGE,CGE DISTRIBUCIÓN,Penco,STxE-2-A,Aéreo,16908.9,13574.7,140.572,21.435,1048.46,1048.46,1048.46,1048.46,1048.46,12797.5,4111.5,140.572,21.435,33.414,153.183,1048.46,32.919,33.977,35.035,36.093,37.151,38.209,21.435,25654.9,17990.9,153.183,21.435,1048.46,1048.46,1048.46,1048.46,1048.46,20542.7,5112.1,153.183,21.435,93.877,102.297,0.855,1.778,2.931,3.738,4.084
2026-05,CGE,CGE DISTRIBUCIÓN,Peralillo,STxE-6-A,Aéreo,16908.9,13574.7,140.572,21.435,1048.46,1048.46,1048.46,1048.46,1048.46,12797.5,4111.5,140.572,21.435,33.414,153.183,1048.46,32.919,33.977,35.035,36.093,37.151,38.209,21.435,25654.9,17990.9,153.183,21.435,1048.46,1048.46,1048.46,1048.46,1048.46,20542.7,5112.1,153.183,21.435,93.877,102.297,0.855,1.778,2.931,3.738,4.084
2026-05,CGE,CGE DISTRIBUCIÓN,Peumo,STxE-1-A,Aéreo,16908.9,13574.7,140.572,21.435,1048.46,1048.46,1048.46,1048.46,1048.46,12797.5,4111.5,140.572,21.435,33.414,153.183,1048.46,32.919,33.977,35.035,36.093,37.151,38.209,21.435,25654.9,17990.9,153.183,21.435,1048.46,1048.46,1048.46,1048.46,1048.46,20542.7,5112.1,153.183,21.435,93.877,102.297,0.855,1.778,2.931,3.738,4.084
2026-05,CGE,CGE DISTRIBUCIÓN,Peñaflor,STxD-3-A,Aéreo,16624.2,13331.9,138.454,15.964,1048.46,1048.46,1048.46,1048.46,1048.46,12521.3,4102.9,138.454,15.964,32.516,150.873,1048.46,32.919,33.961,35.004,36.045,37.088,38.13,15.964,25354.1,17763.0,150.873,15.964,1048.46,1048.46,1048.46,1048.46,1048.46,20252.6,5101.5,150.873,15.964,92.096,100.357,0.855,1.778,2.931,3.738,4.084
2026-05,CGE,CGE DISTRIBUCIÓN,Peñaflor,STxE-3-A,Aéreo,16741.2,13454.0,140.572,21.435,1048.46,1048.46,1048.46,1048.46,1048.46,12730.6,4010.5,140.572,21.435,33.414,153.183,1048.46,32.919,33.789,34.66,35.53,36.401,37.271,21.435,25270.0,17737.8,153.183,21.435,1048.46,1048.46,1048.46,1048.46,1048.46,20283.4,4986.6,153.183,21.435,93.877,102.297,0.855,1.778,2.931,3.738,4.084
2026-05,CGE,CGE DISTRIBUCIÓN,Pichidegua,STxE-1-A,Aéreo,16908.9,13574.7,129.111,21.435,1048.46,1048.46,1048.46,1048.46,1048.46,12797.5,4111.5,129.111,21.435,33.414,140.693,1048.46,32.919,33.977,35.035,36.093,37.151,38.209,21.435,25654.9,17990.9,140.693,21.435,1048.46,1048.46,1048.46,1048.46,1048.46,20542.7,5112.1,140.693,21.435,84.244,91.8,0.855,1.778,2.931,3.738,4.084
2026-05,CGE,CGE DISTRIBUCIÓN,Pichilemu,STxE-6-A,Aéreo,16908.9,13574.7,140.572,21.435,1048.46,1048.46,1048.46,1048.46,1048.46,12797.5,4111.5,140.572,21.435,33.414,153.183,1048.46,32.919,33.977,35.035,36.093,37.151,38.209,21.435,25654.9,17990.9,153.183,21.435,1048.46,1048.46,1048.46,1048.46,1048.46,20542.7,5112.1,153.183,21.435,93.877,102.297,0.855,1.778,2.931,3.738,4.084
2026-05,CGE,CGE DISTRIBUCIÓN,Pinto,STxE-26-A,Aéreo,17076.1,13694.9,140.572,21.435,1048.46,1048.46,1048.46,1048.46,1048.46,12864.1,4211.9,140.572,21.435,33.414,153.183,1048.46,53.078,53.078,53.078,53.078,53.078,53.078,21.435,34064.7,23521.1,153.183,21.435,1048.46,1048.46,1048.46,1048.46,1048.46,24284.4,9780.4,153.183,21.435,93.877,102.297,0.855,1.778,2.931,3.738,4.084
2026-05,CGE,CGE DISTRIBUCIÓN,Pirque,STxD-1-A,Aéreo,16624.2,13331.9,131.92,15.964,1048.46,1048.46,1048.46,1048.46,1048.46,12521.3,4102.9,131.92,15.964,32.516,143.753,1048.46,32.919,33.961,35.004,36.045,37.088,38.13,15.964,25354.1,17763.0,143.753,15.964,1048.46,1048.46,1048.46,1048.46,1048.46,20252.6,5101.5,143.753,15.964,86.606,94.374,0.855,1.778,2.931,3.738,4.084
2026-05,CGE,CGE DISTRIBUCIÓN,Pitrufquén,STxE-20-A,Aéreo,17076.1,13694.9,140.572,21.435,1048.46,1048.46,1048.46,1048.46,1048.46,12864.1,4211.9,140.572,21.435,33.414,153.183,1048.46,53.078,53.078,53.078,53.078,53.078,53.078,21.435,34064.7,23521.1,153.183,21.435,1048.46,1048.46,1048.46,1048.46,1048.46,24284.4,9780.4,153.183,21.435,93.877,102.297,0.855,1.778,2.931,3.738,4.084
2026-05,CGE,CGE DISTRIBUCIÓN,Placilla,STxE-6-A,Aéreo,16908.9,13574.7,140.572,21.435,1048.46,1048.46,1048.46,1048.46,1048.46,12797.5,4111.5,140.572,21.435,33.414,153.183,1048.46,32.919,33.977,35.035,36.093,37.151,38.209,21.435,25654.9,17990.9,153.183,21.435,1048.46,1048.46,1048.46,1048.46,1048.46,20542.7,5112.1,153.183,21.435,93.877,102.297,0.855,1.778,2.931,3.738,4.084
2026-05,CGE,CGE DISTRIBUCIÓN,Portezuelo,STxE-26-A,Aéreo,17076.1,13694.9,140.572,21.435,1048.46,1048.46,1048.46,1048.46,1048.46,12864.1,4211.9,140.572,21.435,33.414,153.183,1048.46,53.078,53.078,53.078,53.078,53.078,53.078,21.435,34064.7,23521.1,153.183,21.435,1048.46,1048.46,1048.46,1048.46,1048.46,24284.4,9780.4,153.183,21.435,93.877,102.297,0.855,1.778,2.931,3.738,4.084
2026-05,CGE,CGE DISTRIBUCIÓN,Pucón,STxE-2-A,Aéreo,16908.9,13574.7,140.572,21.435,1048.46,1048.46,1048.46,1048.46,1048.46,12797.5,4111.5,140.572,21.435,33.414,153.183,1048.46,32.919,33.977,35.035,36.093,37.151,38.209,21.435,25654.9,17990.9,153.183,21.435,1048.46,1048.46,1048.46,1048.46,1048.46,20542.7,5112.1,153.183,21.435,93.877,102.297,0.855,1.778,2.931,3.738,4.084
2026-05,CGE,CGE DISTRIBUCIÓN,Puente Alto,STxD-3-A,Aéreo,17275.8,13800.5,138.454,15.964,1048.46,1048.46,1048.46,1048.46,1048.46,12781.0,4494.9,138.454,15.964,32.516,150.873,1048.46,28.309,29.331,30.353,31.376,32.398,33.419,15.964,23422.2,16492.6,150.873,15.964,1048.46,1048.46,1048.46,1048.46,1048.46,19772.3,3649.8,150.873,15.964,92.096,100.357,0.855,1.778,2.931,3.738,4.084
2026-05,CGE,CGE DISTRIBUCIÓN,Pumanque,STxE-6-A,Aéreo,16908.9,13574.7,140.572,21.435,1048.46,1048.46,1048.46,1048.46,1048.46,12797.5,4111.5,140.572,21.435,33.414,153.183,1048.46,32.919,33.977,35.035,36.093,37.151,38.209,21.435,25654.9,17990.9,153.183,21.435,1048.46,1048.46,1048.46,1048.46,1048.46,20542.7,5112.1,153.183,21.435,93.877,102.297,0.855,1.778,2.931,3.738,4.084
2026-05,CGE,CGE DISTRIBUCIÓN,Quinta de Tilcoco,STxE-1-A,Aéreo,16908.9,13574.7,140.572,21.435,1048.46,1048.46,1048.46,1048.46,1048.46,12797.5,4111.5,140.572,21.435,33.414,153.183,1048.46,32.919,33.977,35.035,36.093,37.151,38.209,21.435,25654.9,17990.9,153.183,21.435,1048.46,1048.46,1048.46,1048.46,1048.46,20542.7,5112.1,153.183,21.435,93.877,102.297,0.855,1.778,2.931,3.738,4.084
2026-05,CGE,CGE DISTRIBUCIÓN,Quirihue,STxE-6-A,Aéreo,17076.1,13694.9,140.572,21.435,1048.46,1048.46,1048.46,1048.46,1048.46,12864.1,4211.9,140.572,21.435,33.414,153.183,1048.46,53.078,53.078,53.078,53.078,53.078,53.078,21.435,34064.7,23521.1,153.183,21.435,1048.46,1048.46,1048.46,1048.46,1048.46,24284.4,9780.4,153.183,21.435,93.877,102.297,0.855,1.778,2.931,3.738,4.084
2026-05,CGE,CGE DISTRIBUCIÓN,Rancagua,STxE-1-A,Aéreo,16908.9,13574.7,140.572,21.435,1048.46,1048.46,1048.46,1048.46,1048.46,12797.5,4111.5,140.572,21.435,33.414,153.183,1048.46,32.919,33.977,35.035,36.093,37.151,38.209,21.435,25654.9,17990.9,153.183,21.435,1048.46,1048.46,1048.46,1048.46,1048.46,20542.7,5112.1,153.183,21.435,93.877,102.297,0.855,1.778,2.931,3.738,4.084
2026-05,CGE,CGE DISTRIBUCIÓN,Rancagua,STxE-1-S1,Subt.1,21694.7,17016.4,140.572,21.435,1048.46,1048.46,1048.46,1048.46,1048.46,14704.9,6989.7,140.572,21.435,33.414,153.183,1048.46,42.282,43.641,45.0,46.359,47.718,49.077,21.435,30112.1,20921.9,153.183,21.435,1048.46,1048.46,1048.46,1048.46,1048.46,23545.9,6566.2,153.183,21.435,93.877,102.297,0.855,1.778,2.931,3.738,4.084
2026-05,CGE,CGE DISTRIBUCIÓN,Rancagua,STxE-1-S2,Subt.2,16908.9,13574.7,140.572,21.435,1048.46,1048.46,1048.46,1048.46,1048.46,12797.5,4111.5,140.572,21.435,33.414,153.183,1048.46,38.783,40.029,41.276,42.522,43.769,45.015,21.435,28446.4,19826.5,153.183,21.435,1048.46,1048.46,1048.46,1048.46,1048.46,22423.5,6022.7,153.183,21.435,93.877,102.297,0.855,1.778,2.931,3.738,4.084
2026-05,CGE,CGE DISTRIBUCIÓN,Rancagua,STxE-1-S3,Subt.3,21694.7,17016.4,140.572,21.435,1048.46,1048.46,1048.46,1048.46,1048.46,14704.9,6989.7,140.572,21.435,33.414,153.183,1048.46,48.146,48.759,49.373,49.986,50.6,51.213,21.435,32903.6,22757.4,153.183,21.435,1048.46,1048.46,1048.46,1048.46,1048.46,25426.8,7476.8,153.183,21.435,93.877,102.297,0.855,1.778,2.931,3.738,4.084
2026-05,CGE,CGE DISTRIBUCIÓN,Rauco,STxE-1-A,Aéreo,16908.9,13574.7,140.572,21.435,1048.46,1048.46,1048.46,1048.46,1048.46,12797.5,4111.5,140.572,21.435,33.414,153.183,1048.46,32.919,33.977,35.035,36.093,37.151,38.209,21.435,25654.9,17990.9,153.183,21.435,1048.46,1048.46,1048.46,1048.46,1048.46,20542.7,5112.1,153.183,21.435,93.877,102.297,0.855,1.778,2.931,3.738,4.084
2026-05,CGE,CGE DISTRIBUCIÓN,Rengo,STxE-1-A,Aéreo,16908.9,13574.7,140.572,21.435,1048.46,1048.46,1048.46,1048.46,1048.46,12797.5,4111.5,140.572,21.435,33.414,153.183,1048.46,32.919,33.977,35.035,36.093,37.151,38.209,21.435,25654.9,17990.9,153.183,21.435,1048.46,1048.46,1048.46,1048.46,1048.46,20542.7,5112.1,153.183,21.435,93.877,102.297,0.855,1.778,2.931,3.738,4.084
2026-05,CGE,CGE DISTRIBUCIÓN,Requínoa,STxE-1-A,Aéreo,16908.9,13574.7,133.911,21.435,1048.46,1048.46,1048.46,1048.46,1048.46,12797.5,4111.5,133.911,21.435,33.414,145.923,1048.46,32.919,33.977,35.035,36.093,37.151,38.209,21.435,25654.9,17990.9,145.923,21.435,1048.46,1048.46,1048.46,1048.46,1048.46,20542.7,5112.1,145.923,21.435,88.278,96.197,0.855,1.778,2.931,3.738,4.084
2026-05,CGE,CGE DISTRIBUCIÓN,Retiro,STxE-25-A,Aéreo,17076.1,13694.9,140.572,21.435,1048.46,1048.46,1048.46,1048.46,1048.46,12864.1,4211.9,140.572,21.435,33.414,153.183,1048.46,53.078,53.078,53.078,53.078,53.078,53.078,21.435,34064.7,23521.1,153.183,21.435,1048.46,1048.46,1048.46,1048.46,1048.46,24284.4,9780.4,153.183,21.435,93.877,102.297,0.855,1.778,2.931,3.738,4.084
2026-05,CGE,CGE DISTRIBUCIÓN,Romeral,STxE-1-A,Aéreo,16908.9,13574.7,140.572,21.435,1048.46,1048.46,1048.46,1048.46,1048.46,12797.5,4111.5,140.572,21.435,33.414,153.183,1048.46,32.919,33.977,35.035,36.093,37.151,38.209,21.435,25654.9,17990.9,153.183,21.435,1048.46,1048.46,1048.46,1048.46,1048.46,20542.7,5112.1,153.183,21.435,93.877,102.297,0.855,1.778,2.931,3.738,4.084
2026-05,CGE,CGE DISTRIBUCIÓN,Ránquil,STxE-6-A,Aéreo,17076.1,13694.9,129.111,21.435,1048.46,1048.46,1048.46,1048.46,1048.46,12864.1,4211.9,129.111,21.435,33.414,140.693,1048.46,53.078,53.078,53.078,53.078,53.078,53.078,21.435,34064.7,23521.1,140.693,21.435,1048.46,1048.46,1048.46,1048.46,1048.46,24284.4,9780.4,140.693,21.435,84.244,91.8,0.855,1.778,2.931,3.738,4.084
2026-05,CGE,CGE DISTRIBUCIÓN,Río Claro,STxE-14-A,Aéreo,16908.9,13574.7,140.572,21.435,1048.46,1048.46,1048.46,1048.46,1048.46,12797.5,4111.5,140.572,21.435,33.414,153.183,1048.46,32.919,33.977,35.035,36.093,37.151,38.209,21.435,25654.9,17990.9,153.183,21.435,1048.46,1048.46,1048.46,1048.46,1048.46,20542.7,5112.1,153.183,21.435,93.877,102.297,0.855,1.778,2.931,3.738,4.084
2026-05,CGE,CGE DISTRIBUCIÓN,Sagrada Familia,STxE-1-A,Aéreo,16908.9,13574.7,140.572,21.435,1048.46,1048.46,1048.46,1048.46,1048.46,12797.5,4111.5,140.572,21.435,33.414,153.183,1048.46,32.919,33.977,35.035,36.093,37.151,38.209,21.435,25654.9,17990.9,153.183,21.435,1048.46,1048.46,1048.46,1048.46,1048.46,20542.7,5112.1,153.183,21.435,93.877,102.297,0.855,1.778,2.931,3.738,4.084
2026-05,CGE,CGE DISTRIBUCIÓN,San Antonio,STxE-6-A,Aéreo,16908.9,13574.7,140.572,21.435,1048.46,1048.46,1048.46,1048.46,1048.46,12797.5,4111.5,140.572,21.435,33.414,153.183,1048.46,32.919,33.977,35.035,36.093,37.151,38.209,21.435,25654.9,17990.9,153.183,21.435,1048.46,1048.46,1048.46,1048.46,1048.46,20542.7,5112.1,153.183,21.435,93.877,102.297,0.855,1.778,2.931,3.738,4.084
2026-05,CGE,CGE DISTRIBUCIÓN,San Bernardo,STxD-3-A,Aéreo,16624.2,13331.9,138.454,15.964,1048.46,1048.46,1048.46,1048.46,1048.46,12521.3,4102.9,138.454,15.964,32.516,150.873,1048.46,32.919,33.961,35.004,36.045,37.088,38.13,15.964,25354.1,17763.0,150.873,15.964,1048.46,1048.46,1048.46,1048.46,1048.46,20252.6,5101.5,150.873,15.964,92.096,100.357,0.855,1.778,2.931,3.738,4.084
2026-05,CGE,CGE DISTRIBUCIÓN,San Carlos,STxE-19-A,Aéreo,17076.1,13694.9,140.572,21.435,1048.46,1048.46,1048.46,1048.46,1048.46,12864.1,4211.9,140.572,21.435,33.414,153.183,1048.46,53.078,53.078,53.078,53.078,53.078,53.078,21.435,34064.7,23521.1,153.183,21.435,1048.46,1048.46,1048.46,1048.46,1048.46,24284.4,9780.4,153.183,21.435,93.877,102.297,0.855,1.778,2.931,3.738,4.084
2026-05,CGE,CGE DISTRIBUCIÓN,San Clemente,STxE-25-A,Aéreo,16908.9,13574.7,129.111,21.435,1048.46,1048.46,1048.46,1048.46,1048.46,12797.5,4111.5,129.111,21.435,33.414,140.693,1048.46,32.919,33.977,35.035,36.093,37.151,38.209,21.435,25654.9,17990.9,140.693,21.435,1048.46,1048.46,1048.46,1048.46,1048.46,20542.7,5112.1,140.693,21.435,84.244,91.8,0.855,1.778,2.931,3.738,4.084
2026-05,CGE,CGE DISTRIBUCIÓN,San Fabián,STxE-26-A,Aéreo,17076.1,13694.9,140.572,21.435,1048.46,1048.46,1048.46,1048.46,1048.46,12864.1,4211.9,140.572,21.435,33.414,153.183,1048.46,53.078,53.078,53.078,53.078,53.078,53.078,21.435,34064.7,23521.1,153.183,21.435,1048.46,1048.46,1048.46,1048.46,1048.46,24284.4,9780.4,153.183,21.435,93.877,102.297,0.855,1.778,2.931,3.738,4.084
2026-05,CGE,CGE DISTRIBUCIÓN,San Fernando,STxE-1-A,Aéreo,16908.9,13574.7,133.911,21.435,1048.46,1048.46,1048.46,1048.46,1048.46,12797.5,4111.5,133.911,21.435,33.414,145.923,1048.46,32.919,33.977,35.035,36.093,37.151,38.209,21.435,25654.9,17990.9,145.923,21.435,1048.46,1048.46,1048.46,1048.46,1048.46,20542.7,5112.1,145.923,21.435,88.278,96.197,0.855,1.778,2.931,3.738,4.084
2026-05,CGE,CGE DISTRIBUCIÓN,San Javier,STxE-15-A,Aéreo,17239.4,13812.3,140.572,21.435,1048.46,1048.46,1048.46,1048.46,1048.46,12929.2,4310.2,140.572,21.435,33.414,153.183,1048.46,42.464,43.585,44.706,45.827,46.948,48.07,21.435,29698.9,20650.2,153.183,21.435,1048.46,1048.46,1048.46,1048.46,1048.46,22479.5,7219.5,153.183,21.435,93.877,102.297,0.855,1.778,2.931,3.738,4.084
2026-05,CGE,CGE DISTRIBUCIÓN,San José de Maipo,STxD-3-A,Aéreo,16624.2,13331.9,127.21,15.964,1048.46,1048.46,1048.46,1048.46,1048.46,12521.3,4102.9,127.21,15.964,32.516,138.621,1048.46,32.919,33.961,35.004,36.045,37.088,38.13,15.964,25354.1,17763.0,138.621,15.964,1048.46,1048.46,1048.46,1048.46,1048.46,20252.6,5101.5,138.621,15.964,82.647,90.061,0.855,1.778,2.931,3.738,4.084
2026-05,CGE,CGE DISTRIBUCIÓN,San Nicolás,STxE-21-A,Aéreo,17076.1,13694.9,140.572,21.435,1048.46,1048.46,1048.46,1048.46,1048.46,12864.1,4211.9,140.572,21.435,33.414,153.183,1048.46,53.078,53.078,53.078,53.078,53.078,53.078,21.435,34064.7,23521.1,153.183,21.435,1048.46,1048.46,1048.46,1048.46,1048.46,24284.4,9780.4,153.183,21.435,93.877,102.297,0.855,1.778,2.931,3.738,4.084
2026-05,CGE,CGE DISTRIBUCIÓN,San Pedro,STxE-6-A,Aéreo,16908.9,13574.7,133.911,21.435,1048.46,1048.46,1048.46,1048.46,1048.46,12797.5,4111.5,133.911,21.435,33.414,145.923,1048.46,32.919,33.977,35.035,36.093,37.151,38.209,21.435,25654.9,17990.9,145.923,21.435,1048.46,1048.46,1048.46,1048.46,1048.46,20542.7,5112.1,145.923,21.435,88.278,96.197,0.855,1.778,2.931,3.738,4.084
2026-05,CGE,CGE DISTRIBUCIÓN,San Rafael,STxE-1-A,Aéreo,16908.9,13574.7,140.572,21.435,1048.46,1048.46,1048.46,1048.46,1048.46,12797.5,4111.5,140.572,21.435,33.414,153.183,1048.46,32.919,33.977,35.035,36.093,37.151,38.209,21.435,25654.9,17990.9,153.183,21.435,1048.46,1048.46,1048.46,1048.46,1048.46,20542.7,5112.1,153.183,21.435,93.877,102.297,0.855,1.778,2.931,3.738,4.084
2026-05,CGE,CGE DISTRIBUCIÓN,San Vicente,STxE-1-A,Aéreo,16908.9,13574.7,140.572,21.435,1048.46,1048.46,1048.46,1048.46,1048.46,12797.5,4111.5,140.572,21.435,33.414,153.183,1048.46,32.919,33.977,35.035,36.093,37.151,38.209,21.435,25654.9,17990.9,153.183,21.435,1048.46,1048.46,1048.46,1048.46,1048.46,20542.7,5112.1,153.183,21.435,93.877,102.297,0.855,1.778,2.931,3.738,4.084
2026-05,CGE,CGE DISTRIBUCIÓN,Santa Cruz,STxE-6-A,Aéreo,16908.9,13574.7,140.572,21.435,1048.46,1048.46,1048.46,1048.46,1048.46,12797.5,4111.5,140.572,21.435,33.414,153.183,1048.46,32.919,33.977,35.035,36.093,37.151,38.209,21.435,25654.9,17990.9,153.183,21.435,1048.46,1048.46,1048.46,1048.46,1048.46,20542.7,5112.1,153.183,21.435,93.877,102.297,0.855,1.778,2.931,3.738,4.084
2026-05,CGE,CGE DISTRIBUCIÓN,Santo Domingo,STxE-6-A,Aéreo,16908.9,13574.7,140.572,21.435,1048.46,1048.46,1048.46,1048.46,1048.46,12797.5,4111.5,140.572,21.435,33.414,153.183,1048.46,32.919,33.977,35.035,36.093,37.151,38.209,21.435,25654.9,17990.9,153.183,21.435,1048.46,1048.46,1048.46,1048.46,1048.46,20542.7,5112.1,153.183,21.435,93.877,102.297,0.855,1.778,2.931,3.738,4.084
2026-05,CGE,CGE DISTRIBUCIÓN,Talagante,STxD-6-A,Aéreo,16624.2,13331.9,138.454,15.964,1048.46,1048.46,1048.46,1048.46,1048.46,12521.3,4102.9,138.454,15.964,32.516,150.873,1048.46,32.919,33.961,35.004,36.045,37.088,38.13,15.964,25354.1,17763.0,150.873,15.964,1048.46,1048.46,1048.46,1048.46,1048.46,20252.6,5101.5,150.873,15.964,92.096,100.357,0.855,1.778,2.931,3.738,4.084
2026-05,CGE,CGE DISTRIBUCIÓN,Talagante,STxE-6-A,Aéreo,16908.9,13574.7,140.572,21.435,1048.46,1048.46,1048.46,1048.46,1048.46,12797.5,4111.5,140.572,21.435,33.414,153.183,1048.46,32.919,33.977,35.035,36.093,37.151,38.209,21.435,25654.9,17990.9,153.183,21.435,1048.46,1048.46,1048.46,1048.46,1048.46,20542.7,5112.1,153.183,21.435,93.877,102.297,0.855,1.778,2.931,3.738,4.084
2026-05,CGE,CGE DISTRIBUCIÓN,Talca,STxE-7-A,Aéreo,16908.9,13574.7,140.572,21.435,1048.46,1048.46,1048.46,1048.46,1048.46,12797.5,4111.5,140.572,21.435,33.414,153.183,1048.46,32.919,33.977,35.035,36.093,37.151,38.209,21.435,25654.9,17990.9,153.183,21.435,1048.46,1048.46,1048.46,1048.46,1048.46,20542.7,5112.1,153.183,21.435,93.877,102.297,0.855,1.778,2.931,3.738,4.084
2026-05,CGE,CGE DISTRIBUCIÓN,Talca,STxE-7-S1,Subt.1,21694.7,17016.4,140.572,21.435,1048.46,1048.46,1048.46,1048.46,1048.46,14704.9,6989.7,140.572,21.435,33.414,153.183,1048.46,42.282,43.641,45.0,46.359,47.718,49.077,21.435,30112.1,20921.9,153.183,21.435,1048.46,1048.46,1048.46,1048.46,1048.46,23545.9,6566.2,153.183,21.435,93.877,102.297,0.855,1.778,2.931,3.738,4.084
2026-05,CGE,CGE DISTRIBUCIÓN,Talca,STxE-7-S2,Subt.2,16908.9,13574.7,140.572,21.435,1048.46,1048.46,1048.46,1048.46,1048.46,12797.5,4111.5,140.572,21.435,33.414,153.183,1048.46,38.783,40.029,41.276,42.522,43.769,45.015,21.435,28446.4,19826.5,153.183,21.435,1048.46,1048.46,1048.46,1048.46,1048.46,22423.5,6022.7,153.183,21.435,93.877,102.297,0.855,1.778,2.931,3.738,4.084
2026-05,CGE,CGE DISTRIBUCIÓN,Talcahuano,STxE-2-A,Aéreo,16908.9,13574.7,140.572,21.435,1048.46,1048.46,1048.46,1048.46,1048.46,12797.5,4111.5,140.572,21.435,33.414,153.183,1048.46,32.919,33.977,35.035,36.093,37.151,38.209,21.435,25654.9,17990.9,153.183,21.435,1048.46,1048.46,1048.46,1048.46,1048.46,20542.7,5112.1,153.183,21.435,93.877,102.297,0.855,1.778,2.931,3.738,4.084
2026-05,CGE,CGE DISTRIBUCIÓN,Temuco,STxE-9-A,Aéreo,17076.1,13694.9,140.572,21.435,1048.46,1048.46,1048.46,1048.46,1048.46,12864.1,4211.9,140.572,21.435,33.414,153.183,1048.46,53.078,53.078,53.078,53.078,53.078,53.078,21.435,34064.7,23521.1,153.183,21.435,1048.46,1048.46,1048.46,1048.46,1048.46,24284.4,9780.4,153.183,21.435,93.877,102.297,0.855,1.778,2.931,3.738,4.084
2026-05,CGE,CGE DISTRIBUCIÓN,Temuco,STxE-9-S2,Subt.2,17076.1,13694.9,140.572,21.435,1048.46,1048.46,1048.46,1048.46,1048.46,12864.1,4211.9,140.572,21.435,33.414,153.183,1048.46,62.532,62.532,62.532,62.532,62.532,62.532,21.435,38354.4,26341.8,153.183,21.435,1048.46,1048.46,1048.46,1048.46,1048.46,26831.9,11522.5,153.183,21.435,93.877,102.297,0.855,1.778,2.931,3.738,4.084
2026-05,CGE,CGE DISTRIBUCIÓN,Teno,STxE-1-A,Aéreo,16908.9,13574.7,133.911,21.435,1048.46,1048.46,1048.46,1048.46,1048.46,12797.5,4111.5,133.911,21.435,33.414,145.923,1048.46,32.919,33.977,35.035,36.093,37.151,38.209,21.435,25654.9,17990.9,145.923,21.435,1048.46,1048.46,1048.46,1048.46,1048.46,20542.7,5112.1,145.923,21.435,88.278,96.197,0.855,1.778,2.931,3.738,4.084
2026-05,CGE,CGE DISTRIBUCIÓN,Tomé,STxE-2-A,Aéreo,17076.1,13694.9,140.572,21.435,1048.46,1048.46,1048.46,1048.46,1048.46,12864.1,4211.9,140.572,21.435,33.414,153.183,1048.46,53.078,53.078,53.078,53.078,53.078,53.078,21.435,34064.7,23521.1,153.183,21.435,1048.46,1048.46,1048.46,1048.46,1048.46,24284.4,9780.4,153.183,21.435,93.877,102.297,0.855,1.778,2.931,3.738,4.084
2026-05,CGE,CGE DISTRIBUCIÓN,Treguaco,STxE-26-A,Aéreo,17076.1,13694.9,140.572,21.435,1048.46,1048.46,1048.46,1048.46,1048.46,12864.1,4211.9,140.572,21.435,33.414,153.183,1048.46,53.078,53.078,53.078,53.078,53.078,53.078,21.435,34064.7,23521.1,153.183,21.435,1048.46,1048.46,1048.46,1048.46,1048.46,24284.4,9780.4,153.183,21.435,93.877,102.297,0.855,1.778,2.931,3.738,4.084
2026-05,CGE,CGE DISTRIBUCIÓN,Vichuquén,STxE-6-A,Aéreo,16908.9,13574.7,140.572,21.435,1048.46,1048.46,1048.46,1048.46,1048.46,12797.5,4111.5,140.572,21.435,33.414,153.183,1048.46,32.919,33.977,35.035,36.093,37.151,38.209,21.435,25654.9,17990.9,153.183,21.435,1048.46,1048.46,1048.46,1048.46,1048.46,20542.7,5112.1,153.183,21.435,93.877,102.297,0.855,1.778,2.931,3.738,4.084
2026-05,CGE,CGE DISTRIBUCIÓN,Vilcún,STxE-5-A,Aéreo,17076.1,13694.9,140.572,21.435,1048.46,1048.46,1048.46,1048.46,1048.46,12864.1,4211.9,140.572,21.435,33.414,153.183,1048.46,53.078,53.078,53.078,53.078,53.078,53.078,21.435,34064.7,23521.1,153.183,21.435,1048.46,1048.46,1048.46,1048.46,1048.46,24284.4,9780.4,153.183,21.435,93.877,102.297,0.855,1.778,2.931,3.738,4.084
2026-05,CGE,CGE DISTRIBUCIÓN,Villa Alegre,STxE-17-A,Aéreo,17239.4,13812.3,140.572,21.435,1048.46,1048.46,1048.46,1048.46,1048.46,12929.2,4310.2,140.572,21.435,33.414,153.183,1048.46,42.464,43.585,44.706,45.827,46.948,48.07,21.435,29698.9,20650.2,153.183,21.435,1048.46,1048.46,1048.46,1048.46,1048.46,22479.5,7219.5,153.183,21.435,93.877,102.297,0.855,1.778,2.931,3.738,4.084
2026-05,CGE,CGE DISTRIBUCIÓN,Villarrica,STxE-18-A,Aéreo,17076.1,13694.9,140.572,21.435,1048.46,1048.46,1048.46,1048.46,1048.46,12864.1,4211.9,140.572,21.435,33.414,153.183,1048.46,53.078,53.078,53.078,53.078,53.078,53.078,21.435,34064.7,23521.1,153.183,21.435,1048.46,1048.46,1048.46,1048.46,1048.46,24284.4,9780.4,153.183,21.435,93.877,102.297,0.855,1.778,2.931,3.738,4.084
2026-05,CGE,CGE DISTRIBUCIÓN,Yerbas Buenas,STxE-1-A,Aéreo,17239.4,13812.3,133.911,21.435,1048.46,1048.46,1048.46,1048.46,1048.46,12929.2,4310.2,133.911,21.435,33.414,145.923,1048.46,42.464,43.585,44.706,45.827,46.948,48.07,21.435,29698.9,20650.2,145.923,21.435,1048.46,1048.46,1048.46,1048.46,1048.46,22479.5,7219.5,145.923,21.435,88.278,96.197,0.855,1.778,2.931,3.738,4.084
2026-05,CGE,CGE DISTRIBUCIÓN,Ñiquén,STxE-24-A,Aéreo,17076.1,13694.9,140.572,21.435,1048.46,1048.46,1048.46,1048.46,1048.46,12864.1,4211.9,140.572,21.435,33.414,153.183,1048.46,53.078,53.078,53.078,53.078,53.078,53.078,21.435,34064.7,23521.1,153.183,21.435,1048.46,1048.46,1048.46,1048.46,1048.46,24284.4,9780.4,153.183,21.435,93.877,102.297,0.855,1.778,2.931,3.738,4.084
2026-04,CGE,CGE DISTRIBUCIÓN,Alhué,STxE-6-A,Aéreo,16682.0,13411.4,140.572,21.435,1038.48,1038.48,1038.48,1038.48,1038.48,12707.1,3975.0,140.572,21.435,33.414,153.183,1038.48,31.84,32.863,33.886,34.91,35.933,36.957,21.435,25141.1,17653.1,153.183,21.435,1038.48,1038.48,1038.48,1038.48,1038.48,20195.0,4946.1,153.183,21.435,93.877,102.297,0.855,1.778,2.931,3.738,4.084
2026-04,CGE,CGE DISTRIBUCIÓN,Buin,STxE-6-A,Aéreo,16682.0,13411.4,140.572,21.435,1038.48,1038.48,1038.48,1038.48,1038.48,12707.1,3975.0,140.572,21.435,33.414,153.183,1038.48,31.84,32.863,33.886,34.91,35.933,36.957,21.435,25141.1,17653.1,153.183,21.435,1038.48,1038.48,1038.48,1038.48,1038.48,20195.0,4946.1,153.183,21.435,93.877,102.297,0.855,1.778,2.931,3.738,4.084
2026-04,CGE,CGE DISTRIBUCIÓN,Calera de Tango,STxD-3-A,Aéreo,16397.6,13169.0,138.454,15.964,1038.48,1038.48,1038.48,1038.48,1038.48,12431.0,3966.6,138.454,15.964,32.516,150.873,1038.48,31.84,32.848,33.856,34.865,35.873,36.88,15.964,24841.6,17426.0,150.873,15.964,1038.48,1038.48,1038.48,1038.48,1038.48,19905.6,4935.9,150.873,15.964,92.096,100.357,0.855,1.778,2.931,3.738,4.084
2026-04,CGE,CGE DISTRIBUCIÓN,Cartagena,STxE-6-A,Aéreo,17001.4,13641.2,140.572,21.435,1038.48,1038.48,1038.48,1038.48,1038.48,12834.4,4167.0,140.572,21.435,33.414,153.183,1038.48,41.073,42.157,43.241,44.325,45.409,46.494,21.435,29052.7,20225.2,153.183,21.435,1038.48,1038.48,1038.48,1038.48,1038.48,22068.2,6984.5,153.183,21.435,93.877,102.297,0.855,1.778,2.931,3.738,4.084
2026-04,CGE,CGE DISTRIBUCIÓN,Cauquenes,STxE-6-A,Aéreo,16843.5,13527.7,140.572,21.435,1038.48,1038.48,1038.48,1038.48,1038.48,12771.4,4072.1,140.572,21.435,33.414,153.183,1038.48,51.338,51.338,51.338,51.338,51.338,51.338,21.435,33275.5,23002.0,153.183,21.435,1038.48,1038.48,1038.48,1038.48,1038.48,23814.0,9461.5,153.183,21.435,93.877,102.297,0.855,1.778,2.931,3.738,4.084
2026-04,CGE,CGE DISTRIBUCIÓN,Chanco,STxE-6-A,Aéreo,16682.0,13411.4,140.572,21.435,1038.48,1038.48,1038.48,1038.48,1038.48,12707.1,3975.0,140.572,21.435,33.414,153.183,1038.48,31.84,32.863,33.886,34.91,35.933,36.957,21.435,25141.1,17653.1,153.183,21.435,1038.48,1038.48,1038.48,1038.48,1038.48,20195.0,4946.1,153.183,21.435,93.877,102.297,0.855,1.778,2.931,3.738,4.084
2026-04,CGE,CGE DISTRIBUCIÓN,Chiguayante,STxE-2-A,Aéreo,16682.0,13411.4,140.572,21.435,1038.48,1038.48,1038.48,1038.48,1038.48,12707.1,3975.0,140.572,21.435,33.414,153.183,1038.48,31.84,32.863,33.886,34.91,35.933,36.957,21.435,25141.1,17653.1,153.183,21.435,1038.48,1038.48,1038.48,1038.48,1038.48,20195.0,4946.1,153.183,21.435,93.877,102.297,0.855,1.778,2.931,3.738,4.084
2026-04,CGE,CGE DISTRIBUCIÓN,Chillán,STxE-8-A,Aéreo,16843.5,13527.7,140.572,21.435,1038.48,1038.48,1038.48,1038.48,1038.48,12771.4,4072.1,140.572,21.435,33.414,153.183,1038.48,51.338,51.338,51.338,51.338,51.338,51.338,21.435,33275.5,23002.0,153.183,21.435,1038.48,1038.48,1038.48,1038.48,1038.48,23814.0,9461.5,153.183,21.435,93.877,102.297,0.855,1.778,2.931,3.738,4.084
2026-04,CGE,CGE DISTRIBUCIÓN,Chillán,STxE-8-S2,Subt.2,16843.5,13527.7,140.572,21.435,1038.48,1038.48,1038.48,1038.48,1038.48,12771.4,4072.1,140.572,21.435,33.414,153.183,1038.48,60.483,60.483,60.483,60.483,60.483,60.483,21.435,37424.4,25730.3,153.183,21.435,1038.48,1038.48,1038.48,1038.48,1038.48,26277.7,11146.8,153.183,21.435,93.877,102.297,0.855,1.778,2.931,3.738,4.084
2026-04,CGE,CGE DISTRIBUCIÓN,Chillán Viejo,STxE-12-A,Aéreo,16843.5,13527.7,140.572,21.435,1038.48,1038.48,1038.48,1038.48,1038.48,12771.4,4072.1,140.572,21.435,33.414,153.183,1038.48,51.338,51.338,51.338,51.338,51.338,51.338,21.435,33275.5,23002.0,153.183,21.435,1038.48,1038.48,1038.48,1038.48,1038.48,23814.0,9461.5,153.183,21.435,93.877,102.297,0.855,1.778,2.931,3.738,4.084
2026-04,CGE,CGE DISTRIBUCIÓN,Chimbarongo,STxE-1-A,Aéreo,16682.0,13411.4,140.572,21.435,1038.48,1038.48,1038.48,1038.48,1038.48,12707.1,3975.0,140.572,21.435,33.414,153.183,1038.48,31.84,32.863,33.886,34.91,35.933,36.957,21.435,25141.1,17653.1,153.183,21.435,1038.48,1038.48,1038.48,1038.48,1038.48,20195.0,4946.1,153.183,21.435,93.877,102.297,0.855,1.778,2.931,3.738,4.084
2026-04,CGE,CGE DISTRIBUCIÓN,Chépica,STxE-6-A,Aéreo,16682.0,13411.4,140.572,21.435,1038.48,1038.48,1038.48,1038.48,1038.48,12707.1,3975.0,140.572,21.435,33.414,153.183,1038.48,31.84,32.863,33.886,34.91,35.933,36.957,21.435,25141.1,17653.1,153.183,21.435,1038.48,1038.48,1038.48,1038.48,1038.48,20195.0,4946.1,153.183,21.435,93.877,102.297,0.855,1.778,2.931,3.738,4.084
2026-04,CGE,CGE DISTRIBUCIÓN,Cobquecura,STxE-6-A,Aéreo,16843.5,13527.7,140.572,21.435,1038.48,1038.48,1038.48,1038.48,1038.48,12771.4,4072.1,140.572,21.435,33.414,153.183,1038.48,51.338,51.338,51.338,51.338,51.338,51.338,21.435,33275.5,23002.0,153.183,21.435,1038.48,1038.48,1038.48,1038.48,1038.48,23814.0,9461.5,153.183,21.435,93.877,102.297,0.855,1.778,2.931,3.738,4.084
2026-04,CGE,CGE DISTRIBUCIÓN,Codegua,STxE-1-A,Aéreo,16682.0,13411.4,140.572,21.435,1038.48,1038.48,1038.48,1038.48,1038.48,12707.1,3975.0,140.572,21.435,33.414,153.183,1038.48,31.84,32.863,33.886,34.91,35.933,36.957,21.435,25141.1,17653.1,153.183,21.435,1038.48,1038.48,1038.48,1038.48,1038.48,20195.0,4946.1,153.183,21.435,93.877,102.297,0.855,1.778,2.931,3.738,4.084
2026-04,CGE,CGE DISTRIBUCIÓN,Coelemu,STxE-22-A,Aéreo,16843.5,13527.7,140.572,21.435,1038.48,1038.48,1038.48,1038.48,1038.48,12771.4,4072.1,140.572,21.435,33.414,153.183,1038.48,51.338,51.338,51.338,51.338,51.338,51.338,21.435,33275.5,23002.0,153.183,21.435,1038.48,1038.48,1038.48,1038.48,1038.48,23814.0,9461.5,153.183,21.435,93.877,102.297,0.855,1.778,2.931,3.738,4.084
2026-04,CGE,CGE DISTRIBUCIÓN,Coihueco,STxE-21-A,Aéreo,16843.5,13527.7,140.572,21.435,1038.48,1038.48,1038.48,1038.48,1038.48,12771.4,4072.1,140.572,21.435,33.414,153.183,1038.48,51.338,51.338,51.338,51.338,51.338,51.338,21.435,33275.5,23002.0,153.183,21.435,1038.48,1038.48,1038.48,1038.48,1038.48,23814.0,9461.5,153.183,21.435,93.877,102.297,0.855,1.778,2.931,3.738,4.084
2026-04,CGE,CGE DISTRIBUCIÓN,Coinco,STxE-1-A,Aéreo,16682.0,13411.4,140.572,21.435,1038.48,1038.48,1038.48,1038.48,1038.48,12707.1,3975.0,140.572,21.435,33.414,153.183,1038.48,31.84,32.863,33.886,34.91,35.933,36.957,21.435,25141.1,17653.1,153.183,21.435,1038.48,1038.48,1038.48,1038.48,1038.48,20195.0,4946.1,153.183,21.435,93.877,102.297,0.855,1.778,2.931,3.738,4.084
2026-04,CGE,CGE DISTRIBUCIÓN,Colbún,STxE-25-A,Aéreo,17001.4,13641.2,103.017,21.435,1038.48,1038.48,1038.48,1038.48,1038.48,12834.4,4167.0,103.017,21.435,33.414,112.257,1038.48,41.073,42.157,43.241,44.325,45.409,46.494,21.435,29052.7,20225.2,112.257,21.435,1038.48,1038.48,1038.48,1038.48,1038.48,22068.2,6984.5,112.257,21.435,62.317,67.907,0.855,1.778,2.931,3.738,4.084
2026-04,CGE,CGE DISTRIBUCIÓN,Coltauco,STxE-1-A,Aéreo,16682.0,13411.4,140.572,21.435,1038.48,1038.48,1038.48,1038.48,1038.48,12707.1,3975.0,140.572,21.435,33.414,153.183,1038.48,31.84,32.863,33.886,34.91,35.933,36.957,21.435,25141.1,17653.1,153.183,21.435,1038.48,1038.48,1038.48,1038.48,1038.48,20195.0,4946.1,153.183,21.435,93.877,102.297,0.855,1.778,2.931,3.738,4.084
2026-04,CGE,CGE DISTRIBUCIÓN,Concepción,STxE-2-A,Aéreo,16682.0,13411.4,140.572,21.435,1038.48,1038.48,1038.48,1038.48,1038.48,12707.1,3975.0,140.572,21.435,33.414,153.183,1038.48,31.84,32.863,33.886,34.91,35.933,36.957,21.435,25141.1,17653.1,153.183,21.435,1038.48,1038.48,1038.48,1038.48,1038.48,20195.0,4946.1,153.183,21.435,93.877,102.297,0.855,1.778,2.931,3.738,4.084
2026-04,CGE,CGE DISTRIBUCIÓN,Concepción,STxE-2-S1,Subt.1,21308.7,16738.9,140.572,21.435,1038.48,1038.48,1038.48,1038.48,1038.48,14551.2,6757.5,140.572,21.435,33.414,153.183,1038.48,40.897,42.21,43.525,44.839,46.154,47.468,21.435,29452.4,20488.0,153.183,21.435,1038.48,1038.48,1038.48,1038.48,1038.48,23099.3,6353.1,153.183,21.435,93.877,102.297,0.855,1.778,2.931,3.738,4.084
2026-04,CGE,CGE DISTRIBUCIÓN,Concepción,STxE-2-S2,Subt.2,16682.0,13411.4,140.572,21.435,1038.48,1038.48,1038.48,1038.48,1038.48,12707.1,3975.0,140.572,21.435,33.414,153.183,1038.48,37.511,38.718,39.923,41.129,42.334,43.54,21.435,27841.2,19428.5,153.183,21.435,1038.48,1038.48,1038.48,1038.48,1038.48,22013.9,5827.2,153.183,21.435,93.877,102.297,0.855,1.778,2.931,3.738,4.084
2026-04,CGE,CGE DISTRIBUCIÓN,Concepción,STxE-2-S3,Subt.3,21308.7,16738.9,140.572,21.435,1038.48,1038.48,1038.48,1038.48,1038.48,14551.2,6757.5,140.572,21.435,33.414,153.183,1038.48,46.568,47.161,47.755,48.349,48.941,49.535,21.435,32152.4,22263.5,153.183,21.435,1038.48,1038.48,1038.48,1038.48,1038.48,24918.2,7234.1,153.183,21.435,93.877,102.297,0.855,1.778,2.931,3.738,4.084
2026-04,CGE,CGE DISTRIBUCIÓN,Constitución,STxE-6-A,Aéreo,17001.4,13641.2,133.911,21.435,1038.48,1038.48,1038.48,1038.48,1038.48,12834.4,4167.0,133.911,21.435,33.414,145.923,1038.48,41.073,42.157,43.241,44.325,45.409,46.494,21.435,29052.7,20225.2,145.923,21.435,1038.48,1038.48,1038.48,1038.48,1038.48,22068.2,6984.5,145.923,21.435,88.278,96.197,0.855,1.778,2.931,3.738,4.084
2026-04,CGE,CGE DISTRIBUCIÓN,Coronel,STxE-10-A,Aéreo,16843.5,13527.7,68.232,21.435,1038.48,1038.48,1038.48,1038.48,1038.48,12771.4,4072.1,68.232,21.435,33.414,74.352,1038.48,51.338,51.338,51.338,51.338,51.338,51.338,21.435,33275.5,23002.0,74.352,21.435,1038.48,1038.48,1038.48,1038.48,1038.48,23814.0,9461.5,74.352,21.435,33.086,36.054,0.855,1.778,2.931,3.738,4.084
2026-04,CGE,CGE DISTRIBUCIÓN,Coronel,STxE-10-S2,Subt.2,16843.5,13527.7,68.232,21.435,1038.48,1038.48,1038.48,1038.48,1038.48,12771.4,4072.1,68.232,21.435,33.414,74.352,1038.48,60.483,60.483,60.483,60.483,60.483,60.483,21.435,37424.4,25730.3,74.352,21.435,1038.48,1038.48,1038.48,1038.48,1038.48,26277.7,11146.8,74.352,21.435,33.086,36.054,0.855,1.778,2.931,3.738,4.084
2026-04,CGE,CGE DISTRIBUCIÓN,Curacaví,STxD-3-A,Aéreo,16806.1,13462.7,138.454,15.964,1038.48,1038.48,1038.48,1038.48,1038.48,12593.8,4212.4,138.454,15.964,32.516,150.873,1038.48,41.073,42.258,43.443,44.629,45.814,46.999,15.964,28991.6,20154.9,150.873,15.964,1038.48,1038.48,1038.48,1038.48,1038.48,21931.2,7060.4,150.873,15.964,92.096,100.357,0.855,1.778,2.931,3.738,4.084
2026-04,CGE,CGE DISTRIBUCIÓN,Curarrehue,STxE-2-A,Aéreo,16682.0,13411.4,140.572,21.435,1038.48,1038.48,1038.48,1038.48,1038.48,12707.1,3975.0,140.572,21.435,33.414,153.183,1038.48,31.84,32.863,33.886,34.91,35.933,36.957,21.435,25141.1,17653.1,153.183,21.435,1038.48,1038.48,1038.48,1038.48,1038.48,20195.0,4946.1,153.183,21.435,93.877,102.297,0.855,1.778,2.931,3.738,4.084
2026-04,CGE,CGE DISTRIBUCIÓN,Curepto,STxE-6-A,Aéreo,16682.0,13411.4,140.572,21.435,1038.48,1038.48,1038.48,1038.48,1038.48,12707.1,3975.0,140.572,21.435,33.414,153.183,1038.48,31.84,32.863,33.886,34.91,35.933,36.957,21.435,25141.1,17653.1,153.183,21.435,1038.48,1038.48,1038.48,1038.48,1038.48,20195.0,4946.1,153.183,21.435,93.877,102.297,0.855,1.778,2.931,3.738,4.084
2026-04,CGE,CGE DISTRIBUCIÓN,Curicó,STxE-1-A,Aéreo,16682.0,13411.4,140.572,21.435,1038.48,1038.48,1038.48,1038.48,1038.48,12707.1,3975.0,140.572,21.435,33.414,153.183,1038.48,31.84,32.863,33.886,34.91,35.933,36.957,21.435,25141.1,17653.1,153.183,21.435,1038.48,1038.48,1038.48,1038.48,1038.48,20195.0,4946.1,153.183,21.435,93.877,102.297,0.855,1.778,2.931,3.738,4.084
2026-04,CGE,CGE DISTRIBUCIÓN,Doñihue,STxE-1-A,Aéreo,16682.0,13411.4,140.572,21.435,1038.48,1038.48,1038.48,1038.48,1038.48,12707.1,3975.0,140.572,21.435,33.414,153.183,1038.48,31.84,32.863,33.886,34.91,35.933,36.957,21.435,25141.1,17653.1,153.183,21.435,1038.48,1038.48,1038.48,1038.48,1038.48,20195.0,4946.1,153.183,21.435,93.877,102.297,0.855,1.778,2.931,3.738,4.084
2026-04,CGE,CGE DISTRIBUCIÓN,El Bosque,STxD-3-A,Aéreo,16397.6,13169.0,138.454,15.964,1038.48,1038.48,1038.48,1038.48,1038.48,12431.0,3966.6,138.454,15.964,32.516,150.873,1038.48,31.84,32.848,33.856,34.865,35.873,36.88,15.964,24841.6,17426.0,150.873,15.964,1038.48,1038.48,1038.48,1038.48,1038.48,19905.6,4935.9,150.873,15.964,92.096,100.357,0.855,1.778,2.931,3.738,4.084
2026-04,CGE,CGE DISTRIBUCIÓN,El Monte,STxE-6-A,Aéreo,16682.0,13411.4,140.572,21.435,1038.48,1038.48,1038.48,1038.48,1038.48,12707.1,3975.0,140.572,21.435,33.414,153.183,1038.48,31.84,32.863,33.886,34.91,35.933,36.957,21.435,25141.1,17653.1,153.183,21.435,1038.48,1038.48,1038.48,1038.48,1038.48,20195.0,4946.1,153.183,21.435,93.877,102.297,0.855,1.778,2.931,3.738,4.084
2026-04,CGE,CGE DISTRIBUCIÓN,Empedrado,STxE-6-A,Aéreo,16682.0,13411.4,140.572,21.435,1038.48,1038.48,1038.48,1038.48,1038.48,12707.1,3975.0,140.572,21.435,33.414,153.183,1038.48,31.84,32.863,33.886,34.91,35.933,36.957,21.435,25141.1,17653.1,153.183,21.435,1038.48,1038.48,1038.48,1038.48,1038.48,20195.0,4946.1,153.183,21.435,93.877,102.297,0.855,1.778,2.931,3.738,4.084
2026-04,CGE,CGE DISTRIBUCIÓN,Florida,STxE-23-A,Aéreo,16702.1,13425.9,140.572,21.435,1038.48,1038.48,1038.48,1038.48,1038.48,12715.2,3987.0,140.572,21.435,33.414,153.183,1038.48,68.45,68.45,68.45,68.45,68.45,68.45,21.435,40390.7,27680.8,153.183,21.435,1038.48,1038.48,1038.48,1038.48,1038.48,26824.3,13566.4,153.183,21.435,93.877,102.297,0.855,1.778,2.931,3.738,4.084
2026-04,CGE,CGE DISTRIBUCIÓN,Freire,STxE-2-A,Aéreo,16843.5,13527.7,140.572,21.435,1038.48,1038.48,1038.48,1038.48,1038.48,12771.4,4072.1,140.572,21.435,33.414,153.183,1038.48,51.338,51.338,51.338,51.338,51.338,51.338,21.435,33275.5,23002.0,153.183,21.435,1038.48,1038.48,1038.48,1038.48,1038.48,23814.0,9461.5,153.183,21.435,93.877,102.297,0.855,1.778,2.931,3.738,4.084
2026-04,CGE,CGE DISTRIBUCIÓN,Graneros,STxE-1-A,Aéreo,16682.0,13411.4,140.572,21.435,1038.48,1038.48,1038.48,1038.48,1038.48,12707.1,3975.0,140.572,21.435,33.414,153.183,1038.48,31.84,32.863,33.886,34.91,35.933,36.957,21.435,25141.1,17653.1,153.183,21.435,1038.48,1038.48,1038.48,1038.48,1038.48,20195.0,4946.1,153.183,21.435,93.877,102.297,0.855,1.778,2.931,3.738,4.084
2026-04,CGE,CGE DISTRIBUCIÓN,Hualañé,STxE-6-A,Aéreo,16682.0,13411.4,140.572,21.435,1038.48,1038.48,1038.48,1038.48,1038.48,12707.1,3975.0,140.572,21.435,33.414,153.183,1038.48,31.84,32.863,33.886,34.91,35.933,36.957,21.435,25141.1,17653.1,153.183,21.435,1038.48,1038.48,1038.48,1038.48,1038.48,20195.0,4946.1,153.183,21.435,93.877,102.297,0.855,1.778,2.931,3.738,4.084
2026-04,CGE,CGE DISTRIBUCIÓN,Hualpén,STxE-2-A,Aéreo,16682.0,13411.4,95.857,21.435,1038.48,1038.48,1038.48,1038.48,1038.48,12707.1,3975.0,95.857,21.435,33.414,104.456,1038.48,31.84,32.863,33.886,34.91,35.933,36.957,21.435,25141.1,17653.1,104.456,21.435,1038.48,1038.48,1038.48,1038.48,1038.48,20195.0,4946.1,104.456,21.435,56.3,61.351,0.855,1.778,2.931,3.738,4.084
2026-04,CGE,CGE DISTRIBUCIÓN,Hualqui,STxE-16-A,Aéreo,16702.1,13425.9,140.572,21.435,1038.48,1038.48,1038.48,1038.48,1038.48,12715.2,3987.0,140.572,21.435,33.414,153.183,1038.48,68.45,68.45,68.45,68.45,68.45,68.45,21.435,40390.7,27680.8,153.183,21.435,1038.48,1038.48,1038.48,1038.48,1038.48,26824.3,13566.4,153.183,21.435,93.877,102.297,0.855,1.778,2.931,3.738,4.084
2026-04,CGE,CGE DISTRIBUCIÓN,Isla de Maipo,STxE-1-A,Aéreo,16682.0,13411.4,140.572,21.435,1038.48,1038.48,1038.48,1038.48,1038.48,12707.1,3975.0,140.572,21.435,33.414,153.183,1038.48,31.84,32.863,33.886,34.91,35.933,36.957,21.435,25141.1,17653.1,153.183,21.435,1038.48,1038.48,1038.48,1038.48,1038.48,20195.0,4946.1,153.183,21.435,93.877,102.297,0.855,1.778,2.931,3.738,4.084
2026-04,CGE,CGE DISTRIBUCIÓN,La Estrella,STxE-6-A,Aéreo,16682.0,13411.4,119.496,21.435,1038.48,1038.48,1038.48,1038.48,1038.48,12707.1,3975.0,119.496,21.435,33.414,130.215,1038.48,31.84,32.863,33.886,34.91,35.933,36.957,21.435,25141.1,17653.1,130.215,21.435,1038.48,1038.48,1038.48,1038.48,1038.48,20195.0,4946.1,130.215,21.435,76.165,82.997,0.855,1.778,2.931,3.738,4.084
2026-04,CGE,CGE DISTRIBUCIÓN,La Pintana,STxD-3-A,Aéreo,16397.6,13169.0,138.454,15.964,1038.48,1038.48,1038.48,1038.48,1038.48,12431.0,3966.6,138.454,15.964,32.516,150.873,1038.48,31.84,32.848,33.856,34.865,35.873,36.88,15.964,24841.6,17426.0,150.873,15.964,1038.48,1038.48,1038.48,1038.48,1038.48,19905.6,4935.9,150.873,15.964,92.096,100.357,0.855,1.778,2.931,3.738,4.084
2026-04,CGE,CGE DISTRIBUCIÓN,Las Cabras,STxE-1-A,Aéreo,16682.0,13411.4,129.111,21.435,1038.48,1038.48,1038.48,1038.48,1038.48,12707.1,3975.0,129.111,21.435,33.414,140.693,1038.48,31.84,32.863,33.886,34.91,35.933,36.957,21.435,25141.1,17653.1,140.693,21.435,1038.48,1038.48,1038.48,1038.48,1038.48,20195.0,4946.1,140.693,21.435,84.244,91.8,0.855,1.778,2.931,3.738,4.084
2026-04,CGE,CGE DISTRIBUCIÓN,Lautaro,STxE-20-A,Aéreo,16843.5,13527.7,133.911,21.435,1038.48,1038.48,1038.48,1038.48,1038.48,12771.4,4072.1,133.911,21.435,33.414,145.923,1038.48,51.338,51.338,51.338,51.338,51.338,51.338,21.435,33275.5,23002.0,145.923,21.435,1038.48,1038.48,1038.48,1038.48,1038.48,23814.0,9461.5,145.923,21.435,88.278,96.197,0.855,1.778,2.931,3.738,4.084
2026-04,CGE,CGE DISTRIBUCIÓN,Licantén,STxE-6-A,Aéreo,16682.0,13411.4,140.572,21.435,1038.48,1038.48,1038.48,1038.48,1038.48,12707.1,3975.0,140.572,21.435,33.414,153.183,1038.48,31.84,32.863,33.886,34.91,35.933,36.957,21.435,25141.1,17653.1,153.183,21.435,1038.48,1038.48,1038.48,1038.48,1038.48,20195.0,4946.1,153.183,21.435,93.877,102.297,0.855,1.778,2.931,3.738,4.084
2026-04,CGE,CGE DISTRIBUCIÓN,Linares,STxE-13-A,Aéreo,17001.4,13641.2,140.572,21.435,1038.48,1038.48,1038.48,1038.48,1038.48,12834.4,4167.0,140.572,21.435,33.414,153.183,1038.48,41.073,42.157,43.241,44.325,45.409,46.494,21.435,29052.7,20225.2,153.183,21.435,1038.48,1038.48,1038.48,1038.48,1038.48,22068.2,6984.5,153.183,21.435,93.877,102.297,0.855,1.778,2.931,3.738,4.084
2026-04,CGE,CGE DISTRIBUCIÓN,Litueche,STxE-6-A,Aéreo,16682.0,13411.4,119.496,21.435,1038.48,1038.48,1038.48,1038.48,1038.48,12707.1,3975.0,119.496,21.435,33.414,130.215,1038.48,31.84,32.863,33.886,34.91,35.933,36.957,21.435,25141.1,17653.1,130.215,21.435,1038.48,1038.48,1038.48,1038.48,1038.48,20195.0,4946.1,130.215,21.435,76.165,82.997,0.855,1.778,2.931,3.738,4.084
2026-04,CGE,CGE DISTRIBUCIÓN,Lolol,STxE-6-A,Aéreo,16682.0,13411.4,140.572,21.435,1038.48,1038.48,1038.48,1038.48,1038.48,12707.1,3975.0,140.572,21.435,33.414,153.183,1038.48,31.84,32.863,33.886,34.91,35.933,36.957,21.435,25141.1,17653.1,153.183,21.435,1038.48,1038.48,1038.48,1038.48,1038.48,20195.0,4946.1,153.183,21.435,93.877,102.297,0.855,1.778,2.931,3.738,4.084
2026-04,CGE,CGE DISTRIBUCIÓN,Loncoche,STxE-18-A,Aéreo,16843.5,13527.7,140.572,21.435,1038.48,1038.48,1038.48,1038.48,1038.48,12771.4,4072.1,140.572,21.435,33.414,153.183,1038.48,51.338,51.338,51.338,51.338,51.338,51.338,21.435,33275.5,23002.0,153.183,21.435,1038.48,1038.48,1038.48,1038.48,1038.48,23814.0,9461.5,153.183,21.435,93.877,102.297,0.855,1.778,2.931,3.738,4.084
2026-04,CGE,CGE DISTRIBUCIÓN,Longaví,STxE-1-A,Aéreo,17001.4,13641.2,140.572,21.435,1038.48,1038.48,1038.48,1038.48,1038.48,12834.4,4167.0,140.572,21.435,33.414,153.183,1038.48,41.073,42.157,43.241,44.325,45.409,46.494,21.435,29052.7,20225.2,153.183,21.435,1038.48,1038.48,1038.48,1038.48,1038.48,22068.2,6984.5,153.183,21.435,93.877,102.297,0.855,1.778,2.931,3.738,4.084
2026-04,CGE,CGE DISTRIBUCIÓN,Los Ángeles,STxE-11-A,Aéreo,16702.1,13425.9,140.572,21.435,1038.48,1038.48,1038.48,1038.48,1038.48,12715.2,3987.0,140.572,21.435,33.414,153.183,1038.48,68.45,68.45,68.45,68.45,68.45,68.45,21.435,40390.7,27680.8,153.183,21.435,1038.48,1038.48,1038.48,1038.48,1038.48,26824.3,13566.4,153.183,21.435,93.877,102.297,0.855,1.778,2.931,3.738,4.084
2026-04,CGE,CGE DISTRIBUCIÓN,Machalí,STxE-1-A,Aéreo,16682.0,13411.4,133.911,21.435,1038.48,1038.48,1038.48,1038.48,1038.48,12707.1,3975.0,133.911,21.435,33.414,145.923,1038.48,31.84,32.863,33.886,34.91,35.933,36.957,21.435,25141.1,17653.1,145.923,21.435,1038.48,1038.48,1038.48,1038.48,1038.48,20195.0,4946.1,145.923,21.435,88.278,96.197,0.855,1.778,2.931,3.738,4.084
2026-04,CGE,CGE DISTRIBUCIÓN,Malloa,STxE-1-A,Aéreo,16682.0,13411.4,140.572,21.435,1038.48,1038.48,1038.48,1038.48,1038.48,12707.1,3975.0,140.572,21.435,33.414,153.183,1038.48,31.84,32.863,33.886,34.91,35.933,36.957,21.435,25141.1,17653.1,153.183,21.435,1038.48,1038.48,1038.48,1038.48,1038.48,20195.0,4946.1,153.183,21.435,93.877,102.297,0.855,1.778,2.931,3.738,4.084
2026-04,CGE,CGE DISTRIBUCIÓN,Marchihue,STxE-6-A,Aéreo,16682.0,13411.4,133.911,21.435,1038.48,1038.48,1038.48,1038.48,1038.48,12707.1,3975.0,133.911,21.435,33.414,145.923,1038.48,31.84,32.863,33.886,34.91,35.933,36.957,21.435,25141.1,17653.1,145.923,21.435,1038.48,1038.48,1038.48,1038.48,1038.48,20195.0,4946.1,145.923,21.435,88.278,96.197,0.855,1.778,2.931,3.738,4.084
2026-04,CGE,CGE DISTRIBUCIÓN,María Pinto,STxD-6-A,Aéreo,16397.6,13169.0,138.454,15.964,1038.48,1038.48,1038.48,1038.48,1038.48,12431.0,3966.6,138.454,15.964,32.516,150.873,1038.48,31.84,32.848,33.856,34.865,35.873,36.88,15.964,24841.6,17426.0,150.873,15.964,1038.48,1038.48,1038.48,1038.48,1038.48,19905.6,4935.9,150.873,15.964,92.096,100.357,0.855,1.778,2.931,3.738,4.084
2026-04,CGE,CGE DISTRIBUCIÓN,María Pinto,STxE-6-A,Aéreo,16682.0,13411.4,140.572,21.435,1038.48,1038.48,1038.48,1038.48,1038.48,12707.1,3975.0,140.572,21.435,33.414,153.183,1038.48,31.84,32.863,33.886,34.91,35.933,36.957,21.435,25141.1,17653.1,153.183,21.435,1038.48,1038.48,1038.48,1038.48,1038.48,20195.0,4946.1,153.183,21.435,93.877,102.297,0.855,1.778,2.931,3.738,4.084
2026-04,CGE,CGE DISTRIBUCIÓN,Maule,STxE-14-A,Aéreo,16682.0,13411.4,140.572,21.435,1038.48,1038.48,1038.48,1038.48,1038.48,12707.1,3975.0,140.572,21.435,33.414,153.183,1038.48,31.84,32.863,33.886,34.91,35.933,36.957,21.435,25141.1,17653.1,153.183,21.435,1038.48,1038.48,1038.48,1038.48,1038.48,20195.0,4946.1,153.183,21.435,93.877,102.297,0.855,1.778,2.931,3.738,4.084
2026-04,CGE,CGE DISTRIBUCIÓN,Melipilla,STxE-6-A,Aéreo,16682.0,13411.4,140.572,21.435,1038.48,1038.48,1038.48,1038.48,1038.48,12707.1,3975.0,140.572,21.435,33.414,153.183,1038.48,31.84,32.863,33.886,34.91,35.933,36.957,21.435,25141.1,17653.1,153.183,21.435,1038.48,1038.48,1038.48,1038.48,1038.48,20195.0,4946.1,153.183,21.435,93.877,102.297,0.855,1.778,2.931,3.738,4.084
2026-04,CGE,CGE DISTRIBUCIÓN,Molina,STxE-6-A,Aéreo,16682.0,13411.4,140.572,21.435,1038.48,1038.48,1038.48,1038.48,1038.48,12707.1,3975.0,140.572,21.435,33.414,153.183,1038.48,31.84,32.863,33.886,34.91,35.933,36.957,21.435,25141.1,17653.1,153.183,21.435,1038.48,1038.48,1038.48,1038.48,1038.48,20195.0,4946.1,153.183,21.435,93.877,102.297,0.855,1.778,2.931,3.738,4.084
2026-04,CGE,CGE DISTRIBUCIÓN,Mostazal,STxE-1-A,Aéreo,16682.0,13411.4,129.111,21.435,1038.48,1038.48,1038.48,1038.48,1038.48,12707.1,3975.0,129.111,21.435,33.414,140.693,1038.48,31.84,32.863,33.886,34.91,35.933,36.957,21.435,25141.1,17653.1,140.693,21.435,1038.48,1038.48,1038.48,1038.48,1038.48,20195.0,4946.1,140.693,21.435,84.244,91.8,0.855,1.778,2.931,3.738,4.084
2026-04,CGE,CGE DISTRIBUCIÓN,Mulchén,STxE-2-A,Aéreo,16843.5,13527.7,140.572,21.435,1038.48,1038.48,1038.48,1038.48,1038.48,12771.4,4072.1,140.572,21.435,33.414,153.183,1038.48,51.338,51.338,51.338,51.338,51.338,51.338,21.435,33275.5,23002.0,153.183,21.435,1038.48,1038.48,1038.48,1038.48,1038.48,23814.0,9461.5,153.183,21.435,93.877,102.297,0.855,1.778,2.931,3.738,4.084
2026-04,CGE,CGE DISTRIBUCIÓN,Nancagua,STxE-6-A,Aéreo,16682.0,13411.4,140.572,21.435,1038.48,1038.48,1038.48,1038.48,1038.48,12707.1,3975.0,140.572,21.435,33.414,153.183,1038.48,31.84,32.863,33.886,34.91,35.933,36.957,21.435,25141.1,17653.1,153.183,21.435,1038.48,1038.48,1038.48,1038.48,1038.48,20195.0,4946.1,153.183,21.435,93.877,102.297,0.855,1.778,2.931,3.738,4.084
2026-04,CGE,CGE DISTRIBUCIÓN,Navidad,STxE-6-A,Aéreo,16682.0,13411.4,140.572,21.435,1038.48,1038.48,1038.48,1038.48,1038.48,12707.1,3975.0,140.572,21.435,33.414,153.183,1038.48,31.84,32.863,33.886,34.91,35.933,36.957,21.435,25141.1,17653.1,153.183,21.435,1038.48,1038.48,1038.48,1038.48,1038.48,20195.0,4946.1,153.183,21.435,93.877,102.297,0.855,1.778,2.931,3.738,4.084
2026-04,CGE,CGE DISTRIBUCIÓN,Ninhue,STxE-27-A,Aéreo,16843.5,13527.7,140.572,21.435,1038.48,1038.48,1038.48,1038.48,1038.48,12771.4,4072.1,140.572,21.435,33.414,153.183,1038.48,51.338,51.338,51.338,51.338,51.338,51.338,21.435,33275.5,23002.0,153.183,21.435,1038.48,1038.48,1038.48,1038.48,1038.48,23814.0,9461.5,153.183,21.435,93.877,102.297,0.855,1.778,2.931,3.738,4.084
2026-04,CGE,CGE DISTRIBUCIÓN,Olivar,STxE-1-A,Aéreo,16682.0,13411.4,140.572,21.435,1038.48,1038.48,1038.48,1038.48,1038.48,12707.1,3975.0,140.572,21.435,33.414,153.183,1038.48,31.84,32.863,33.886,34.91,35.933,36.957,21.435,25141.1,17653.1,153.183,21.435,1038.48,1038.48,1038.48,1038.48,1038.48,20195.0,4946.1,153.183,21.435,93.877,102.297,0.855,1.778,2.931,3.738,4.084
2026-04,CGE,CGE DISTRIBUCIÓN,Padre Hurtado,STxD-3-A,Aéreo,16397.6,13169.0,138.454,15.964,1038.48,1038.48,1038.48,1038.48,1038.48,12431.0,3966.6,138.454,15.964,32.516,150.873,1038.48,31.84,32.848,33.856,34.865,35.873,36.88,15.964,24841.6,17426.0,150.873,15.964,1038.48,1038.48,1038.48,1038.48,1038.48,19905.6,4935.9,150.873,15.964,92.096,100.357,0.855,1.778,2.931,3.738,4.084
2026-04,CGE,CGE DISTRIBUCIÓN,Padre las Casas,STxE-20-A,Aéreo,16843.5,13527.7,140.572,21.435,1038.48,1038.48,1038.48,1038.48,1038.48,12771.4,4072.1,140.572,21.435,33.414,153.183,1038.48,51.338,51.338,51.338,51.338,51.338,51.338,21.435,33275.5,23002.0,153.183,21.435,1038.48,1038.48,1038.48,1038.48,1038.48,23814.0,9461.5,153.183,21.435,93.877,102.297,0.855,1.778,2.931,3.738,4.084
2026-04,CGE,CGE DISTRIBUCIÓN,Paine,STxE-1-A,Aéreo,16682.0,13411.4,140.572,21.435,1038.48,1038.48,1038.48,1038.48,1038.48,12707.1,3975.0,140.572,21.435,33.414,153.183,1038.48,31.84,32.863,33.886,34.91,35.933,36.957,21.435,25141.1,17653.1,153.183,21.435,1038.48,1038.48,1038.48,1038.48,1038.48,20195.0,4946.1,153.183,21.435,93.877,102.297,0.855,1.778,2.931,3.738,4.084
2026-04,CGE,CGE DISTRIBUCIÓN,Palmilla,STxE-6-A,Aéreo,16682.0,13411.4,140.572,21.435,1038.48,1038.48,1038.48,1038.48,1038.48,12707.1,3975.0,140.572,21.435,33.414,153.183,1038.48,31.84,32.863,33.886,34.91,35.933,36.957,21.435,25141.1,17653.1,153.183,21.435,1038.48,1038.48,1038.48,1038.48,1038.48,20195.0,4946.1,153.183,21.435,93.877,102.297,0.855,1.778,2.931,3.738,4.084
2026-04,CGE,CGE DISTRIBUCIÓN,Paredones,STxE-6-A,Aéreo,16682.0,13411.4,140.572,21.435,1038.48,1038.48,1038.48,1038.48,1038.48,12707.1,3975.0,140.572,21.435,33.414,153.183,1038.48,31.84,32.863,33.886,34.91,35.933,36.957,21.435,25141.1,17653.1,153.183,21.435,1038.48,1038.48,1038.48,1038.48,1038.48,20195.0,4946.1,153.183,21.435,93.877,102.297,0.855,1.778,2.931,3.738,4.084
2026-04,CGE,CGE DISTRIBUCIÓN,Parral,STxE-25-A,Aéreo,16843.5,13527.7,140.572,21.435,1038.48,1038.48,1038.48,1038.48,1038.48,12771.4,4072.1,140.572,21.435,33.414,153.183,1038.48,51.338,51.338,51.338,51.338,51.338,51.338,21.435,33275.5,23002.0,153.183,21.435,1038.48,1038.48,1038.48,1038.48,1038.48,23814.0,9461.5,153.183,21.435,93.877,102.297,0.855,1.778,2.931,3.738,4.084
2026-04,CGE,CGE DISTRIBUCIÓN,Pelarco,STxE-4-A,Aéreo,16682.0,13411.4,140.572,21.435,1038.48,1038.48,1038.48,1038.48,1038.48,12707.1,3975.0,140.572,21.435,33.414,153.183,1038.48,31.84,32.863,33.886,34.91,35.933,36.957,21.435,25141.1,17653.1,153.183,21.435,1038.48,1038.48,1038.48,1038.48,1038.48,20195.0,4946.1,153.183,21.435,93.877,102.297,0.855,1.778,2.931,3.738,4.084
2026-04,CGE,CGE DISTRIBUCIÓN,Pelluhue,STxE-6-A,Aéreo,16682.0,13411.4,140.572,21.435,1038.48,1038.48,1038.48,1038.48,1038.48,12707.1,3975.0,140.572,21.435,33.414,153.183,1038.48,31.84,32.863,33.886,34.91,35.933,36.957,21.435,25141.1,17653.1,153.183,21.435,1038.48,1038.48,1038.48,1038.48,1038.48,20195.0,4946.1,153.183,21.435,93.877,102.297,0.855,1.778,2.931,3.738,4.084
2026-04,CGE,CGE DISTRIBUCIÓN,Pencahue,STxE-14-A,Aéreo,16682.0,13411.4,140.572,21.435,1038.48,1038.48,1038.48,1038.48,1038.48,12707.1,3975.0,140.572,21.435,33.414,153.183,1038.48,31.84,32.863,33.886,34.91,35.933,36.957,21.435,25141.1,17653.1,153.183,21.435,1038.48,1038.48,1038.48,1038.48,1038.48,20195.0,4946.1,153.183,21.435,93.877,102.297,0.855,1.778,2.931,3.738,4.084
2026-04,CGE,CGE DISTRIBUCIÓN,Penco,STxE-2-A,Aéreo,16682.0,13411.4,140.572,21.435,1038.48,1038.48,1038.48,1038.48,1038.48,12707.1,3975.0,140.572,21.435,33.414,153.183,1038.48,31.84,32.863,33.886,34.91,35.933,36.957,21.435,25141.1,17653.1,153.183,21.435,1038.48,1038.48,1038.48,1038.48,1038.48,20195.0,4946.1,153.183,21.435,93.877,102.297,0.855,1.778,2.931,3.738,4.084
2026-04,CGE,CGE DISTRIBUCIÓN,Peralillo,STxE-6-A,Aéreo,16682.0,13411.4,140.572,21.435,1038.48,1038.48,1038.48,1038.48,1038.48,12707.1,3975.0,140.572,21.435,33.414,153.183,1038.48,31.84,32.863,33.886,34.91,35.933,36.957,21.435,25141.1,17653.1,153.183,21.435,1038.48,1038.48,1038.48,1038.48,1038.48,20195.0,4946.1,153.183,21.435,93.877,102.297,0.855,1.778,2.931,3.738,4.084
2026-04,CGE,CGE DISTRIBUCIÓN,Peumo,STxE-1-A,Aéreo,16682.0,13411.4,140.572,21.435,1038.48,1038.48,1038.48,1038.48,1038.48,12707.1,3975.0,140.572,21.435,33.414,153.183,1038.48,31.84,32.863,33.886,34.91,35.933,36.957,21.435,25141.1,17653.1,153.183,21.435,1038.48,1038.48,1038.48,1038.48,1038.48,20195.0,4946.1,153.183,21.435,93.877,102.297,0.855,1.778,2.931,3.738,4.084
2026-04,CGE,CGE DISTRIBUCIÓN,Peñaflor,STxD-3-A,Aéreo,16397.6,13169.0,138.454,15.964,1038.48,1038.48,1038.48,1038.48,1038.48,12431.0,3966.6,138.454,15.964,32.516,150.873,1038.48,31.84,32.848,33.856,34.865,35.873,36.88,15.964,24841.6,17426.0,150.873,15.964,1038.48,1038.48,1038.48,1038.48,1038.48,19905.6,4935.9,150.873,15.964,92.096,100.357,0.855,1.778,2.931,3.738,4.084
2026-04,CGE,CGE DISTRIBUCIÓN,Peñaflor,STxE-3-A,Aéreo,16519.7,13294.8,140.572,21.435,1038.48,1038.48,1038.48,1038.48,1038.48,12642.4,3877.3,140.572,21.435,33.414,153.183,1038.48,31.84,32.682,33.523,34.366,35.207,36.049,21.435,24769.0,17408.4,153.183,21.435,1038.48,1038.48,1038.48,1038.48,1038.48,19944.3,4824.7,153.183,21.435,93.877,102.297,0.855,1.778,2.931,3.738,4.084
2026-04,CGE,CGE DISTRIBUCIÓN,Pichidegua,STxE-1-A,Aéreo,16682.0,13411.4,129.111,21.435,1038.48,1038.48,1038.48,1038.48,1038.48,12707.1,3975.0,129.111,21.435,33.414,140.693,1038.48,31.84,32.863,33.886,34.91,35.933,36.957,21.435,25141.1,17653.1,140.693,21.435,1038.48,1038.48,1038.48,1038.48,1038.48,20195.0,4946.1,140.693,21.435,84.244,91.8,0.855,1.778,2.931,3.738,4.084
2026-04,CGE,CGE DISTRIBUCIÓN,Pichilemu,STxE-6-A,Aéreo,16682.0,13411.4,140.572,21.435,1038.48,1038.48,1038.48,1038.48,1038.48,12707.1,3975.0,140.572,21.435,33.414,153.183,1038.48,31.84,32.863,33.886,34.91,35.933,36.957,21.435,25141.1,17653.1,153.183,21.435,1038.48,1038.48,1038.48,1038.48,1038.48,20195.0,4946.1,153.183,21.435,93.877,102.297,0.855,1.778,2.931,3.738,4.084
2026-04,CGE,CGE DISTRIBUCIÓN,Pinto,STxE-26-A,Aéreo,16843.5,13527.7,140.572,21.435,1038.48,1038.48,1038.48,1038.48,1038.48,12771.4,4072.1,140.572,21.435,33.414,153.183,1038.48,51.338,51.338,51.338,51.338,51.338,51.338,21.435,33275.5,23002.0,153.183,21.435,1038.48,1038.48,1038.48,1038.48,1038.48,23814.0,9461.5,153.183,21.435,93.877,102.297,0.855,1.778,2.931,3.738,4.084
2026-04,CGE,CGE DISTRIBUCIÓN,Pirque,STxD-1-A,Aéreo,16397.6,13169.0,131.92,15.964,1038.48,1038.48,1038.48,1038.48,1038.48,12431.0,3966.6,131.92,15.964,32.516,143.753,1038.48,31.84,32.848,33.856,34.865,35.873,36.88,15.964,24841.6,17426.0,143.753,15.964,1038.48,1038.48,1038.48,1038.48,1038.48,19905.6,4935.9,143.753,15.964,86.606,94.374,0.855,1.778,2.931,3.738,4.084
2026-04,CGE,CGE DISTRIBUCIÓN,Pitrufquén,STxE-20-A,Aéreo,16843.5,13527.7,140.572,21.435,1038.48,1038.48,1038.48,1038.48,1038.48,12771.4,4072.1,140.572,21.435,33.414,153.183,1038.48,51.338,51.338,51.338,51.338,51.338,51.338,21.435,33275.5,23002.0,153.183,21.435,1038.48,1038.48,1038.48,1038.48,1038.48,23814.0,9461.5,153.183,21.435,93.877,102.297,0.855,1.778,2.931,3.738,4.084
2026-04,CGE,CGE DISTRIBUCIÓN,Placilla,STxE-6-A,Aéreo,16682.0,13411.4,140.572,21.435,1038.48,1038.48,1038.48,1038.48,1038.48,12707.1,3975.0,140.572,21.435,33.414,153.183,1038.48,31.84,32.863,33.886,34.91,35.933,36.957,21.435,25141.1,17653.1,153.183,21.435,1038.48,1038.48,1038.48,1038.48,1038.48,20195.0,4946.1,153.183,21.435,93.877,102.297,0.855,1.778,2.931,3.738,4.084
2026-04,CGE,CGE DISTRIBUCIÓN,Portezuelo,STxE-26-A,Aéreo,16843.5,13527.7,140.572,21.435,1038.48,1038.48,1038.48,1038.48,1038.48,12771.4,4072.1,140.572,21.435,33.414,153.183,1038.48,51.338,51.338,51.338,51.338,51.338,51.338,21.435,33275.5,23002.0,153.183,21.435,1038.48,1038.48,1038.48,1038.48,1038.48,23814.0,9461.5,153.183,21.435,93.877,102.297,0.855,1.778,2.931,3.738,4.084
2026-04,CGE,CGE DISTRIBUCIÓN,Pucón,STxE-2-A,Aéreo,16682.0,13411.4,140.572,21.435,1038.48,1038.48,1038.48,1038.48,1038.48,12707.1,3975.0,140.572,21.435,33.414,153.183,1038.48,31.84,32.863,33.886,34.91,35.933,36.957,21.435,25141.1,17653.1,153.183,21.435,1038.48,1038.48,1038.48,1038.48,1038.48,20195.0,4946.1,153.183,21.435,93.877,102.297,0.855,1.778,2.931,3.738,4.084
2026-04,CGE,CGE DISTRIBUCIÓN,Puente Alto,STxD-3-A,Aéreo,17027.6,13622.0,138.454,15.964,1038.48,1038.48,1038.48,1038.48,1038.48,12682.1,4345.5,138.454,15.964,32.516,150.873,1038.48,27.382,28.37,29.358,30.347,31.335,32.324,15.964,22973.0,16197.2,150.873,15.964,1038.48,1038.48,1038.48,1038.48,1038.48,19440.9,3531.9,150.873,15.964,92.096,100.357,0.855,1.778,2.931,3.738,4.084
2026-04,CGE,CGE DISTRIBUCIÓN,Pumanque,STxE-6-A,Aéreo,16682.0,13411.4,140.572,21.435,1038.48,1038.48,1038.48,1038.48,1038.48,12707.1,3975.0,140.572,21.435,33.414,153.183,1038.48,31.84,32.863,33.886,34.91,35.933,36.957,21.435,25141.1,17653.1,153.183,21.435,1038.48,1038.48,1038.48,1038.48,1038.48,20195.0,4946.1,153.183,21.435,93.877,102.297,0.855,1.778,2.931,3.738,4.084
2026-04,CGE,CGE DISTRIBUCIÓN,Quinta de Tilcoco,STxE-1-A,Aéreo,16682.0,13411.4,140.572,21.435,1038.48,1038.48,1038.48,1038.48,1038.48,12707.1,3975.0,140.572,21.435,33.414,153.183,1038.48,31.84,32.863,33.886,34.91,35.933,36.957,21.435,25141.1,17653.1,153.183,21.435,1038.48,1038.48,1038.48,1038.48,1038.48,20195.0,4946.1,153.183,21.435,93.877,102.297,0.855,1.778,2.931,3.738,4.084
2026-04,CGE,CGE DISTRIBUCIÓN,Quirihue,STxE-6-A,Aéreo,16843.5,13527.7,140.572,21.435,1038.48,1038.48,1038.48,1038.48,1038.48,12771.4,4072.1,140.572,21.435,33.414,153.183,1038.48,51.338,51.338,51.338,51.338,51.338,51.338,21.435,33275.5,23002.0,153.183,21.435,1038.48,1038.48,1038.48,1038.48,1038.48,23814.0,9461.5,153.183,21.435,93.877,102.297,0.855,1.778,2.931,3.738,4.084
2026-04,CGE,CGE DISTRIBUCIÓN,Rancagua,STxE-1-A,Aéreo,16682.0,13411.4,140.572,21.435,1038.48,1038.48,1038.48,1038.48,1038.48,12707.1,3975.0,140.572,21.435,33.414,153.183,1038.48,31.84,32.863,33.886,34.91,35.933,36.957,21.435,25141.1,17653.1,153.183,21.435,1038.48,1038.48,1038.48,1038.48,1038.48,20195.0,4946.1,153.183,21.435,93.877,102.297,0.855,1.778,2.931,3.738,4.084
2026-04,CGE,CGE DISTRIBUCIÓN,Rancagua,STxE-1-S1,Subt.1,21308.7,16738.9,140.572,21.435,1038.48,1038.48,1038.48,1038.48,1038.48,14551.2,6757.5,140.572,21.435,33.414,153.183,1038.48,40.897,42.21,43.525,44.839,46.154,47.468,21.435,29452.4,20488.0,153.183,21.435,1038.48,1038.48,1038.48,1038.48,1038.48,23099.3,6353.1,153.183,21.435,93.877,102.297,0.855,1.778,2.931,3.738,4.084
2026-04,CGE,CGE DISTRIBUCIÓN,Rancagua,STxE-1-S2,Subt.2,16682.0,13411.4,140.572,21.435,1038.48,1038.48,1038.48,1038.48,1038.48,12707.1,3975.0,140.572,21.435,33.414,153.183,1038.48,37.511,38.718,39.923,41.129,42.334,43.54,21.435,27841.2,19428.5,153.183,21.435,1038.48,1038.48,1038.48,1038.48,1038.48,22013.9,5827.2,153.183,21.435,93.877,102.297,0.855,1.778,2.931,3.738,4.084
2026-04,CGE,CGE DISTRIBUCIÓN,Rancagua,STxE-1-S3,Subt.3,21308.7,16738.9,140.572,21.435,1038.48,1038.48,1038.48,1038.48,1038.48,14551.2,6757.5,140.572,21.435,33.414,153.183,1038.48,46.568,47.161,47.755,48.349,48.941,49.535,21.435,32152.4,22263.5,153.183,21.435,1038.48,1038.48,1038.48,1038.48,1038.48,24918.2,7234.1,153.183,21.435,93.877,102.297,0.855,1.778,2.931,3.738,4.084
2026-04,CGE,CGE DISTRIBUCIÓN,Rauco,STxE-1-A,Aéreo,16682.0,13411.4,140.572,21.435,1038.48,1038.48,1038.48,1038.48,1038.48,12707.1,3975.0,140.572,21.435,33.414,153.183,1038.48,31.84,32.863,33.886,34.91,35.933,36.957,21.435,25141.1,17653.1,153.183,21.435,1038.48,1038.48,1038.48,1038.48,1038.48,20195.0,4946.1,153.183,21.435,93.877,102.297,0.855,1.778,2.931,3.738,4.084
2026-04,CGE,CGE DISTRIBUCIÓN,Rengo,STxE-1-A,Aéreo,16682.0,13411.4,140.572,21.435,1038.48,1038.48,1038.48,1038.48,1038.48,12707.1,3975.0,140.572,21.435,33.414,153.183,1038.48,31.84,32.863,33.886,34.91,35.933,36.957,21.435,25141.1,17653.1,153.183,21.435,1038.48,1038.48,1038.48,1038.48,1038.48,20195.0,4946.1,153.183,21.435,93.877,102.297,0.855,1.778,2.931,3.738,4.084
2026-04,CGE,CGE DISTRIBUCIÓN,Requínoa,STxE-1-A,Aéreo,16682.0,13411.4,133.911,21.435,1038.48,1038.48,1038.48,1038.48,1038.48,12707.1,3975.0,133.911,21.435,33.414,145.923,1038.48,31.84,32.863,33.886,34.91,35.933,36.957,21.435,25141.1,17653.1,145.923,21.435,1038.48,1038.48,1038.48,1038.48,1038.48,20195.0,4946.1,145.923,21.435,88.278,96.197,0.855,1.778,2.931,3.738,4.084
2026-04,CGE,CGE DISTRIBUCIÓN,Retiro,STxE-25-A,Aéreo,16843.5,13527.7,140.572,21.435,1038.48,1038.48,1038.48,1038.48,1038.48,12771.4,4072.1,140.572,21.435,33.414,153.183,1038.48,51.338,51.338,51.338,51.338,51.338,51.338,21.435,33275.5,23002.0,153.183,21.435,1038.48,1038.48,1038.48,1038.48,1038.48,23814.0,9461.5,153.183,21.435,93.877,102.297,0.855,1.778,2.931,3.738,4.084
2026-04,CGE,CGE DISTRIBUCIÓN,Romeral,STxE-1-A,Aéreo,16682.0,13411.4,140.572,21.435,1038.48,1038.48,1038.48,1038.48,1038.48,12707.1,3975.0,140.572,21.435,33.414,153.183,1038.48,31.84,32.863,33.886,34.91,35.933,36.957,21.435,25141.1,17653.1,153.183,21.435,1038.48,1038.48,1038.48,1038.48,1038.48,20195.0,4946.1,153.183,21.435,93.877,102.297,0.855,1.778,2.931,3.738,4.084
2026-04,CGE,CGE DISTRIBUCIÓN,Ránquil,STxE-6-A,Aéreo,16843.5,13527.7,129.111,21.435,1038.48,1038.48,1038.48,1038.48,1038.48,12771.4,4072.1,129.111,21.435,33.414,140.693,1038.48,51.338,51.338,51.338,51.338,51.338,51.338,21.435,33275.5,23002.0,140.693,21.435,1038.48,1038.48,1038.48,1038.48,1038.48,23814.0,9461.5,140.693,21.435,84.244,91.8,0.855,1.778,2.931,3.738,4.084
2026-04,CGE,CGE DISTRIBUCIÓN,Río Claro,STxE-14-A,Aéreo,16682.0,13411.4,140.572,21.435,1038.48,1038.48,1038.48,1038.48,1038.48,12707.1,3975.0,140.572,21.435,33.414,153.183,1038.48,31.84,32.863,33.886,34.91,35.933,36.957,21.435,25141.1,17653.1,153.183,21.435,1038.48,1038.48,1038.48,1038.48,1038.48,20195.0,4946.1,153.183,21.435,93.877,102.297,0.855,1.778,2.931,3.738,4.084
2026-04,CGE,CGE DISTRIBUCIÓN,Sagrada Familia,STxE-1-A,Aéreo,16682.0,13411.4,140.572,21.435,1038.48,1038.48,1038.48,1038.48,1038.48,12707.1,3975.0,140.572,21.435,33.414,153.183,1038.48,31.84,32.863,33.886,34.91,35.933,36.957,21.435,25141.1,17653.1,153.183,21.435,1038.48,1038.48,1038.48,1038.48,1038.48,20195.0,4946.1,153.183,21.435,93.877,102.297,0.855,1.778,2.931,3.738,4.084
2026-04,CGE,CGE DISTRIBUCIÓN,San Antonio,STxE-6-A,Aéreo,16682.0,13411.4,140.572,21.435,1038.48,1038.48,1038.48,1038.48,1038.48,12707.1,3975.0,140.572,21.435,33.414,153.183,1038.48,31.84,32.863,33.886,34.91,35.933,36.957,21.435,25141.1,17653.1,153.183,21.435,1038.48,1038.48,1038.48,1038.48,1038.48,20195.0,4946.1,153.183,21.435,93.877,102.297,0.855,1.778,2.931,3.738,4.084
2026-04,CGE,CGE DISTRIBUCIÓN,San Bernardo,STxD-3-A,Aéreo,16397.6,13169.0,138.454,15.964,1038.48,1038.48,1038.48,1038.48,1038.48,12431.0,3966.6,138.454,15.964,32.516,150.873,1038.48,31.84,32.848,33.856,34.865,35.873,36.88,15.964,24841.6,17426.0,150.873,15.964,1038.48,1038.48,1038.48,1038.48,1038.48,19905.6,4935.9,150.873,15.964,92.096,100.357,0.855,1.778,2.931,3.738,4.084
2026-04,CGE,CGE DISTRIBUCIÓN,San Carlos,STxE-19-A,Aéreo,16843.5,13527.7,140.572,21.435,1038.48,1038.48,1038.48,1038.48,1038.48,12771.4,4072.1,140.572,21.435,33.414,153.183,1038.48,51.338,51.338,51.338,51.338,51.338,51.338,21.435,33275.5,23002.0,153.183,21.435,1038.48,1038.48,1038.48,1038.48,1038.48,23814.0,9461.5,153.183,21.435,93.877,102.297,0.855,1.778,2.931,3.738,4.084
2026-04,CGE,CGE DISTRIBUCIÓN,San Clemente,STxE-25-A,Aéreo,16682.0,13411.4,129.111,21.435,1038.48,1038.48,1038.48,1038.48,1038.48,12707.1,3975.0,129.111,21.435,33.414,140.693,1038.48,31.84,32.863,33.886,34.91,35.933,36.957,21.435,25141.1,17653.1,140.693,21.435,1038.48,1038.48,1038.48,1038.48,1038.48,20195.0,4946.1,140.693,21.435,84.244,91.8,0.855,1.778,2.931,3.738,4.084
2026-04,CGE,CGE DISTRIBUCIÓN,San Fabián,STxE-26-A,Aéreo,16843.5,13527.7,140.572,21.435,1038.48,1038.48,1038.48,1038.48,1038.48,12771.4,4072.1,140.572,21.435,33.414,153.183,1038.48,51.338,51.338,51.338,51.338,51.338,51.338,21.435,33275.5,23002.0,153.183,21.435,1038.48,1038.48,1038.48,1038.48,1038.48,23814.0,9461.5,153.183,21.435,93.877,102.297,0.855,1.778,2.931,3.738,4.084
2026-04,CGE,CGE DISTRIBUCIÓN,San Fernando,STxE-1-A,Aéreo,16682.0,13411.4,133.911,21.435,1038.48,1038.48,1038.48,1038.48,1038.48,12707.1,3975.0,133.911,21.435,33.414,145.923,1038.48,31.84,32.863,33.886,34.91,35.933,36.957,21.435,25141.1,17653.1,145.923,21.435,1038.48,1038.48,1038.48,1038.48,1038.48,20195.0,4946.1,145.923,21.435,88.278,96.197,0.855,1.778,2.931,3.738,4.084
2026-04,CGE,CGE DISTRIBUCIÓN,San Javier,STxE-15-A,Aéreo,17001.4,13641.2,140.572,21.435,1038.48,1038.48,1038.48,1038.48,1038.48,12834.4,4167.0,140.572,21.435,33.414,153.183,1038.48,41.073,42.157,43.241,44.325,45.409,46.494,21.435,29052.7,20225.2,153.183,21.435,1038.48,1038.48,1038.48,1038.48,1038.48,22068.2,6984.5,153.183,21.435,93.877,102.297,0.855,1.778,2.931,3.738,4.084
2026-04,CGE,CGE DISTRIBUCIÓN,San José de Maipo,STxD-3-A,Aéreo,16397.6,13169.0,127.21,15.964,1038.48,1038.48,1038.48,1038.48,1038.48,12431.0,3966.6,127.21,15.964,32.516,138.621,1038.48,31.84,32.848,33.856,34.865,35.873,36.88,15.964,24841.6,17426.0,138.621,15.964,1038.48,1038.48,1038.48,1038.48,1038.48,19905.6,4935.9,138.621,15.964,82.647,90.061,0.855,1.778,2.931,3.738,4.084
2026-04,CGE,CGE DISTRIBUCIÓN,San Nicolás,STxE-21-A,Aéreo,16843.5,13527.7,140.572,21.435,1038.48,1038.48,1038.48,1038.48,1038.48,12771.4,4072.1,140.572,21.435,33.414,153.183,1038.48,51.338,51.338,51.338,51.338,51.338,51.338,21.435,33275.5,23002.0,153.183,21.435,1038.48,1038.48,1038.48,1038.48,1038.48,23814.0,9461.5,153.183,21.435,93.877,102.297,0.855,1.778,2.931,3.738,4.084
2026-04,CGE,CGE DISTRIBUCIÓN,San Pedro,STxE-6-A,Aéreo,16682.0,13411.4,133.911,21.435,1038.48,1038.48,1038.48,1038.48,1038.48,12707.1,3975.0,133.911,21.435,33.414,145.923,1038.48,31.84,32.863,33.886,34.91,35.933,36.957,21.435,25141.1,17653.1,145.923,21.435,1038.48,1038.48,1038.48,1038.48,1038.48,20195.0,4946.1,145.923,21.435,88.278,96.197,0.855,1.778,2.931,3.738,4.084
2026-04,CGE,CGE DISTRIBUCIÓN,San Rafael,STxE-1-A,Aéreo,16682.0,13411.4,140.572,21.435,1038.48,1038.48,1038.48,1038.48,1038.48,12707.1,3975.0,140.572,21.435,33.414,153.183,1038.48,31.84,32.863,33.886,34.91,35.933,36.957,21.435,25141.1,17653.1,153.183,21.435,1038.48,1038.48,1038.48,1038.48,1038.48,20195.0,4946.1,153.183,21.435,93.877,102.297,0.855,1.778,2.931,3.738,4.084
2026-04,CGE,CGE DISTRIBUCIÓN,San Vicente,STxE-1-A,Aéreo,16682.0,13411.4,140.572,21.435,1038.48,1038.48,1038.48,1038.48,1038.48,12707.1,3975.0,140.572,21.435,33.414,153.183,1038.48,31.84,32.863,33.886,34.91,35.933,36.957,21.435,25141.1,17653.1,153.183,21.435,1038.48,1038.48,1038.48,1038.48,1038.48,20195.0,4946.1,153.183,21.435,93.877,102.297,0.855,1.778,2.931,3.738,4.084
2026-04,CGE,CGE DISTRIBUCIÓN,Santa Cruz,STxE-6-A,Aéreo,16682.0,13411.4,140.572,21.435,1038.48,1038.48,1038.48,1038.48,1038.48,12707.1,3975.0,140.572,21.435,33.414,153.183,1038.48,31.84,32.863,33.886,34.91,35.933,36.957,21.435,25141.1,17653.1,153.183,21.435,1038.48,1038.48,1038.48,1038.48,1038.48,20195.0,4946.1,153.183,21.435,93.877,102.297,0.855,1.778,2.931,3.738,4.084
2026-04,CGE,CGE DISTRIBUCIÓN,Santo Domingo,STxE-6-A,Aéreo,16682.0,13411.4,140.572,21.435,1038.48,1038.48,1038.48,1038.48,1038.48,12707.1,3975.0,140.572,21.435,33.414,153.183,1038.48,31.84,32.863,33.886,34.91,35.933,36.957,21.435,25141.1,17653.1,153.183,21.435,1038.48,1038.48,1038.48,1038.48,1038.48,20195.0,4946.1,153.183,21.435,93.877,102.297,0.855,1.778,2.931,3.738,4.084
2026-04,CGE,CGE DISTRIBUCIÓN,Talagante,STxD-6-A,Aéreo,16397.6,13169.0,138.454,15.964,1038.48,1038.48,1038.48,1038.48,1038.48,12431.0,3966.6,138.454,15.964,32.516,150.873,1038.48,31.84,32.848,33.856,34.865,35.873,36.88,15.964,24841.6,17426.0,150.873,15.964,1038.48,1038.48,1038.48,1038.48,1038.48,19905.6,4935.9,150.873,15.964,92.096,100.357,0.855,1.778,2.931,3.738,4.084
2026-04,CGE,CGE DISTRIBUCIÓN,Talagante,STxE-6-A,Aéreo,16682.0,13411.4,140.572,21.435,1038.48,1038.48,1038.48,1038.48,1038.48,12707.1,3975.0,140.572,21.435,33.414,153.183,1038.48,31.84,32.863,33.886,34.91,35.933,36.957,21.435,25141.1,17653.1,153.183,21.435,1038.48,1038.48,1038.48,1038.48,1038.48,20195.0,4946.1,153.183,21.435,93.877,102.297,0.855,1.778,2.931,3.738,4.084
2026-04,CGE,CGE DISTRIBUCIÓN,Talca,STxE-7-A,Aéreo,16682.0,13411.4,140.572,21.435,1038.48,1038.48,1038.48,1038.48,1038.48,12707.1,3975.0,140.572,21.435,33.414,153.183,1038.48,31.84,32.863,33.886,34.91,35.933,36.957,21.435,25141.1,17653.1,153.183,21.435,1038.48,1038.48,1038.48,1038.48,1038.48,20195.0,4946.1,153.183,21.435,93.877,102.297,0.855,1.778,2.931,3.738,4.084
2026-04,CGE,CGE DISTRIBUCIÓN,Talca,STxE-7-S1,Subt.1,21308.7,16738.9,140.572,21.435,1038.48,1038.48,1038.48,1038.48,1038.48,14551.2,6757.5,140.572,21.435,33.414,153.183,1038.48,40.897,42.21,43.525,44.839,46.154,47.468,21.435,29452.4,20488.0,153.183,21.435,1038.48,1038.48,1038.48,1038.48,1038.48,23099.3,6353.1,153.183,21.435,93.877,102.297,0.855,1.778,2.931,3.738,4.084
2026-04,CGE,CGE DISTRIBUCIÓN,Talca,STxE-7-S2,Subt.2,16682.0,13411.4,140.572,21.435,1038.48,1038.48,1038.48,1038.48,1038.48,12707.1,3975.0,140.572,21.435,33.414,153.183,1038.48,37.511,38.718,39.923,41.129,42.334,43.54,21.435,27841.2,19428.5,153.183,21.435,1038.48,1038.48,1038.48,1038.48,1038.48,22013.9,5827.2,153.183,21.435,93.877,102.297,0.855,1.778,2.931,3.738,4.084
2026-04,CGE,CGE DISTRIBUCIÓN,Talcahuano,STxE-2-A,Aéreo,16682.0,13411.4,140.572,21.435,1038.48,1038.48,1038.48,1038.48,1038.48,12707.1,3975.0,140.572,21.435,33.414,153.183,1038.48,31.84,32.863,33.886,34.91,35.933,36.957,21.435,25141.1,17653.1,153.183,21.435,1038.48,1038.48,1038.48,1038.48,1038.48,20195.0,4946.1,153.183,21.435,93.877,102.297,0.855,1.778,2.931,3.738,4.084
2026-04,CGE,CGE DISTRIBUCIÓN,Temuco,STxE-9-A,Aéreo,16843.5,13527.7,140.572,21.435,1038.48,1038.48,1038.48,1038.48,1038.48,12771.4,4072.1,140.572,21.435,33.414,153.183,1038.48,51.338,51.338,51.338,51.338,51.338,51.338,21.435,33275.5,23002.0,153.183,21.435,1038.48,1038.48,1038.48,1038.48,1038.48,23814.0,9461.5,153.183,21.435,93.877,102.297,0.855,1.778,2.931,3.738,4.084
2026-04,CGE,CGE DISTRIBUCIÓN,Temuco,STxE-9-S2,Subt.2,16843.5,13527.7,140.572,21.435,1038.48,1038.48,1038.48,1038.48,1038.48,12771.4,4072.1,140.572,21.435,33.414,153.183,1038.48,60.483,60.483,60.483,60.483,60.483,60.483,21.435,37424.4,25730.3,153.183,21.435,1038.48,1038.48,1038.48,1038.48,1038.48,26277.7,11146.8,153.183,21.435,93.877,102.297,0.855,1.778,2.931,3.738,4.084
2026-04,CGE,CGE DISTRIBUCIÓN,Teno,STxE-1-A,Aéreo,16682.0,13411.4,133.911,21.435,1038.48,1038.48,1038.48,1038.48,1038.48,12707.1,3975.0,133.911,21.435,33.414,145.923,1038.48,31.84,32.863,33.886,34.91,35.933,36.957,21.435,25141.1,17653.1,145.923,21.435,1038.48,1038.48,1038.48,1038.48,1038.48,20195.0,4946.1,145.923,21.435,88.278,96.197,0.855,1.778,2.931,3.738,4.084
2026-04,CGE,CGE DISTRIBUCIÓN,Tomé,STxE-2-A,Aéreo,16843.5,13527.7,140.572,21.435,1038.48,1038.48,1038.48,1038.48,1038.48,12771.4,4072.1,140.572,21.435,33.414,153.183,1038.48,51.338,51.338,51.338,51.338,51.338,51.338,21.435,33275.5,23002.0,153.183,21.435,1038.48,1038.48,1038.48,1038.48,1038.48,23814.0,9461.5,153.183,21.435,93.877,102.297,0.855,1.778,2.931,3.738,4.084
2026-04,CGE,CGE DISTRIBUCIÓN,Treguaco,STxE-26-A,Aéreo,16843.5,13527.7,140.572,21.435,1038.48,1038.48,1038.48,1038.48,1038.48,12771.4,4072.1,140.572,21.435,33.414,153.183,1038.48,51.338,51.338,51.338,51.338,51.338,51.338,21.435,33275.5,23002.0,153.183,21.435,1038.48,1038.48,1038.48,1038.48,1038.48,23814.0,9461.5,153.183,21.435,93.877,102.297,0.855,1.778,2.931,3.738,4.084
2026-04,CGE,CGE DISTRIBUCIÓN,Vichuquén,STxE-6-A,Aéreo,16682.0,13411.4,140.572,21.435,1038.48,1038.48,1038.48,1038.48,1038.48,12707.1,3975.0,140.572,21.435,33.414,153.183,1038.48,31.84,32.863,33.886,34.91,35.933,36.957,21.435,25141.1,17653.1,153.183,21.435,1038.48,1038.48,1038.48,1038.48,1038.48,20195.0,4946.1,153.183,21.435,93.877,102.297,0.855,1.778,2.931,3.738,4.084
2026-04,CGE,CGE DISTRIBUCIÓN,Vilcún,STxE-5-A,Aéreo,16843.5,13527.7,140.572,21.435,1038.48,1038.48,1038.48,1038.48,1038.48,12771.4,4072.1,140.572,21.435,33.414,153.183,1038.48,51.338,51.338,51.338,51.338,51.338,51.338,21.435,33275.5,23002.0,153.183,21.435,1038.48,1038.48,1038.48,1038.48,1038.48,23814.0,9461.5,153.183,21.435,93.877,102.297,0.855,1.778,2.931,3.738,4.084
2026-04,CGE,CGE DISTRIBUCIÓN,Villa Alegre,STxE-17-A,Aéreo,17001.4,13641.2,140.572,21.435,1038.48,1038.48,1038.48,1038.48,1038.48,12834.4,4167.0,140.572,21.435,33.414,153.183,1038.48,41.073,42.157,43.241,44.325,45.409,46.494,21.435,29052.7,20225.2,153.183,21.435,1038.48,1038.48,1038.48,1038.48,1038.48,22068.2,6984.5,153.183,21.435,93.877,102.297,0.855,1.778,2.931,3.738,4.084
2026-04,CGE,CGE DISTRIBUCIÓN,Villarrica,STxE-18-A,Aéreo,16843.5,13527.7,140.572,21.435,1038.48,1038.48,1038.48,1038.48,1038.48,12771.4,4072.1,140.572,21.435,33.414,153.183,1038.48,51.338,51.338,51.338,51.338,51.338,51.338,21.435,33275.5,23002.0,153.183,21.435,1038.48,1038.48,1038.48,1038.48,1038.48,23814.0,9461.5,153.183,21.435,93.877,102.297,0.855,1.778,2.931,3.738,4.084
2026-04,CGE,CGE DISTRIBUCIÓN,Yerbas Buenas,STxE-1-A,Aéreo,17001.4,13641.2,133.911,21.435,1038.48,1038.48,1038.48,1038.48,1038.48,12834.4,4167.0,133.911,21.435,33.414,145.923,1038.48,41.073,42.157,43.241,44.325,45.409,46.494,21.435,29052.7,20225.2,145.923,21.435,1038.48,1038.48,1038.48,1038.48,1038.48,22068.2,6984.5,145.923,21.435,88.278,96.197,0.855,1.778,2.931,3.738,4.084
2026-04,CGE,CGE DISTRIBUCIÓN,Ñiquén,STxE-24-A,Aéreo,16843.5,13527.7,140.572,21.435,1038.48,1038.48,1038.48,1038.48,1038.48,12771.4,4072.1,140.572,21.435,33.414,153.183,1038.48,51.338,51.338,51.338,51.338,51.338,51.338,21.435,33275.5,23002.0,153.183,21.435,1038.48,1038.48,1038.48,1038.48,1038.48,23814.0,9461.5,153.183,21.435,93.877,102.297,0.855,1.778,2.931,3.738,4.084
2026-03,CGE,CGE DISTRIBUCIÓN,Alhué,STxE-6-A,Aéreo,16741.8,13454.5,140.572,21.435,1038.62,1038.62,1038.62,1038.62,1038.62,12730.9,4010.9,140.572,21.435,33.414,153.183,1038.62,32.123,33.155,34.188,35.219,36.252,37.285,21.435,25275.7,17741.6,153.183,21.435,1038.62,1038.62,1038.62,1038.62,1038.62,20286.3,4989.4,153.183,21.435,93.877,102.297,0.855,1.778,2.931,3.738,4.084
2026-03,CGE,CGE DISTRIBUCIÓN,Buin,STxE-6-A,Aéreo,16741.8,13454.5,140.572,21.435,1038.62,1038.62,1038.62,1038.62,1038.62,12730.9,4010.9,140.572,21.435,33.414,153.183,1038.62,32.123,33.155,34.188,35.219,36.252,37.285,21.435,25275.7,17741.6,153.183,21.435,1038.62,1038.62,1038.62,1038.62,1038.62,20286.3,4989.4,153.183,21.435,93.877,102.297,0.855,1.778,2.931,3.738,4.084
2026-03,CGE,CGE DISTRIBUCIÓN,Calera de Tango,STxD-3-A,Aéreo,16457.2,13211.9,138.454,15.964,1038.62,1038.62,1038.62,1038.62,1038.62,12454.8,4002.6,138.454,15.964,32.516,150.873,1038.62,32.123,33.139,34.157,35.174,36.19,37.208,15.964,24975.8,17514.2,150.873,15.964,1038.62,1038.62,1038.62,1038.62,1038.62,19996.6,4979.1,150.873,15.964,92.096,100.357,0.855,1.778,2.931,3.738,4.084
2026-03,CGE,CGE DISTRIBUCIÓN,Cartagena,STxE-6-A,Aéreo,17064.1,13686.3,140.572,21.435,1038.62,1038.62,1038.62,1038.62,1038.62,12859.4,4204.7,140.572,21.435,33.414,153.183,1038.62,41.437,42.531,43.624,44.719,45.813,46.906,21.435,29222.0,20336.5,153.183,21.435,1038.62,1038.62,1038.62,1038.62,1038.62,22176.1,7045.9,153.183,21.435,93.877,102.297,0.855,1.778,2.931,3.738,4.084
2026-03,CGE,CGE DISTRIBUCIÓN,Cauquenes,STxE-6-A,Aéreo,16904.8,13571.7,140.572,21.435,1038.62,1038.62,1038.62,1038.62,1038.62,12795.8,4108.8,140.572,21.435,33.414,153.183,1038.62,51.794,51.794,51.794,51.794,51.794,51.794,21.435,33482.2,23138.0,153.183,21.435,1038.62,1038.62,1038.62,1038.62,1038.62,23937.4,9544.8,153.183,21.435,93.877,102.297,0.855,1.778,2.931,3.738,4.084
2026-03,CGE,CGE DISTRIBUCIÓN,Chanco,STxE-6-A,Aéreo,16741.8,13454.5,140.572,21.435,1038.62,1038.62,1038.62,1038.62,1038.62,12730.9,4010.9,140.572,21.435,33.414,153.183,1038.62,32.123,33.155,34.188,35.219,36.252,37.285,21.435,25275.7,17741.6,153.183,21.435,1038.62,1038.62,1038.62,1038.62,1038.62,20286.3,4989.4,153.183,21.435,93.877,102.297,0.855,1.778,2.931,3.738,4.084
2026-03,CGE,CGE DISTRIBUCIÓN,Chiguayante,STxE-2-A,Aéreo,16741.8,13454.5,140.572,21.435,1038.62,1038.62,1038.62,1038.62,1038.62,12730.9,4010.9,140.572,21.435,33.414,153.183,1038.62,32.123,33.155,34.188,35.219,36.252,37.285,21.435,25275.7,17741.6,153.183,21.435,1038.62,1038.62,1038.62,1038.62,1038.62,20286.3,4989.4,153.183,21.435,93.877,102.297,0.855,1.778,2.931,3.738,4.084
2026-03,CGE,CGE DISTRIBUCIÓN,Chillán,STxE-8-A,Aéreo,16904.8,13571.7,140.572,21.435,1038.62,1038.62,1038.62,1038.62,1038.62,12795.8,4108.8,140.572,21.435,33.414,153.183,1038.62,51.794,51.794,51.794,51.794,51.794,51.794,21.435,33482.2,23138.0,153.183,21.435,1038.62,1038.62,1038.62,1038.62,1038.62,23937.4,9544.8,153.183,21.435,93.877,102.297,0.855,1.778,2.931,3.738,4.084
2026-03,CGE,CGE DISTRIBUCIÓN,Chillán,STxE-8-S2,Subt.2,16904.8,13571.7,140.572,21.435,1038.62,1038.62,1038.62,1038.62,1038.62,12795.8,4108.8,140.572,21.435,33.414,153.183,1038.62,61.02,61.02,61.02,61.02,61.02,61.02,21.435,37668.0,25890.5,153.183,21.435,1038.62,1038.62,1038.62,1038.62,1038.62,26423.0,11245.0,153.183,21.435,93.877,102.297,0.855,1.778,2.931,3.738,4.084
2026-03,CGE,CGE DISTRIBUCIÓN,Chillán Viejo,STxE-12-A,Aéreo,16904.8,13571.7,140.572,21.435,1038.62,1038.62,1038.62,1038.62,1038.62,12795.8,4108.8,140.572,21.435,33.414,153.183,1038.62,51.794,51.794,51.794,51.794,51.794,51.794,21.435,33482.2,23138.0,153.183,21.435,1038.62,1038.62,1038.62,1038.62,1038.62,23937.4,9544.8,153.183,21.435,93.877,102.297,0.855,1.778,2.931,3.738,4.084
2026-03,CGE,CGE DISTRIBUCIÓN,Chimbarongo,STxE-1-A,Aéreo,16741.8,13454.5,140.572,21.435,1038.62,1038.62,1038.62,1038.62,1038.62,12730.9,4010.9,140.572,21.435,33.414,153.183,1038.62,32.123,33.155,34.188,35.219,36.252,37.285,21.435,25275.7,17741.6,153.183,21.435,1038.62,1038.62,1038.62,1038.62,1038.62,20286.3,4989.4,153.183,21.435,93.877,102.297,0.855,1.778,2.931,3.738,4.084
2026-03,CGE,CGE DISTRIBUCIÓN,Chépica,STxE-6-A,Aéreo,16741.8,13454.5,140.572,21.435,1038.62,1038.62,1038.62,1038.62,1038.62,12730.9,4010.9,140.572,21.435,33.414,153.183,1038.62,32.123,33.155,34.188,35.219,36.252,37.285,21.435,25275.7,17741.6,153.183,21.435,1038.62,1038.62,1038.62,1038.62,1038.62,20286.3,4989.4,153.183,21.435,93.877,102.297,0.855,1.778,2.931,3.738,4.084
2026-03,CGE,CGE DISTRIBUCIÓN,Cobquecura,STxE-6-A,Aéreo,16904.8,13571.7,140.572,21.435,1038.62,1038.62,1038.62,1038.62,1038.62,12795.8,4108.8,140.572,21.435,33.414,153.183,1038.62,51.794,51.794,51.794,51.794,51.794,51.794,21.435,33482.2,23138.0,153.183,21.435,1038.62,1038.62,1038.62,1038.62,1038.62,23937.4,9544.8,153.183,21.435,93.877,102.297,0.855,1.778,2.931,3.738,4.084
2026-03,CGE,CGE DISTRIBUCIÓN,Codegua,STxE-1-A,Aéreo,16741.8,13454.5,140.572,21.435,1038.62,1038.62,1038.62,1038.62,1038.62,12730.9,4010.9,140.572,21.435,33.414,153.183,1038.62,32.123,33.155,34.188,35.219,36.252,37.285,21.435,25275.7,17741.6,153.183,21.435,1038.62,1038.62,1038.62,1038.62,1038.62,20286.3,4989.4,153.183,21.435,93.877,102.297,0.855,1.778,2.931,3.738,4.084
2026-03,CGE,CGE DISTRIBUCIÓN,Coelemu,STxE-22-A,Aéreo,16904.8,13571.7,140.572,21.435,1038.62,1038.62,1038.62,1038.62,1038.62,12795.8,4108.8,140.572,21.435,33.414,153.183,1038.62,51.794,51.794,51.794,51.794,51.794,51.794,21.435,33482.2,23138.0,153.183,21.435,1038.62,1038.62,1038.62,1038.62,1038.62,23937.4,9544.8,153.183,21.435,93.877,102.297,0.855,1.778,2.931,3.738,4.084
2026-03,CGE,CGE DISTRIBUCIÓN,Coihueco,STxE-21-A,Aéreo,16904.8,13571.7,140.572,21.435,1038.62,1038.62,1038.62,1038.62,1038.62,12795.8,4108.8,140.572,21.435,33.414,153.183,1038.62,51.794,51.794,51.794,51.794,51.794,51.794,21.435,33482.2,23138.0,153.183,21.435,1038.62,1038.62,1038.62,1038.62,1038.62,23937.4,9544.8,153.183,21.435,93.877,102.297,0.855,1.778,2.931,3.738,4.084
2026-03,CGE,CGE DISTRIBUCIÓN,Coinco,STxE-1-A,Aéreo,16741.8,13454.5,140.572,21.435,1038.62,1038.62,1038.62,1038.62,1038.62,12730.9,4010.9,140.572,21.435,33.414,153.183,1038.62,32.123,33.155,34.188,35.219,36.252,37.285,21.435,25275.7,17741.6,153.183,21.435,1038.62,1038.62,1038.62,1038.62,1038.62,20286.3,4989.4,153.183,21.435,93.877,102.297,0.855,1.778,2.931,3.738,4.084
2026-03,CGE,CGE DISTRIBUCIÓN,Colbún,STxE-25-A,Aéreo,17064.1,13686.3,103.017,21.435,1038.62,1038.62,1038.62,1038.62,1038.62,12859.4,4204.7,103.017,21.435,33.414,112.257,1038.62,41.437,42.531,43.624,44.719,45.813,46.906,21.435,29222.0,20336.5,112.257,21.435,1038.62,1038.62,1038.62,1038.62,1038.62,22176.1,7045.9,112.257,21.435,62.317,67.907,0.855,1.778,2.931,3.738,4.084
2026-03,CGE,CGE DISTRIBUCIÓN,Coltauco,STxE-1-A,Aéreo,16741.8,13454.5,140.572,21.435,1038.62,1038.62,1038.62,1038.62,1038.62,12730.9,4010.9,140.572,21.435,33.414,153.183,1038.62,32.123,33.155,34.188,35.219,36.252,37.285,21.435,25275.7,17741.6,153.183,21.435,1038.62,1038.62,1038.62,1038.62,1038.62,20286.3,4989.4,153.183,21.435,93.877,102.297,0.855,1.778,2.931,3.738,4.084
2026-03,CGE,CGE DISTRIBUCIÓN,Concepción,STxE-2-A,Aéreo,16741.8,13454.5,140.572,21.435,1038.62,1038.62,1038.62,1038.62,1038.62,12730.9,4010.9,140.572,21.435,33.414,153.183,1038.62,32.123,33.155,34.188,35.219,36.252,37.285,21.435,25275.7,17741.6,153.183,21.435,1038.62,1038.62,1038.62,1038.62,1038.62,20286.3,4989.4,153.183,21.435,93.877,102.297,0.855,1.778,2.931,3.738,4.084
2026-03,CGE,CGE DISTRIBUCIÓN,Concepción,STxE-2-S1,Subt.1,21410.2,16811.8,140.572,21.435,1038.62,1038.62,1038.62,1038.62,1038.62,14591.7,6818.6,140.572,21.435,33.414,153.183,1038.62,41.26,42.585,43.911,45.238,46.564,47.889,21.435,29625.2,20601.6,153.183,21.435,1038.62,1038.62,1038.62,1038.62,1038.62,23216.5,6408.6,153.183,21.435,93.877,102.297,0.855,1.778,2.931,3.738,4.084
2026-03,CGE,CGE DISTRIBUCIÓN,Concepción,STxE-2-S2,Subt.2,16741.8,13454.5,140.572,21.435,1038.62,1038.62,1038.62,1038.62,1038.62,12730.9,4010.9,140.572,21.435,33.414,153.183,1038.62,37.844,39.061,40.277,41.494,42.71,43.926,21.435,27999.6,19532.8,153.183,21.435,1038.62,1038.62,1038.62,1038.62,1038.62,22121.4,5878.2,153.183,21.435,93.877,102.297,0.855,1.778,2.931,3.738,4.084
2026-03,CGE,CGE DISTRIBUCIÓN,Concepción,STxE-2-S3,Subt.3,21410.2,16811.8,140.572,21.435,1038.62,1038.62,1038.62,1038.62,1038.62,14591.7,6818.6,140.572,21.435,33.414,153.183,1038.62,46.981,47.58,48.178,48.777,49.375,49.974,21.435,32349.1,22392.8,153.183,21.435,1038.62,1038.62,1038.62,1038.62,1038.62,25051.6,7297.4,153.183,21.435,93.877,102.297,0.855,1.778,2.931,3.738,4.084
2026-03,CGE,CGE DISTRIBUCIÓN,Constitución,STxE-6-A,Aéreo,17064.1,13686.3,133.911,21.435,1038.62,1038.62,1038.62,1038.62,1038.62,12859.4,4204.7,133.911,21.435,33.414,145.923,1038.62,41.437,42.531,43.624,44.719,45.813,46.906,21.435,29222.0,20336.5,145.923,21.435,1038.62,1038.62,1038.62,1038.62,1038.62,22176.1,7045.9,145.923,21.435,88.278,96.197,0.855,1.778,2.931,3.738,4.084
2026-03,CGE,CGE DISTRIBUCIÓN,Coronel,STxE-10-A,Aéreo,16904.8,13571.7,68.232,21.435,1038.62,1038.62,1038.62,1038.62,1038.62,12795.8,4108.8,68.232,21.435,33.414,74.352,1038.62,51.794,51.794,51.794,51.794,51.794,51.794,21.435,33482.2,23138.0,74.352,21.435,1038.62,1038.62,1038.62,1038.62,1038.62,23937.4,9544.8,74.352,21.435,33.086,36.054,0.855,1.778,2.931,3.738,4.084
2026-03,CGE,CGE DISTRIBUCIÓN,Coronel,STxE-10-S2,Subt.2,16904.8,13571.7,68.232,21.435,1038.62,1038.62,1038.62,1038.62,1038.62,12795.8,4108.8,68.232,21.435,33.414,74.352,1038.62,61.02,61.02,61.02,61.02,61.02,61.02,21.435,37668.0,25890.5,74.352,21.435,1038.62,1038.62,1038.62,1038.62,1038.62,26423.0,11245.0,74.352,21.435,33.086,36.054,0.855,1.778,2.931,3.738,4.084
2026-03,CGE,CGE DISTRIBUCIÓN,Curacaví,STxD-3-A,Aéreo,16869.4,13508.3,138.454,15.964,1038.62,1038.62,1038.62,1038.62,1038.62,12619.0,4250.4,138.454,15.964,32.516,150.873,1038.62,41.437,42.633,43.829,45.025,46.221,47.417,15.964,29162.7,20267.5,150.873,15.964,1038.62,1038.62,1038.62,1038.62,1038.62,22040.3,7122.4,150.873,15.964,92.096,100.357,0.855,1.778,2.931,3.738,4.084
2026-03,CGE,CGE DISTRIBUCIÓN,Curarrehue,STxE-2-A,Aéreo,16741.8,13454.5,140.572,21.435,1038.62,1038.62,1038.62,1038.62,1038.62,12730.9,4010.9,140.572,21.435,33.414,153.183,1038.62,32.123,33.155,34.188,35.219,36.252,37.285,21.435,25275.7,17741.6,153.183,21.435,1038.62,1038.62,1038.62,1038.62,1038.62,20286.3,4989.4,153.183,21.435,93.877,102.297,0.855,1.778,2.931,3.738,4.084
2026-03,CGE,CGE DISTRIBUCIÓN,Curepto,STxE-6-A,Aéreo,16741.8,13454.5,140.572,21.435,1038.62,1038.62,1038.62,1038.62,1038.62,12730.9,4010.9,140.572,21.435,33.414,153.183,1038.62,32.123,33.155,34.188,35.219,36.252,37.285,21.435,25275.7,17741.6,153.183,21.435,1038.62,1038.62,1038.62,1038.62,1038.62,20286.3,4989.4,153.183,21.435,93.877,102.297,0.855,1.778,2.931,3.738,4.084
2026-03,CGE,CGE DISTRIBUCIÓN,Curicó,STxE-1-A,Aéreo,16741.8,13454.5,140.572,21.435,1038.62,1038.62,1038.62,1038.62,1038.62,12730.9,4010.9,140.572,21.435,33.414,153.183,1038.62,32.123,33.155,34.188,35.219,36.252,37.285,21.435,25275.7,17741.6,153.183,21.435,1038.62,1038.62,1038.62,1038.62,1038.62,20286.3,4989.4,153.183,21.435,93.877,102.297,0.855,1.778,2.931,3.738,4.084
2026-03,CGE,CGE DISTRIBUCIÓN,Doñihue,STxE-1-A,Aéreo,16741.8,13454.5,140.572,21.435,1038.62,1038.62,1038.62,1038.62,1038.62,12730.9,4010.9,140.572,21.435,33.414,153.183,1038.62,32.123,33.155,34.188,35.219,36.252,37.285,21.435,25275.7,17741.6,153.183,21.435,1038.62,1038.62,1038.62,1038.62,1038.62,20286.3,4989.4,153.183,21.435,93.877,102.297,0.855,1.778,2.931,3.738,4.084
2026-03,CGE,CGE DISTRIBUCIÓN,El Bosque,STxD-3-A,Aéreo,16457.2,13211.9,138.454,15.964,1038.62,1038.62,1038.62,1038.62,1038.62,12454.8,4002.6,138.454,15.964,32.516,150.873,1038.62,32.123,33.139,34.157,35.174,36.19,37.208,15.964,24975.8,17514.2,150.873,15.964,1038.62,1038.62,1038.62,1038.62,1038.62,19996.6,4979.1,150.873,15.964,92.096,100.357,0.855,1.778,2.931,3.738,4.084
2026-03,CGE,CGE DISTRIBUCIÓN,El Monte,STxE-6-A,Aéreo,16741.8,13454.5,140.572,21.435,1038.62,1038.62,1038.62,1038.62,1038.62,12730.9,4010.9,140.572,21.435,33.414,153.183,1038.62,32.123,33.155,34.188,35.219,36.252,37.285,21.435,25275.7,17741.6,153.183,21.435,1038.62,1038.62,1038.62,1038.62,1038.62,20286.3,4989.4,153.183,21.435,93.877,102.297,0.855,1.778,2.931,3.738,4.084
2026-03,CGE,CGE DISTRIBUCIÓN,Empedrado,STxE-6-A,Aéreo,16741.8,13454.5,140.572,21.435,1038.62,1038.62,1038.62,1038.62,1038.62,12730.9,4010.9,140.572,21.435,33.414,153.183,1038.62,32.123,33.155,34.188,35.219,36.252,37.285,21.435,25275.7,17741.6,153.183,21.435,1038.62,1038.62,1038.62,1038.62,1038.62,20286.3,4989.4,153.183,21.435,93.877,102.297,0.855,1.778,2.931,3.738,4.084
2026-03,CGE,CGE DISTRIBUCIÓN,Florida,STxE-23-A,Aéreo,16762.1,13469.1,140.572,21.435,1038.62,1038.62,1038.62,1038.62,1038.62,12739.0,4023.0,140.572,21.435,33.414,153.183,1038.62,69.058,69.058,69.058,69.058,69.058,69.058,21.435,40660.6,27858.4,153.183,21.435,1038.62,1038.62,1038.62,1038.62,1038.62,26974.3,13686.2,153.183,21.435,93.877,102.297,0.855,1.778,2.931,3.738,4.084
2026-03,CGE,CGE DISTRIBUCIÓN,Freire,STxE-2-A,Aéreo,16904.8,13571.7,140.572,21.435,1038.62,1038.62,1038.62,1038.62,1038.62,12795.8,4108.8,140.572,21.435,33.414,153.183,1038.62,51.794,51.794,51.794,51.794,51.794,51.794,21.435,33482.2,23138.0,153.183,21.435,1038.62,1038.62,1038.62,1038.62,1038.62,23937.4,9544.8,153.183,21.435,93.877,102.297,0.855,1.778,2.931,3.738,4.084
2026-03,CGE,CGE DISTRIBUCIÓN,Graneros,STxE-1-A,Aéreo,16741.8,13454.5,140.572,21.435,1038.62,1038.62,1038.62,1038.62,1038.62,12730.9,4010.9,140.572,21.435,33.414,153.183,1038.62,32.123,33.155,34.188,35.219,36.252,37.285,21.435,25275.7,17741.6,153.183,21.435,1038.62,1038.62,1038.62,1038.62,1038.62,20286.3,4989.4,153.183,21.435,93.877,102.297,0.855,1.778,2.931,3.738,4.084
2026-03,CGE,CGE DISTRIBUCIÓN,Hualañé,STxE-6-A,Aéreo,16741.8,13454.5,140.572,21.435,1038.62,1038.62,1038.62,1038.62,1038.62,12730.9,4010.9,140.572,21.435,33.414,153.183,1038.62,32.123,33.155,34.188,35.219,36.252,37.285,21.435,25275.7,17741.6,153.183,21.435,1038.62,1038.62,1038.62,1038.62,1038.62,20286.3,4989.4,153.183,21.435,93.877,102.297,0.855,1.778,2.931,3.738,4.084
2026-03,CGE,CGE DISTRIBUCIÓN,Hualpén,STxE-2-A,Aéreo,16741.8,13454.5,95.857,21.435,1038.62,1038.62,1038.62,1038.62,1038.62,12730.9,4010.9,95.857,21.435,33.414,104.456,1038.62,32.123,33.155,34.188,35.219,36.252,37.285,21.435,25275.7,17741.6,104.456,21.435,1038.62,1038.62,1038.62,1038.62,1038.62,20286.3,4989.4,104.456,21.435,56.3,61.351,0.855,1.778,2.931,3.738,4.084
2026-03,CGE,CGE DISTRIBUCIÓN,Hualqui,STxE-16-A,Aéreo,16762.1,13469.1,140.572,21.435,1038.62,1038.62,1038.62,1038.62,1038.62,12739.0,4023.0,140.572,21.435,33.414,153.183,1038.62,69.058,69.058,69.058,69.058,69.058,69.058,21.435,40660.6,27858.4,153.183,21.435,1038.62,1038.62,1038.62,1038.62,1038.62,26974.3,13686.2,153.183,21.435,93.877,102.297,0.855,1.778,2.931,3.738,4.084
2026-03,CGE,CGE DISTRIBUCIÓN,Isla de Maipo,STxE-1-A,Aéreo,16741.8,13454.5,140.572,21.435,1038.62,1038.62,1038.62,1038.62,1038.62,12730.9,4010.9,140.572,21.435,33.414,153.183,1038.62,32.123,33.155,34.188,35.219,36.252,37.285,21.435,25275.7,17741.6,153.183,21.435,1038.62,1038.62,1038.62,1038.62,1038.62,20286.3,4989.4,153.183,21.435,93.877,102.297,0.855,1.778,2.931,3.738,4.084
2026-03,CGE,CGE DISTRIBUCIÓN,La Estrella,STxE-6-A,Aéreo,16741.8,13454.5,119.496,21.435,1038.62,1038.62,1038.62,1038.62,1038.62,12730.9,4010.9,119.496,21.435,33.414,130.215,1038.62,32.123,33.155,34.188,35.219,36.252,37.285,21.435,25275.7,17741.6,130.215,21.435,1038.62,1038.62,1038.62,1038.62,1038.62,20286.3,4989.4,130.215,21.435,76.165,82.997,0.855,1.778,2.931,3.738,4.084
2026-03,CGE,CGE DISTRIBUCIÓN,La Pintana,STxD-3-A,Aéreo,16457.2,13211.9,138.454,15.964,1038.62,1038.62,1038.62,1038.62,1038.62,12454.8,4002.6,138.454,15.964,32.516,150.873,1038.62,32.123,33.139,34.157,35.174,36.19,37.208,15.964,24975.8,17514.2,150.873,15.964,1038.62,1038.62,1038.62,1038.62,1038.62,19996.6,4979.1,150.873,15.964,92.096,100.357,0.855,1.778,2.931,3.738,4.084
2026-03,CGE,CGE DISTRIBUCIÓN,Las Cabras,STxE-1-A,Aéreo,16741.8,13454.5,129.111,21.435,1038.62,1038.62,1038.62,1038.62,1038.62,12730.9,4010.9,129.111,21.435,33.414,140.693,1038.62,32.123,33.155,34.188,35.219,36.252,37.285,21.435,25275.7,17741.6,140.693,21.435,1038.62,1038.62,1038.62,1038.62,1038.62,20286.3,4989.4,140.693,21.435,84.244,91.8,0.855,1.778,2.931,3.738,4.084
2026-03,CGE,CGE DISTRIBUCIÓN,Lautaro,STxE-20-A,Aéreo,16904.8,13571.7,133.911,21.435,1038.62,1038.62,1038.62,1038.62,1038.62,12795.8,4108.8,133.911,21.435,33.414,145.923,1038.62,51.794,51.794,51.794,51.794,51.794,51.794,21.435,33482.2,23138.0,145.923,21.435,1038.62,1038.62,1038.62,1038.62,1038.62,23937.4,9544.8,145.923,21.435,88.278,96.197,0.855,1.778,2.931,3.738,4.084
2026-03,CGE,CGE DISTRIBUCIÓN,Licantén,STxE-6-A,Aéreo,16741.8,13454.5,140.572,21.435,1038.62,1038.62,1038.62,1038.62,1038.62,12730.9,4010.9,140.572,21.435,33.414,153.183,1038.62,32.123,33.155,34.188,35.219,36.252,37.285,21.435,25275.7,17741.6,153.183,21.435,1038.62,1038.62,1038.62,1038.62,1038.62,20286.3,4989.4,153.183,21.435,93.877,102.297,0.855,1.778,2.931,3.738,4.084
2026-03,CGE,CGE DISTRIBUCIÓN,Linares,STxE-13-A,Aéreo,17064.1,13686.3,140.572,21.435,1038.62,1038.62,1038.62,1038.62,1038.62,12859.4,4204.7,140.572,21.435,33.414,153.183,1038.62,41.437,42.531,43.624,44.719,45.813,46.906,21.435,29222.0,20336.5,153.183,21.435,1038.62,1038.62,1038.62,1038.62,1038.62,22176.1,7045.9,153.183,21.435,93.877,102.297,0.855,1.778,2.931,3.738,4.084
2026-03,CGE,CGE DISTRIBUCIÓN,Litueche,STxE-6-A,Aéreo,16741.8,13454.5,119.496,21.435,1038.62,1038.62,1038.62,1038.62,1038.62,12730.9,4010.9,119.496,21.435,33.414,130.215,1038.62,32.123,33.155,34.188,35.219,36.252,37.285,21.435,25275.7,17741.6,130.215,21.435,1038.62,1038.62,1038.62,1038.62,1038.62,20286.3,4989.4,130.215,21.435,76.165,82.997,0.855,1.778,2.931,3.738,4.084
2026-03,CGE,CGE DISTRIBUCIÓN,Lolol,STxE-6-A,Aéreo,16741.8,13454.5,140.572,21.435,1038.62,1038.62,1038.62,1038.62,1038.62,12730.9,4010.9,140.572,21.435,33.414,153.183,1038.62,32.123,33.155,34.188,35.219,36.252,37.285,21.435,25275.7,17741.6,153.183,21.435,1038.62,1038.62,1038.62,1038.62,1038.62,20286.3,4989.4,153.183,21.435,93.877,102.297,0.855,1.778,2.931,3.738,4.084
2026-03,CGE,CGE DISTRIBUCIÓN,Loncoche,STxE-18-A,Aéreo,16904.8,13571.7,140.572,21.435,1038.62,1038.62,1038.62,1038.62,1038.62,12795.8,4108.8,140.572,21.435,33.414,153.183,1038.62,51.794,51.794,51.794,51.794,51.794,51.794,21.435,33482.2,23138.0,153.183,21.435,1038.62,1038.62,1038.62,1038.62,1038.62,23937.4,9544.8,153.183,21.435,93.877,102.297,0.855,1.778,2.931,3.738,4.084
2026-03,CGE,CGE DISTRIBUCIÓN,Longaví,STxE-1-A,Aéreo,17064.1,13686.3,140.572,21.435,1038.62,1038.62,1038.62,1038.62,1038.62,12859.4,4204.7,140.572,21.435,33.414,153.183,1038.62,41.437,42.531,43.624,44.719,45.813,46.906,21.435,29222.0,20336.5,153.183,21.435,1038.62,1038.62,1038.62,1038.62,1038.62,22176.1,7045.9,153.183,21.435,93.877,102.297,0.855,1.778,2.931,3.738,4.084
2026-03,CGE,CGE DISTRIBUCIÓN,Los Ángeles,STxE-11-A,Aéreo,16762.1,13469.1,140.572,21.435,1038.62,1038.62,1038.62,1038.62,1038.62,12739.0,4023.0,140.572,21.435,33.414,153.183,1038.62,69.058,69.058,69.058,69.058,69.058,69.058,21.435,40660.6,27858.4,153.183,21.435,1038.62,1038.62,1038.62,1038.62,1038.62,26974.3,13686.2,153.183,21.435,93.877,102.297,0.855,1.778,2.931,3.738,4.084
2026-03,CGE,CGE DISTRIBUCIÓN,Machalí,STxE-1-A,Aéreo,16741.8,13454.5,133.911,21.435,1038.62,1038.62,1038.62,1038.62,1038.62,12730.9,4010.9,133.911,21.435,33.414,145.923,1038.62,32.123,33.155,34.188,35.219,36.252,37.285,21.435,25275.7,17741.6,145.923,21.435,1038.62,1038.62,1038.62,1038.62,1038.62,20286.3,4989.4,145.923,21.435,88.278,96.197,0.855,1.778,2.931,3.738,4.084
2026-03,CGE,CGE DISTRIBUCIÓN,Malloa,STxE-1-A,Aéreo,16741.8,13454.5,140.572,21.435,1038.62,1038.62,1038.62,1038.62,1038.62,12730.9,4010.9,140.572,21.435,33.414,153.183,1038.62,32.123,33.155,34.188,35.219,36.252,37.285,21.435,25275.7,17741.6,153.183,21.435,1038.62,1038.62,1038.62,1038.62,1038.62,20286.3,4989.4,153.183,21.435,93.877,102.297,0.855,1.778,2.931,3.738,4.084
2026-03,CGE,CGE DISTRIBUCIÓN,Marchihue,STxE-6-A,Aéreo,16741.8,13454.5,133.911,21.435,1038.62,1038.62,1038.62,1038.62,1038.62,12730.9,4010.9,133.911,21.435,33.414,145.923,1038.62,32.123,33.155,34.188,35.219,36.252,37.285,21.435,25275.7,17741.6,145.923,21.435,1038.62,1038.62,1038.62,1038.62,1038.62,20286.3,4989.4,145.923,21.435,88.278,96.197,0.855,1.778,2.931,3.738,4.084
2026-03,CGE,CGE DISTRIBUCIÓN,María Pinto,STxD-6-A,Aéreo,16457.2,13211.9,138.454,15.964,1038.62,1038.62,1038.62,1038.62,1038.62,12454.8,4002.6,138.454,15.964,32.516,150.873,1038.62,32.123,33.139,34.157,35.174,36.19,37.208,15.964,24975.8,17514.2,150.873,15.964,1038.62,1038.62,1038.62,1038.62,1038.62,19996.6,4979.1,150.873,15.964,92.096,100.357,0.855,1.778,2.931,3.738,4.084
2026-03,CGE,CGE DISTRIBUCIÓN,María Pinto,STxE-6-A,Aéreo,16741.8,13454.5,140.572,21.435,1038.62,1038.62,1038.62,1038.62,1038.62,12730.9,4010.9,140.572,21.435,33.414,153.183,1038.62,32.123,33.155,34.188,35.219,36.252,37.285,21.435,25275.7,17741.6,153.183,21.435,1038.62,1038.62,1038.62,1038.62,1038.62,20286.3,4989.4,153.183,21.435,93.877,102.297,0.855,1.778,2.931,3.738,4.084
2026-03,CGE,CGE DISTRIBUCIÓN,Maule,STxE-14-A,Aéreo,16741.8,13454.5,140.572,21.435,1038.62,1038.62,1038.62,1038.62,1038.62,12730.9,4010.9,140.572,21.435,33.414,153.183,1038.62,32.123,33.155,34.188,35.219,36.252,37.285,21.435,25275.7,17741.6,153.183,21.435,1038.62,1038.62,1038.62,1038.62,1038.62,20286.3,4989.4,153.183,21.435,93.877,102.297,0.855,1.778,2.931,3.738,4.084
2026-03,CGE,CGE DISTRIBUCIÓN,Melipilla,STxE-6-A,Aéreo,16741.8,13454.5,140.572,21.435,1038.62,1038.62,1038.62,1038.62,1038.62,12730.9,4010.9,140.572,21.435,33.414,153.183,1038.62,32.123,33.155,34.188,35.219,36.252,37.285,21.435,25275.7,17741.6,153.183,21.435,1038.62,1038.62,1038.62,1038.62,1038.62,20286.3,4989.4,153.183,21.435,93.877,102.297,0.855,1.778,2.931,3.738,4.084
2026-03,CGE,CGE DISTRIBUCIÓN,Molina,STxE-6-A,Aéreo,16741.8,13454.5,140.572,21.435,1038.62,1038.62,1038.62,1038.62,1038.62,12730.9,4010.9,140.572,21.435,33.414,153.183,1038.62,32.123,33.155,34.188,35.219,36.252,37.285,21.435,25275.7,17741.6,153.183,21.435,1038.62,1038.62,1038.62,1038.62,1038.62,20286.3,4989.4,153.183,21.435,93.877,102.297,0.855,1.778,2.931,3.738,4.084
2026-03,CGE,CGE DISTRIBUCIÓN,Mostazal,STxE-1-A,Aéreo,16741.8,13454.5,129.111,21.435,1038.62,1038.62,1038.62,1038.62,1038.62,12730.9,4010.9,129.111,21.435,33.414,140.693,1038.62,32.123,33.155,34.188,35.219,36.252,37.285,21.435,25275.7,17741.6,140.693,21.435,1038.62,1038.62,1038.62,1038.62,1038.62,20286.3,4989.4,140.693,21.435,84.244,91.8,0.855,1.778,2.931,3.738,4.084
2026-03,CGE,CGE DISTRIBUCIÓN,Mulchén,STxE-2-A,Aéreo,16904.8,13571.7,140.572,21.435,1038.62,1038.62,1038.62,1038.62,1038.62,12795.8,4108.8,140.572,21.435,33.414,153.183,1038.62,51.794,51.794,51.794,51.794,51.794,51.794,21.435,33482.2,23138.0,153.183,21.435,1038.62,1038.62,1038.62,1038.62,1038.62,23937.4,9544.8,153.183,21.435,93.877,102.297,0.855,1.778,2.931,3.738,4.084
2026-03,CGE,CGE DISTRIBUCIÓN,Nancagua,STxE-6-A,Aéreo,16741.8,13454.5,140.572,21.435,1038.62,1038.62,1038.62,1038.62,1038.62,12730.9,4010.9,140.572,21.435,33.414,153.183,1038.62,32.123,33.155,34.188,35.219,36.252,37.285,21.435,25275.7,17741.6,153.183,21.435,1038.62,1038.62,1038.62,1038.62,1038.62,20286.3,4989.4,153.183,21.435,93.877,102.297,0.855,1.778,2.931,3.738,4.084
2026-03,CGE,CGE DISTRIBUCIÓN,Navidad,STxE-6-A,Aéreo,16741.8,13454.5,140.572,21.435,1038.62,1038.62,1038.62,1038.62,1038.62,12730.9,4010.9,140.572,21.435,33.414,153.183,1038.62,32.123,33.155,34.188,35.219,36.252,37.285,21.435,25275.7,17741.6,153.183,21.435,1038.62,1038.62,1038.62,1038.62,1038.62,20286.3,4989.4,153.183,21.435,93.877,102.297,0.855,1.778,2.931,3.738,4.084
2026-03,CGE,CGE DISTRIBUCIÓN,Ninhue,STxE-27-A,Aéreo,16904.8,13571.7,140.572,21.435,1038.62,1038.62,1038.62,1038.62,1038.62,12795.8,4108.8,140.572,21.435,33.414,153.183,1038.62,51.794,51.794,51.794,51.794,51.794,51.794,21.435,33482.2,23138.0,153.183,21.435,1038.62,1038.62,1038.62,1038.62,1038.62,23937.4,9544.8,153.183,21.435,93.877,102.297,0.855,1.778,2.931,3.738,4.084
2026-03,CGE,CGE DISTRIBUCIÓN,Olivar,STxE-1-A,Aéreo,16741.8,13454.5,140.572,21.435,1038.62,1038.62,1038.62,1038.62,1038.62,12730.9,4010.9,140.572,21.435,33.414,153.183,1038.62,32.123,33.155,34.188,35.219,36.252,37.285,21.435,25275.7,17741.6,153.183,21.435,1038.62,1038.62,1038.62,1038.62,1038.62,20286.3,4989.4,153.183,21.435,93.877,102.297,0.855,1.778,2.931,3.738,4.084
2026-03,CGE,CGE DISTRIBUCIÓN,Padre Hurtado,STxD-3-A,Aéreo,16457.2,13211.9,138.454,15.964,1038.62,1038.62,1038.62,1038.62,1038.62,12454.8,4002.6,138.454,15.964,32.516,150.873,1038.62,32.123,33.139,34.157,35.174,36.19,37.208,15.964,24975.8,17514.2,150.873,15.964,1038.62,1038.62,1038.62,1038.62,1038.62,19996.6,4979.1,150.873,15.964,92.096,100.357,0.855,1.778,2.931,3.738,4.084
2026-03,CGE,CGE DISTRIBUCIÓN,Padre las Casas,STxE-20-A,Aéreo,16904.8,13571.7,140.572,21.435,1038.62,1038.62,1038.62,1038.62,1038.62,12795.8,4108.8,140.572,21.435,33.414,153.183,1038.62,51.794,51.794,51.794,51.794,51.794,51.794,21.435,33482.2,23138.0,153.183,21.435,1038.62,1038.62,1038.62,1038.62,1038.62,23937.4,9544.8,153.183,21.435,93.877,102.297,0.855,1.778,2.931,3.738,4.084
2026-03,CGE,CGE DISTRIBUCIÓN,Paine,STxE-1-A,Aéreo,16741.8,13454.5,140.572,21.435,1038.62,1038.62,1038.62,1038.62,1038.62,12730.9,4010.9,140.572,21.435,33.414,153.183,1038.62,32.123,33.155,34.188,35.219,36.252,37.285,21.435,25275.7,17741.6,153.183,21.435,1038.62,1038.62,1038.62,1038.62,1038.62,20286.3,4989.4,153.183,21.435,93.877,102.297,0.855,1.778,2.931,3.738,4.084
2026-03,CGE,CGE DISTRIBUCIÓN,Palmilla,STxE-6-A,Aéreo,16741.8,13454.5,140.572,21.435,1038.62,1038.62,1038.62,1038.62,1038.62,12730.9,4010.9,140.572,21.435,33.414,153.183,1038.62,32.123,33.155,34.188,35.219,36.252,37.285,21.435,25275.7,17741.6,153.183,21.435,1038.62,1038.62,1038.62,1038.62,1038.62,20286.3,4989.4,153.183,21.435,93.877,102.297,0.855,1.778,2.931,3.738,4.084
2026-03,CGE,CGE DISTRIBUCIÓN,Paredones,STxE-6-A,Aéreo,16741.8,13454.5,140.572,21.435,1038.62,1038.62,1038.62,1038.62,1038.62,12730.9,4010.9,140.572,21.435,33.414,153.183,1038.62,32.123,33.155,34.188,35.219,36.252,37.285,21.435,25275.7,17741.6,153.183,21.435,1038.62,1038.62,1038.62,1038.62,1038.62,20286.3,4989.4,153.183,21.435,93.877,102.297,0.855,1.778,2.931,3.738,4.084
2026-03,CGE,CGE DISTRIBUCIÓN,Parral,STxE-25-A,Aéreo,16904.8,13571.7,140.572,21.435,1038.62,1038.62,1038.62,1038.62,1038.62,12795.8,4108.8,140.572,21.435,33.414,153.183,1038.62,51.794,51.794,51.794,51.794,51.794,51.794,21.435,33482.2,23138.0,153.183,21.435,1038.62,1038.62,1038.62,1038.62,1038.62,23937.4,9544.8,153.183,21.435,93.877,102.297,0.855,1.778,2.931,3.738,4.084
2026-03,CGE,CGE DISTRIBUCIÓN,Pelarco,STxE-4-A,Aéreo,16741.8,13454.5,140.572,21.435,1038.62,1038.62,1038.62,1038.62,1038.62,12730.9,4010.9,140.572,21.435,33.414,153.183,1038.62,32.123,33.155,34.188,35.219,36.252,37.285,21.435,25275.7,17741.6,153.183,21.435,1038.62,1038.62,1038.62,1038.62,1038.62,20286.3,4989.4,153.183,21.435,93.877,102.297,0.855,1.778,2.931,3.738,4.084
2026-03,CGE,CGE DISTRIBUCIÓN,Pelluhue,STxE-6-A,Aéreo,16741.8,13454.5,140.572,21.435,1038.62,1038.62,1038.62,1038.62,1038.62,12730.9,4010.9,140.572,21.435,33.414,153.183,1038.62,32.123,33.155,34.188,35.219,36.252,37.285,21.435,25275.7,17741.6,153.183,21.435,1038.62,1038.62,1038.62,1038.62,1038.62,20286.3,4989.4,153.183,21.435,93.877,102.297,0.855,1.778,2.931,3.738,4.084
2026-03,CGE,CGE DISTRIBUCIÓN,Pencahue,STxE-14-A,Aéreo,16741.8,13454.5,140.572,21.435,1038.62,1038.62,1038.62,1038.62,1038.62,12730.9,4010.9,140.572,21.435,33.414,153.183,1038.62,32.123,33.155,34.188,35.219,36.252,37.285,21.435,25275.7,17741.6,153.183,21.435,1038.62,1038.62,1038.62,1038.62,1038.62,20286.3,4989.4,153.183,21.435,93.877,102.297,0.855,1.778,2.931,3.738,4.084
2026-03,CGE,CGE DISTRIBUCIÓN,Penco,STxE-2-A,Aéreo,16741.8,13454.5,140.572,21.435,1038.62,1038.62,1038.62,1038.62,1038.62,12730.9,4010.9,140.572,21.435,33.414,153.183,1038.62,32.123,33.155,34.188,35.219,36.252,37.285,21.435,25275.7,17741.6,153.183,21.435,1038.62,1038.62,1038.62,1038.62,1038.62,20286.3,4989.4,153.183,21.435,93.877,102.297,0.855,1.778,2.931,3.738,4.084
2026-03,CGE,CGE DISTRIBUCIÓN,Peralillo,STxE-6-A,Aéreo,16741.8,13454.5,140.572,21.435,1038.62,1038.62,1038.62,1038.62,1038.62,12730.9,4010.9,140.572,21.435,33.414,153.183,1038.62,32.123,33.155,34.188,35.219,36.252,37.285,21.435,25275.7,17741.6,153.183,21.435,1038.62,1038.62,1038.62,1038.62,1038.62,20286.3,4989.4,153.183,21.435,93.877,102.297,0.855,1.778,2.931,3.738,4.084
2026-03,CGE,CGE DISTRIBUCIÓN,Peumo,STxE-1-A,Aéreo,16741.8,13454.5,140.572,21.435,1038.62,1038.62,1038.62,1038.62,1038.62,12730.9,4010.9,140.572,21.435,33.414,153.183,1038.62,32.123,33.155,34.188,35.219,36.252,37.285,21.435,25275.7,17741.6,153.183,21.435,1038.62,1038.62,1038.62,1038.62,1038.62,20286.3,4989.4,153.183,21.435,93.877,102.297,0.855,1.778,2.931,3.738,4.084
2026-03,CGE,CGE DISTRIBUCIÓN,Peñaflor,STxD-3-A,Aéreo,16457.2,13211.9,138.454,15.964,1038.62,1038.62,1038.62,1038.62,1038.62,12454.8,4002.6,138.454,15.964,32.516,150.873,1038.62,32.123,33.139,34.157,35.174,36.19,37.208,15.964,24975.8,17514.2,150.873,15.964,1038.62,1038.62,1038.62,1038.62,1038.62,19996.6,4979.1,150.873,15.964,92.096,100.357,0.855,1.778,2.931,3.738,4.084
2026-03,CGE,CGE DISTRIBUCIÓN,Peñaflor,STxE-3-A,Aéreo,16578.0,13336.7,140.572,21.435,1038.62,1038.62,1038.62,1038.62,1038.62,12665.6,3912.4,140.572,21.435,33.414,153.183,1038.62,32.123,32.971,33.821,34.671,35.52,36.369,21.435,24900.3,17494.7,153.183,21.435,1038.62,1038.62,1038.62,1038.62,1038.62,20033.3,4867.0,153.183,21.435,93.877,102.297,0.855,1.778,2.931,3.738,4.084
2026-03,CGE,CGE DISTRIBUCIÓN,Pichidegua,STxE-1-A,Aéreo,16741.8,13454.5,129.111,21.435,1038.62,1038.62,1038.62,1038.62,1038.62,12730.9,4010.9,129.111,21.435,33.414,140.693,1038.62,32.123,33.155,34.188,35.219,36.252,37.285,21.435,25275.7,17741.6,140.693,21.435,1038.62,1038.62,1038.62,1038.62,1038.62,20286.3,4989.4,140.693,21.435,84.244,91.8,0.855,1.778,2.931,3.738,4.084
2026-03,CGE,CGE DISTRIBUCIÓN,Pichilemu,STxE-6-A,Aéreo,16741.8,13454.5,140.572,21.435,1038.62,1038.62,1038.62,1038.62,1038.62,12730.9,4010.9,140.572,21.435,33.414,153.183,1038.62,32.123,33.155,34.188,35.219,36.252,37.285,21.435,25275.7,17741.6,153.183,21.435,1038.62,1038.62,1038.62,1038.62,1038.62,20286.3,4989.4,153.183,21.435,93.877,102.297,0.855,1.778,2.931,3.738,4.084
2026-03,CGE,CGE DISTRIBUCIÓN,Pinto,STxE-26-A,Aéreo,16904.8,13571.7,140.572,21.435,1038.62,1038.62,1038.62,1038.62,1038.62,12795.8,4108.8,140.572,21.435,33.414,153.183,1038.62,51.794,51.794,51.794,51.794,51.794,51.794,21.435,33482.2,23138.0,153.183,21.435,1038.62,1038.62,1038.62,1038.62,1038.62,23937.4,9544.8,153.183,21.435,93.877,102.297,0.855,1.778,2.931,3.738,4.084
2026-03,CGE,CGE DISTRIBUCIÓN,Pirque,STxD-1-A,Aéreo,16457.2,13211.9,131.92,15.964,1038.62,1038.62,1038.62,1038.62,1038.62,12454.8,4002.6,131.92,15.964,32.516,143.753,1038.62,32.123,33.139,34.157,35.174,36.19,37.208,15.964,24975.8,17514.2,143.753,15.964,1038.62,1038.62,1038.62,1038.62,1038.62,19996.6,4979.1,143.753,15.964,86.606,94.374,0.855,1.778,2.931,3.738,4.084
2026-03,CGE,CGE DISTRIBUCIÓN,Pitrufquén,STxE-20-A,Aéreo,16904.8,13571.7,140.572,21.435,1038.62,1038.62,1038.62,1038.62,1038.62,12795.8,4108.8,140.572,21.435,33.414,153.183,1038.62,51.794,51.794,51.794,51.794,51.794,51.794,21.435,33482.2,23138.0,153.183,21.435,1038.62,1038.62,1038.62,1038.62,1038.62,23937.4,9544.8,153.183,21.435,93.877,102.297,0.855,1.778,2.931,3.738,4.084
2026-03,CGE,CGE DISTRIBUCIÓN,Placilla,STxE-6-A,Aéreo,16741.8,13454.5,140.572,21.435,1038.62,1038.62,1038.62,1038.62,1038.62,12730.9,4010.9,140.572,21.435,33.414,153.183,1038.62,32.123,33.155,34.188,35.219,36.252,37.285,21.435,25275.7,17741.6,153.183,21.435,1038.62,1038.62,1038.62,1038.62,1038.62,20286.3,4989.4,153.183,21.435,93.877,102.297,0.855,1.778,2.931,3.738,4.084
2026-03,CGE,CGE DISTRIBUCIÓN,Portezuelo,STxE-26-A,Aéreo,16904.8,13571.7,140.572,21.435,1038.62,1038.62,1038.62,1038.62,1038.62,12795.8,4108.8,140.572,21.435,33.414,153.183,1038.62,51.794,51.794,51.794,51.794,51.794,51.794,21.435,33482.2,23138.0,153.183,21.435,1038.62,1038.62,1038.62,1038.62,1038.62,23937.4,9544.8,153.183,21.435,93.877,102.297,0.855,1.778,2.931,3.738,4.084
2026-03,CGE,CGE DISTRIBUCIÓN,Pucón,STxE-2-A,Aéreo,16741.8,13454.5,140.572,21.435,1038.62,1038.62,1038.62,1038.62,1038.62,12730.9,4010.9,140.572,21.435,33.414,153.183,1038.62,32.123,33.155,34.188,35.219,36.252,37.285,21.435,25275.7,17741.6,153.183,21.435,1038.62,1038.62,1038.62,1038.62,1038.62,20286.3,4989.4,153.183,21.435,93.877,102.297,0.855,1.778,2.931,3.738,4.084
2026-03,CGE,CGE DISTRIBUCIÓN,Puente Alto,STxD-3-A,Aéreo,17092.9,13669.1,138.454,15.964,1038.62,1038.62,1038.62,1038.62,1038.62,12708.1,4384.9,138.454,15.964,32.516,150.873,1038.62,27.625,28.622,29.619,30.616,31.614,32.611,15.964,23090.5,16274.6,150.873,15.964,1038.62,1038.62,1038.62,1038.62,1038.62,19527.9,3562.6,150.873,15.964,92.096,100.357,0.855,1.778,2.931,3.738,4.084
2026-03,CGE,CGE DISTRIBUCIÓN,Pumanque,STxE-6-A,Aéreo,16741.8,13454.5,140.572,21.435,1038.62,1038.62,1038.62,1038.62,1038.62,12730.9,4010.9,140.572,21.435,33.414,153.183,1038.62,32.123,33.155,34.188,35.219,36.252,37.285,21.435,25275.7,17741.6,153.183,21.435,1038.62,1038.62,1038.62,1038.62,1038.62,20286.3,4989.4,153.183,21.435,93.877,102.297,0.855,1.778,2.931,3.738,4.084
2026-03,CGE,CGE DISTRIBUCIÓN,Quinta de Tilcoco,STxE-1-A,Aéreo,16741.8,13454.5,140.572,21.435,1038.62,1038.62,1038.62,1038.62,1038.62,12730.9,4010.9,140.572,21.435,33.414,153.183,1038.62,32.123,33.155,34.188,35.219,36.252,37.285,21.435,25275.7,17741.6,153.183,21.435,1038.62,1038.62,1038.62,1038.62,1038.62,20286.3,4989.4,153.183,21.435,93.877,102.297,0.855,1.778,2.931,3.738,4.084
2026-03,CGE,CGE DISTRIBUCIÓN,Quirihue,STxE-6-A,Aéreo,16904.8,13571.7,140.572,21.435,1038.62,1038.62,1038.62,1038.62,1038.62,12795.8,4108.8,140.572,21.435,33.414,153.183,1038.62,51.794,51.794,51.794,51.794,51.794,51.794,21.435,33482.2,23138.0,153.183,21.435,1038.62,1038.62,1038.62,1038.62,1038.62,23937.4,9544.8,153.183,21.435,93.877,102.297,0.855,1.778,2.931,3.738,4.084
2026-03,CGE,CGE DISTRIBUCIÓN,Rancagua,STxE-1-A,Aéreo,16741.8,13454.5,140.572,21.435,1038.62,1038.62,1038.62,1038.62,1038.62,12730.9,4010.9,140.572,21.435,33.414,153.183,1038.62,32.123,33.155,34.188,35.219,36.252,37.285,21.435,25275.7,17741.6,153.183,21.435,1038.62,1038.62,1038.62,1038.62,1038.62,20286.3,4989.4,153.183,21.435,93.877,102.297,0.855,1.778,2.931,3.738,4.084
2026-03,CGE,CGE DISTRIBUCIÓN,Rancagua,STxE-1-S1,Subt.1,21410.2,16811.8,140.572,21.435,1038.62,1038.62,1038.62,1038.62,1038.62,14591.7,6818.6,140.572,21.435,33.414,153.183,1038.62,41.26,42.585,43.911,45.238,46.564,47.889,21.435,29625.2,20601.6,153.183,21.435,1038.62,1038.62,1038.62,1038.62,1038.62,23216.5,6408.6,153.183,21.435,93.877,102.297,0.855,1.778,2.931,3.738,4.084
2026-03,CGE,CGE DISTRIBUCIÓN,Rancagua,STxE-1-S2,Subt.2,16741.8,13454.5,140.572,21.435,1038.62,1038.62,1038.62,1038.62,1038.62,12730.9,4010.9,140.572,21.435,33.414,153.183,1038.62,37.844,39.061,40.277,41.494,42.71,43.926,21.435,27999.6,19532.8,153.183,21.435,1038.62,1038.62,1038.62,1038.62,1038.62,22121.4,5878.2,153.183,21.435,93.877,102.297,0.855,1.778,2.931,3.738,4.084
2026-03,CGE,CGE DISTRIBUCIÓN,Rancagua,STxE-1-S3,Subt.3,21410.2,16811.8,140.572,21.435,1038.62,1038.62,1038.62,1038.62,1038.62,14591.7,6818.6,140.572,21.435,33.414,153.183,1038.62,46.981,47.58,48.178,48.777,49.375,49.974,21.435,32349.1,22392.8,153.183,21.435,1038.62,1038.62,1038.62,1038.62,1038.62,25051.6,7297.4,153.183,21.435,93.877,102.297,0.855,1.778,2.931,3.738,4.084
2026-03,CGE,CGE DISTRIBUCIÓN,Rauco,STxE-1-A,Aéreo,16741.8,13454.5,140.572,21.435,1038.62,1038.62,1038.62,1038.62,1038.62,12730.9,4010.9,140.572,21.435,33.414,153.183,1038.62,32.123,33.155,34.188,35.219,36.252,37.285,21.435,25275.7,17741.6,153.183,21.435,1038.62,1038.62,1038.62,1038.62,1038.62,20286.3,4989.4,153.183,21.435,93.877,102.297,0.855,1.778,2.931,3.738,4.084
2026-03,CGE,CGE DISTRIBUCIÓN,Rengo,STxE-1-A,Aéreo,16741.8,13454.5,140.572,21.435,1038.62,1038.62,1038.62,1038.62,1038.62,12730.9,4010.9,140.572,21.435,33.414,153.183,1038.62,32.123,33.155,34.188,35.219,36.252,37.285,21.435,25275.7,17741.6,153.183,21.435,1038.62,1038.62,1038.62,1038.62,1038.62,20286.3,4989.4,153.183,21.435,93.877,102.297,0.855,1.778,2.931,3.738,4.084
2026-03,CGE,CGE DISTRIBUCIÓN,Requínoa,STxE-1-A,Aéreo,16741.8,13454.5,133.911,21.435,1038.62,1038.62,1038.62,1038.62,1038.62,12730.9,4010.9,133.911,21.435,33.414,145.923,1038.62,32.123,33.155,34.188,35.219,36.252,37.285,21.435,25275.7,17741.6,145.923,21.435,1038.62,1038.62,1038.62,1038.62,1038.62,20286.3,4989.4,145.923,21.435,88.278,96.197,0.855,1.778,2.931,3.738,4.084
2026-03,CGE,CGE DISTRIBUCIÓN,Retiro,STxE-25-A,Aéreo,16904.8,13571.7,140.572,21.435,1038.62,1038.62,1038.62,1038.62,1038.62,12795.8,4108.8,140.572,21.435,33.414,153.183,1038.62,51.794,51.794,51.794,51.794,51.794,51.794,21.435,33482.2,23138.0,153.183,21.435,1038.62,1038.62,1038.62,1038.62,1038.62,23937.4,9544.8,153.183,21.435,93.877,102.297,0.855,1.778,2.931,3.738,4.084
2026-03,CGE,CGE DISTRIBUCIÓN,Romeral,STxE-1-A,Aéreo,16741.8,13454.5,140.572,21.435,1038.62,1038.62,1038.62,1038.62,1038.62,12730.9,4010.9,140.572,21.435,33.414,153.183,1038.62,32.123,33.155,34.188,35.219,36.252,37.285,21.435,25275.7,17741.6,153.183,21.435,1038.62,1038.62,1038.62,1038.62,1038.62,20286.3,4989.4,153.183,21.435,93.877,102.297,0.855,1.778,2.931,3.738,4.084
2026-03,CGE,CGE DISTRIBUCIÓN,Ránquil,STxE-6-A,Aéreo,16904.8,13571.7,129.111,21.435,1038.62,1038.62,1038.62,1038.62,1038.62,12795.8,4108.8,129.111,21.435,33.414,140.693,1038.62,51.794,51.794,51.794,51.794,51.794,51.794,21.435,33482.2,23138.0,140.693,21.435,1038.62,1038.62,1038.62,1038.62,1038.62,23937.4,9544.8,140.693,21.435,84.244,91.8,0.855,1.778,2.931,3.738,4.084
2026-03,CGE,CGE DISTRIBUCIÓN,Río Claro,STxE-14-A,Aéreo,16741.8,13454.5,140.572,21.435,1038.62,1038.62,1038.62,1038.62,1038.62,12730.9,4010.9,140.572,21.435,33.414,153.183,1038.62,32.123,33.155,34.188,35.219,36.252,37.285,21.435,25275.7,17741.6,153.183,21.435,1038.62,1038.62,1038.62,1038.62,1038.62,20286.3,4989.4,153.183,21.435,93.877,102.297,0.855,1.778,2.931,3.738,4.084
2026-03,CGE,CGE DISTRIBUCIÓN,Sagrada Familia,STxE-1-A,Aéreo,16741.8,13454.5,140.572,21.435,1038.62,1038.62,1038.62,1038.62,1038.62,12730.9,4010.9,140.572,21.435,33.414,153.183,1038.62,32.123,33.155,34.188,35.219,36.252,37.285,21.435,25275.7,17741.6,153.183,21.435,1038.62,1038.62,1038.62,1038.62,1038.62,20286.3,4989.4,153.183,21.435,93.877,102.297,0.855,1.778,2.931,3.738,4.084
2026-03,CGE,CGE DISTRIBUCIÓN,San Antonio,STxE-6-A,Aéreo,16741.8,13454.5,140.572,21.435,1038.62,1038.62,1038.62,1038.62,1038.62,12730.9,4010.9,140.572,21.435,33.414,153.183,1038.62,32.123,33.155,34.188,35.219,36.252,37.285,21.435,25275.7,17741.6,153.183,21.435,1038.62,1038.62,1038.62,1038.62,1038.62,20286.3,4989.4,153.183,21.435,93.877,102.297,0.855,1.778,2.931,3.738,4.084
2026-03,CGE,CGE DISTRIBUCIÓN,San Bernardo,STxD-3-A,Aéreo,16457.2,13211.9,138.454,15.964,1038.62,1038.62,1038.62,1038.62,1038.62,12454.8,4002.6,138.454,15.964,32.516,150.873,1038.62,32.123,33.139,34.157,35.174,36.19,37.208,15.964,24975.8,17514.2,150.873,15.964,1038.62,1038.62,1038.62,1038.62,1038.62,19996.6,4979.1,150.873,15.964,92.096,100.357,0.855,1.778,2.931,3.738,4.084
2026-03,CGE,CGE DISTRIBUCIÓN,San Carlos,STxE-19-A,Aéreo,16904.8,13571.7,140.572,21.435,1038.62,1038.62,1038.62,1038.62,1038.62,12795.8,4108.8,140.572,21.435,33.414,153.183,1038.62,51.794,51.794,51.794,51.794,51.794,51.794,21.435,33482.2,23138.0,153.183,21.435,1038.62,1038.62,1038.62,1038.62,1038.62,23937.4,9544.8,153.183,21.435,93.877,102.297,0.855,1.778,2.931,3.738,4.084
2026-03,CGE,CGE DISTRIBUCIÓN,San Clemente,STxE-25-A,Aéreo,16741.8,13454.5,129.111,21.435,1038.62,1038.62,1038.62,1038.62,1038.62,12730.9,4010.9,129.111,21.435,33.414,140.693,1038.62,32.123,33.155,34.188,35.219,36.252,37.285,21.435,25275.7,17741.6,140.693,21.435,1038.62,1038.62,1038.62,1038.62,1038.62,20286.3,4989.4,140.693,21.435,84.244,91.8,0.855,1.778,2.931,3.738,4.084
2026-03,CGE,CGE DISTRIBUCIÓN,San Fabián,STxE-26-A,Aéreo,16904.8,13571.7,140.572,21.435,1038.62,1038.62,1038.62,1038.62,1038.62,12795.8,4108.8,140.572,21.435,33.414,153.183,1038.62,51.794,51.794,51.794,51.794,51.794,51.794,21.435,33482.2,23138.0,153.183,21.435,1038.62,1038.62,1038.62,1038.62,1038.62,23937.4,9544.8,153.183,21.435,93.877,102.297,0.855,1.778,2.931,3.738,4.084
2026-03,CGE,CGE DISTRIBUCIÓN,San Fernando,STxE-1-A,Aéreo,16741.8,13454.5,133.911,21.435,1038.62,1038.62,1038.62,1038.62,1038.62,12730.9,4010.9,133.911,21.435,33.414,145.923,1038.62,32.123,33.155,34.188,35.219,36.252,37.285,21.435,25275.7,17741.6,145.923,21.435,1038.62,1038.62,1038.62,1038.62,1038.62,20286.3,4989.4,145.923,21.435,88.278,96.197,0.855,1.778,2.931,3.738,4.084
2026-03,CGE,CGE DISTRIBUCIÓN,San Javier,STxE-15-A,Aéreo,17064.1,13686.3,140.572,21.435,1038.62,1038.62,1038.62,1038.62,1038.62,12859.4,4204.7,140.572,21.435,33.414,153.183,1038.62,41.437,42.531,43.624,44.719,45.813,46.906,21.435,29222.0,20336.5,153.183,21.435,1038.62,1038.62,1038.62,1038.62,1038.62,22176.1,7045.9,153.183,21.435,93.877,102.297,0.855,1.778,2.931,3.738,4.084
2026-03,CGE,CGE DISTRIBUCIÓN,San José de Maipo,STxD-3-A,Aéreo,16457.2,13211.9,127.21,15.964,1038.62,1038.62,1038.62,1038.62,1038.62,12454.8,4002.6,127.21,15.964,32.516,138.621,1038.62,32.123,33.139,34.157,35.174,36.19,37.208,15.964,24975.8,17514.2,138.621,15.964,1038.62,1038.62,1038.62,1038.62,1038.62,19996.6,4979.1,138.621,15.964,82.647,90.061,0.855,1.778,2.931,3.738,4.084
2026-03,CGE,CGE DISTRIBUCIÓN,San Nicolás,STxE-21-A,Aéreo,16904.8,13571.7,140.572,21.435,1038.62,1038.62,1038.62,1038.62,1038.62,12795.8,4108.8,140.572,21.435,33.414,153.183,1038.62,51.794,51.794,51.794,51.794,51.794,51.794,21.435,33482.2,23138.0,153.183,21.435,1038.62,1038.62,1038.62,1038.62,1038.62,23937.4,9544.8,153.183,21.435,93.877,102.297,0.855,1.778,2.931,3.738,4.084
2026-03,CGE,CGE DISTRIBUCIÓN,San Pedro,STxE-6-A,Aéreo,16741.8,13454.5,133.911,21.435,1038.62,1038.62,1038.62,1038.62,1038.62,12730.9,4010.9,133.911,21.435,33.414,145.923,1038.62,32.123,33.155,34.188,35.219,36.252,37.285,21.435,25275.7,17741.6,145.923,21.435,1038.62,1038.62,1038.62,1038.62,1038.62,20286.3,4989.4,145.923,21.435,88.278,96.197,0.855,1.778,2.931,3.738,4.084
2026-03,CGE,CGE DISTRIBUCIÓN,San Rafael,STxE-1-A,Aéreo,16741.8,13454.5,140.572,21.435,1038.62,1038.62,1038.62,1038.62,1038.62,12730.9,4010.9,140.572,21.435,33.414,153.183,1038.62,32.123,33.155,34.188,35.219,36.252,37.285,21.435,25275.7,17741.6,153.183,21.435,1038.62,1038.62,1038.62,1038.62,1038.62,20286.3,4989.4,153.183,21.435,93.877,102.297,0.855,1.778,2.931,3.738,4.084
2026-03,CGE,CGE DISTRIBUCIÓN,San Vicente,STxE-1-A,Aéreo,16741.8,13454.5,140.572,21.435,1038.62,1038.62,1038.62,1038.62,1038.62,12730.9,4010.9,140.572,21.435,33.414,153.183,1038.62,32.123,33.155,34.188,35.219,36.252,37.285,21.435,25275.7,17741.6,153.183,21.435,1038.62,1038.62,1038.62,1038.62,1038.62,20286.3,4989.4,153.183,21.435,93.877,102.297,0.855,1.778,2.931,3.738,4.084
2026-03,CGE,CGE DISTRIBUCIÓN,Santa Cruz,STxE-6-A,Aéreo,16741.8,13454.5,140.572,21.435,1038.62,1038.62,1038.62,1038.62,1038.62,12730.9,4010.9,140.572,21.435,33.414,153.183,1038.62,32.123,33.155,34.188,35.219,36.252,37.285,21.435,25275.7,17741.6,153.183,21.435,1038.62,1038.62,1038.62,1038.62,1038.62,20286.3,4989.4,153.183,21.435,93.877,102.297,0.855,1.778,2.931,3.738,4.084
2026-03,CGE,CGE DISTRIBUCIÓN,Santo Domingo,STxE-6-A,Aéreo,16741.8,13454.5,140.572,21.435,1038.62,1038.62,1038.62,1038.62,1038.62,12730.9,4010.9,140.572,21.435,33.414,153.183,1038.62,32.123,33.155,34.188,35.219,36.252,37.285,21.435,25275.7,17741.6,153.183,21.435,1038.62,1038.62,1038.62,1038.62,1038.62,20286.3,4989.4,153.183,21.435,93.877,102.297,0.855,1.778,2.931,3.738,4.084
2026-03,CGE,CGE DISTRIBUCIÓN,Talagante,STxD-6-A,Aéreo,16457.2,13211.9,138.454,15.964,1038.62,1038.62,1038.62,1038.62,1038.62,12454.8,4002.6,138.454,15.964,32.516,150.873,1038.62,32.123,33.139,34.157,35.174,36.19,37.208,15.964,24975.8,17514.2,150.873,15.964,1038.62,1038.62,1038.62,1038.62,1038.62,19996.6,4979.1,150.873,15.964,92.096,100.357,0.855,1.778,2.931,3.738,4.084
2026-03,CGE,CGE DISTRIBUCIÓN,Talagante,STxE-6-A,Aéreo,16741.8,13454.5,140.572,21.435,1038.62,1038.62,1038.62,1038.62,1038.62,12730.9,4010.9,140.572,21.435,33.414,153.183,1038.62,32.123,33.155,34.188,35.219,36.252,37.285,21.435,25275.7,17741.6,153.183,21.435,1038.62,1038.62,1038.62,1038.62,1038.62,20286.3,4989.4,153.183,21.435,93.877,102.297,0.855,1.778,2.931,3.738,4.084
2026-03,CGE,CGE DISTRIBUCIÓN,Talca,STxE-7-A,Aéreo,16741.8,13454.5,140.572,21.435,1038.62,1038.62,1038.62,1038.62,1038.62,12730.9,4010.9,140.572,21.435,33.414,153.183,1038.62,32.123,33.155,34.188,35.219,36.252,37.285,21.435,25275.7,17741.6,153.183,21.435,1038.62,1038.62,1038.62,1038.62,1038.62,20286.3,4989.4,153.183,21.435,93.877,102.297,0.855,1.778,2.931,3.738,4.084
2026-03,CGE,CGE DISTRIBUCIÓN,Talca,STxE-7-S1,Subt.1,21410.2,16811.8,140.572,21.435,1038.62,1038.62,1038.62,1038.62,1038.62,14591.7,6818.6,140.572,21.435,33.414,153.183,1038.62,41.26,42.585,43.911,45.238,46.564,47.889,21.435,29625.2,20601.6,153.183,21.435,1038.62,1038.62,1038.62,1038.62,1038.62,23216.5,6408.6,153.183,21.435,93.877,102.297,0.855,1.778,2.931,3.738,4.084
2026-03,CGE,CGE DISTRIBUCIÓN,Talca,STxE-7-S2,Subt.2,16741.8,13454.5,140.572,21.435,1038.62,1038.62,1038.62,1038.62,1038.62,12730.9,4010.9,140.572,21.435,33.414,153.183,1038.62,37.844,39.061,40.277,41.494,42.71,43.926,21.435,27999.6,19532.8,153.183,21.435,1038.62,1038.62,1038.62,1038.62,1038.62,22121.4,5878.2,153.183,21.435,93.877,102.297,0.855,1.778,2.931,3.738,4.084
2026-03,CGE,CGE DISTRIBUCIÓN,Talcahuano,STxE-2-A,Aéreo,16741.8,13454.5,140.572,21.435,1038.62,1038.62,1038.62,1038.62,1038.62,12730.9,4010.9,140.572,21.435,33.414,153.183,1038.62,32.123,33.155,34.188,35.219,36.252,37.285,21.435,25275.7,17741.6,153.183,21.435,1038.62,1038.62,1038.62,1038.62,1038.62,20286.3,4989.4,153.183,21.435,93.877,102.297,0.855,1.778,2.931,3.738,4.084
2026-03,CGE,CGE DISTRIBUCIÓN,Temuco,STxE-9-A,Aéreo,16904.8,13571.7,140.572,21.435,1038.62,1038.62,1038.62,1038.62,1038.62,12795.8,4108.8,140.572,21.435,33.414,153.183,1038.62,51.794,51.794,51.794,51.794,51.794,51.794,21.435,33482.2,23138.0,153.183,21.435,1038.62,1038.62,1038.62,1038.62,1038.62,23937.4,9544.8,153.183,21.435,93.877,102.297,0.855,1.778,2.931,3.738,4.084
2026-03,CGE,CGE DISTRIBUCIÓN,Temuco,STxE-9-S2,Subt.2,16904.8,13571.7,140.572,21.435,1038.62,1038.62,1038.62,1038.62,1038.62,12795.8,4108.8,140.572,21.435,33.414,153.183,1038.62,61.02,61.02,61.02,61.02,61.02,61.02,21.435,37668.0,25890.5,153.183,21.435,1038.62,1038.62,1038.62,1038.62,1038.62,26423.0,11245.0,153.183,21.435,93.877,102.297,0.855,1.778,2.931,3.738,4.084
2026-03,CGE,CGE DISTRIBUCIÓN,Teno,STxE-1-A,Aéreo,16741.8,13454.5,133.911,21.435,1038.62,1038.62,1038.62,1038.62,1038.62,12730.9,4010.9,133.911,21.435,33.414,145.923,1038.62,32.123,33.155,34.188,35.219,36.252,37.285,21.435,25275.7,17741.6,145.923,21.435,1038.62,1038.62,1038.62,1038.62,1038.62,20286.3,4989.4,145.923,21.435,88.278,96.197,0.855,1.778,2.931,3.738,4.084
2026-03,CGE,CGE DISTRIBUCIÓN,Tomé,STxE-2-A,Aéreo,16904.8,13571.7,140.572,21.435,1038.62,1038.62,1038.62,1038.62,1038.62,12795.8,4108.8,140.572,21.435,33.414,153.183,1038.62,51.794,51.794,51.794,51.794,51.794,51.794,21.435,33482.2,23138.0,153.183,21.435,1038.62,1038.62,1038.62,1038.62,1038.62,23937.4,9544.8,153.183,21.435,93.877,102.297,0.855,1.778,2.931,3.738,4.084
2026-03,CGE,CGE DISTRIBUCIÓN,Treguaco,STxE-26-A,Aéreo,16904.8,13571.7,140.572,21.435,1038.62,1038.62,1038.62,1038.62,1038.62,12795.8,4108.8,140.572,21.435,33.414,153.183,1038.62,51.794,51.794,51.794,51.794,51.794,51.794,21.435,33482.2,23138.0,153.183,21.435,1038.62,1038.62,1038.62,1038.62,1038.62,23937.4,9544.8,153.183,21.435,93.877,102.297,0.855,1.778,2.931,3.738,4.084
2026-03,CGE,CGE DISTRIBUCIÓN,Vichuquén,STxE-6-A,Aéreo,16741.8,13454.5,140.572,21.435,1038.62,1038.62,1038.62,1038.62,1038.62,12730.9,4010.9,140.572,21.435,33.414,153.183,1038.62,32.123,33.155,34.188,35.219,36.252,37.285,21.435,25275.7,17741.6,153.183,21.435,1038.62,1038.62,1038.62,1038.62,1038.62,20286.3,4989.4,153.183,21.435,93.877,102.297,0.855,1.778,2.931,3.738,4.084
2026-03,CGE,CGE DISTRIBUCIÓN,Vilcún,STxE-5-A,Aéreo,16904.8,13571.7,140.572,21.435,1038.62,1038.62,1038.62,1038.62,1038.62,12795.8,4108.8,140.572,21.435,33.414,153.183,1038.62,51.794,51.794,51.794,51.794,51.794,51.794,21.435,33482.2,23138.0,153.183,21.435,1038.62,1038.62,1038.62,1038.62,1038.62,23937.4,9544.8,153.183,21.435,93.877,102.297,0.855,1.778,2.931,3.738,4.084
2026-03,CGE,CGE DISTRIBUCIÓN,Villa Alegre,STxE-17-A,Aéreo,17064.1,13686.3,140.572,21.435,1038.62,1038.62,1038.62,1038.62,1038.62,12859.4,4204.7,140.572,21.435,33.414,153.183,1038.62,41.437,42.531,43.624,44.719,45.813,46.906,21.435,29222.0,20336.5,153.183,21.435,1038.62,1038.62,1038.62,1038.62,1038.62,22176.1,7045.9,153.183,21.435,93.877,102.297,0.855,1.778,2.931,3.738,4.084
2026-03,CGE,CGE DISTRIBUCIÓN,Villarrica,STxE-18-A,Aéreo,16904.8,13571.7,140.572,21.435,1038.62,1038.62,1038.62,1038.62,1038.62,12795.8,4108.8,140.572,21.435,33.414,153.183,1038.62,51.794,51.794,51.794,51.794,51.794,51.794,21.435,33482.2,23138.0,153.183,21.435,1038.62,1038.62,1038.62,1038.62,1038.62,23937.4,9544.8,153.183,21.435,93.877,102.297,0.855,1.778,2.931,3.738,4.084
2026-03,CGE,CGE DISTRIBUCIÓN,Yerbas Buenas,STxE-1-A,Aéreo,17064.1,13686.3,133.911,21.435,1038.62,1038.62,1038.62,1038.62,1038.62,12859.4,4204.7,133.911,21.435,33.414,145.923,1038.62,41.437,42.531,43.624,44.719,45.813,46.906,21.435,29222.0,20336.5,145.923,21.435,1038.62,1038.62,1038.62,1038.62,1038.62,22176.1,7045.9,145.923,21.435,88.278,96.197,0.855,1.778,2.931,3.738,4.084
2026-03,CGE,CGE DISTRIBUCIÓN,Ñiquén,STxE-24-A,Aéreo,16904.8,13571.7,140.572,21.435,1038.62,1038.62,1038.62,1038.62,1038.62,12795.8,4108.8,140.572,21.435,33.414,153.183,1038.62,51.794,51.794,51.794,51.794,51.794,51.794,21.435,33482.2,23138.0,153.183,21.435,1038.62,1038.62,1038.62,1038.62,1038.62,23937.4,9544.8,153.183,21.435,93.877,102.297,0.855,1.778,2.931,3.738,4.084
2026-02,CGE,CGE DISTRIBUCIÓN,Alhué,STxE-6-A,Aéreo,16821.7,13512.0,140.572,21.435,1034.34,1034.34,1034.34,1034.34,1034.34,12762.8,4059.0,140.572,21.435,33.414,153.183,1034.34,32.499,33.543,34.587,35.632,36.676,37.721,21.435,25454.6,17859.2,153.183,21.435,1034.34,1034.34,1034.34,1034.34,1034.34,20407.9,5046.8,153.183,21.435,93.877,102.297,0.855,1.778,2.931,3.738,4.084
2026-02,CGE,CGE DISTRIBUCIÓN,Buin,STxE-6-A,Aéreo,16821.7,13512.0,140.572,21.435,1034.34,1034.34,1034.34,1034.34,1034.34,12762.8,4059.0,140.572,21.435,33.414,153.183,1034.34,32.499,33.543,34.587,35.632,36.676,37.721,21.435,25454.6,17859.2,153.183,21.435,1034.34,1034.34,1034.34,1034.34,1034.34,20407.9,5046.8,153.183,21.435,93.877,102.297,0.855,1.778,2.931,3.738,4.084
2026-02,CGE,CGE DISTRIBUCIÓN,Calera de Tango,STxD-3-A,Aéreo,16537.1,13269.3,138.454,15.964,1034.34,1034.34,1034.34,1034.34,1034.34,12486.6,4050.5,138.454,15.964,32.516,150.873,1034.34,32.499,33.527,34.556,35.585,36.614,37.643,15.964,25154.3,17631.6,150.873,15.964,1034.34,1034.34,1034.34,1034.34,1034.34,20118.0,5036.3,150.873,15.964,92.096,100.357,0.855,1.778,2.931,3.738,4.084
2026-02,CGE,CGE DISTRIBUCIÓN,Cartagena,STxE-6-A,Aéreo,17148.0,13746.6,140.572,21.435,1034.34,1034.34,1034.34,1034.34,1034.34,12892.8,4255.2,140.572,21.435,33.414,153.183,1034.34,41.921,43.028,44.135,45.241,46.348,47.455,21.435,29447.0,20484.5,153.183,21.435,1034.34,1034.34,1034.34,1034.34,1034.34,22319.9,7127.1,153.183,21.435,93.877,102.297,0.855,1.778,2.931,3.738,4.084
2026-02,CGE,CGE DISTRIBUCIÓN,Cauquenes,STxE-6-A,Aéreo,16986.7,13630.6,140.572,21.435,1034.34,1034.34,1034.34,1034.34,1034.34,12828.6,4158.2,140.572,21.435,33.414,153.183,1034.34,52.399,52.399,52.399,52.399,52.399,52.399,21.435,33757.1,23318.8,153.183,21.435,1034.34,1034.34,1034.34,1034.34,1034.34,24101.8,9655.3,153.183,21.435,93.877,102.297,0.855,1.778,2.931,3.738,4.084
2026-02,CGE,CGE DISTRIBUCIÓN,Chanco,STxE-6-A,Aéreo,16821.7,13512.0,140.572,21.435,1034.34,1034.34,1034.34,1034.34,1034.34,12762.8,4059.0,140.572,21.435,33.414,153.183,1034.34,32.499,33.543,34.587,35.632,36.676,37.721,21.435,25454.6,17859.2,153.183,21.435,1034.34,1034.34,1034.34,1034.34,1034.34,20407.9,5046.8,153.183,21.435,93.877,102.297,0.855,1.778,2.931,3.738,4.084
2026-02,CGE,CGE DISTRIBUCIÓN,Chiguayante,STxE-2-A,Aéreo,16821.7,13512.0,140.572,21.435,1034.34,1034.34,1034.34,1034.34,1034.34,12762.8,4059.0,140.572,21.435,33.414,153.183,1034.34,32.499,33.543,34.587,35.632,36.676,37.721,21.435,25454.6,17859.2,153.183,21.435,1034.34,1034.34,1034.34,1034.34,1034.34,20407.9,5046.8,153.183,21.435,93.877,102.297,0.855,1.778,2.931,3.738,4.084
2026-02,CGE,CGE DISTRIBUCIÓN,Chillán,STxE-8-A,Aéreo,16986.7,13630.6,140.572,21.435,1034.34,1034.34,1034.34,1034.34,1034.34,12828.6,4158.2,140.572,21.435,33.414,153.183,1034.34,52.399,52.399,52.399,52.399,52.399,52.399,21.435,33757.1,23318.8,153.183,21.435,1034.34,1034.34,1034.34,1034.34,1034.34,24101.8,9655.3,153.183,21.435,93.877,102.297,0.855,1.778,2.931,3.738,4.084
2026-02,CGE,CGE DISTRIBUCIÓN,Chillán,STxE-8-S2,Subt.2,16986.7,13630.6,140.572,21.435,1034.34,1034.34,1034.34,1034.34,1034.34,12828.6,4158.2,140.572,21.435,33.414,153.183,1034.34,61.734,61.734,61.734,61.734,61.734,61.734,21.435,37991.9,26103.5,153.183,21.435,1034.34,1034.34,1034.34,1034.34,1034.34,26616.6,11375.3,153.183,21.435,93.877,102.297,0.855,1.778,2.931,3.738,4.084
2026-02,CGE,CGE DISTRIBUCIÓN,Chillán Viejo,STxE-12-A,Aéreo,16986.7,13630.6,140.572,21.435,1034.34,1034.34,1034.34,1034.34,1034.34,12828.6,4158.2,140.572,21.435,33.414,153.183,1034.34,52.399,52.399,52.399,52.399,52.399,52.399,21.435,33757.1,23318.8,153.183,21.435,1034.34,1034.34,1034.34,1034.34,1034.34,24101.8,9655.3,153.183,21.435,93.877,102.297,0.855,1.778,2.931,3.738,4.084
2026-02,CGE,CGE DISTRIBUCIÓN,Chimbarongo,STxE-1-A,Aéreo,16821.7,13512.0,140.572,21.435,1034.34,1034.34,1034.34,1034.34,1034.34,12762.8,4059.0,140.572,21.435,33.414,153.183,1034.34,32.499,33.543,34.587,35.632,36.676,37.721,21.435,25454.6,17859.2,153.183,21.435,1034.34,1034.34,1034.34,1034.34,1034.34,20407.9,5046.8,153.183,21.435,93.877,102.297,0.855,1.778,2.931,3.738,4.084
2026-02,CGE,CGE DISTRIBUCIÓN,Chépica,STxE-6-A,Aéreo,16821.7,13512.0,140.572,21.435,1034.34,1034.34,1034.34,1034.34,1034.34,12762.8,4059.0,140.572,21.435,33.414,153.183,1034.34,32.499,33.543,34.587,35.632,36.676,37.721,21.435,25454.6,17859.2,153.183,21.435,1034.34,1034.34,1034.34,1034.34,1034.34,20407.9,5046.8,153.183,21.435,93.877,102.297,0.855,1.778,2.931,3.738,4.084
2026-02,CGE,CGE DISTRIBUCIÓN,Cobquecura,STxE-6-A,Aéreo,16986.7,13630.6,140.572,21.435,1034.34,1034.34,1034.34,1034.34,1034.34,12828.6,4158.2,140.572,21.435,33.414,153.183,1034.34,52.399,52.399,52.399,52.399,52.399,52.399,21.435,33757.1,23318.8,153.183,21.435,1034.34,1034.34,1034.34,1034.34,1034.34,24101.8,9655.3,153.183,21.435,93.877,102.297,0.855,1.778,2.931,3.738,4.084
2026-02,CGE,CGE DISTRIBUCIÓN,Codegua,STxE-1-A,Aéreo,16821.7,13512.0,140.572,21.435,1034.34,1034.34,1034.34,1034.34,1034.34,12762.8,4059.0,140.572,21.435,33.414,153.183,1034.34,32.499,33.543,34.587,35.632,36.676,37.721,21.435,25454.6,17859.2,153.183,21.435,1034.34,1034.34,1034.34,1034.34,1034.34,20407.9,5046.8,153.183,21.435,93.877,102.297,0.855,1.778,2.931,3.738,4.084
2026-02,CGE,CGE DISTRIBUCIÓN,Coelemu,STxE-22-A,Aéreo,16986.7,13630.6,140.572,21.435,1034.34,1034.34,1034.34,1034.34,1034.34,12828.6,4158.2,140.572,21.435,33.414,153.183,1034.34,52.399,52.399,52.399,52.399,52.399,52.399,21.435,33757.1,23318.8,153.183,21.435,1034.34,1034.34,1034.34,1034.34,1034.34,24101.8,9655.3,153.183,21.435,93.877,102.297,0.855,1.778,2.931,3.738,4.084
2026-02,CGE,CGE DISTRIBUCIÓN,Coihueco,STxE-21-A,Aéreo,16986.7,13630.6,140.572,21.435,1034.34,1034.34,1034.34,1034.34,1034.34,12828.6,4158.2,140.572,21.435,33.414,153.183,1034.34,52.399,52.399,52.399,52.399,52.399,52.399,21.435,33757.1,23318.8,153.183,21.435,1034.34,1034.34,1034.34,1034.34,1034.34,24101.8,9655.3,153.183,21.435,93.877,102.297,0.855,1.778,2.931,3.738,4.084
2026-02,CGE,CGE DISTRIBUCIÓN,Coinco,STxE-1-A,Aéreo,16821.7,13512.0,140.572,21.435,1034.34,1034.34,1034.34,1034.34,1034.34,12762.8,4059.0,140.572,21.435,33.414,153.183,1034.34,32.499,33.543,34.587,35.632,36.676,37.721,21.435,25454.6,17859.2,153.183,21.435,1034.34,1034.34,1034.34,1034.34,1034.34,20407.9,5046.8,153.183,21.435,93.877,102.297,0.855,1.778,2.931,3.738,4.084
2026-02,CGE,CGE DISTRIBUCIÓN,Colbún,STxE-25-A,Aéreo,17148.0,13746.6,103.017,21.435,1034.34,1034.34,1034.34,1034.34,1034.34,12892.8,4255.2,103.017,21.435,33.414,112.257,1034.34,41.921,43.028,44.135,45.241,46.348,47.455,21.435,29447.0,20484.5,112.257,21.435,1034.34,1034.34,1034.34,1034.34,1034.34,22319.9,7127.1,112.257,21.435,62.317,67.907,0.855,1.778,2.931,3.738,4.084
2026-02,CGE,CGE DISTRIBUCIÓN,Coltauco,STxE-1-A,Aéreo,16821.7,13512.0,140.572,21.435,1034.34,1034.34,1034.34,1034.34,1034.34,12762.8,4059.0,140.572,21.435,33.414,153.183,1034.34,32.499,33.543,34.587,35.632,36.676,37.721,21.435,25454.6,17859.2,153.183,21.435,1034.34,1034.34,1034.34,1034.34,1034.34,20407.9,5046.8,153.183,21.435,93.877,102.297,0.855,1.778,2.931,3.738,4.084
2026-02,CGE,CGE DISTRIBUCIÓN,Concepción,STxE-2-A,Aéreo,16821.7,13512.0,140.572,21.435,1034.34,1034.34,1034.34,1034.34,1034.34,12762.8,4059.0,140.572,21.435,33.414,153.183,1034.34,32.499,33.543,34.587,35.632,36.676,37.721,21.435,25454.6,17859.2,153.183,21.435,1034.34,1034.34,1034.34,1034.34,1034.34,20407.9,5046.8,153.183,21.435,93.877,102.297,0.855,1.778,2.931,3.738,4.084
2026-02,CGE,CGE DISTRIBUCIÓN,Concepción,STxE-2-S1,Subt.1,21546.3,16909.7,140.572,21.435,1034.34,1034.34,1034.34,1034.34,1034.34,14645.8,6900.5,140.572,21.435,33.414,153.183,1034.34,41.742,43.084,44.425,45.766,47.109,48.45,21.435,29855.0,20752.8,153.183,21.435,1034.34,1034.34,1034.34,1034.34,1034.34,23372.7,6482.2,153.183,21.435,93.877,102.297,0.855,1.778,2.931,3.738,4.084
2026-02,CGE,CGE DISTRIBUCIÓN,Concepción,STxE-2-S2,Subt.2,16821.7,13512.0,140.572,21.435,1034.34,1034.34,1034.34,1034.34,1034.34,12762.8,4059.0,140.572,21.435,33.414,153.183,1034.34,38.287,39.518,40.749,41.98,43.21,44.441,21.435,28210.5,19671.4,153.183,21.435,1034.34,1034.34,1034.34,1034.34,1034.34,22264.7,5945.7,153.183,21.435,93.877,102.297,0.855,1.778,2.931,3.738,4.084
2026-02,CGE,CGE DISTRIBUCIÓN,Concepción,STxE-2-S3,Subt.3,21546.3,16909.7,140.572,21.435,1034.34,1034.34,1034.34,1034.34,1034.34,14645.8,6900.5,140.572,21.435,33.414,153.183,1034.34,47.531,48.137,48.742,49.348,49.954,50.558,21.435,32610.8,22564.9,153.183,21.435,1034.34,1034.34,1034.34,1034.34,1034.34,25229.5,7381.2,153.183,21.435,93.877,102.297,0.855,1.778,2.931,3.738,4.084
2026-02,CGE,CGE DISTRIBUCIÓN,Constitución,STxE-6-A,Aéreo,17148.0,13746.6,133.911,21.435,1034.34,1034.34,1034.34,1034.34,1034.34,12892.8,4255.2,133.911,21.435,33.414,145.923,1034.34,41.921,43.028,44.135,45.241,46.348,47.455,21.435,29447.0,20484.5,145.923,21.435,1034.34,1034.34,1034.34,1034.34,1034.34,22319.9,7127.1,145.923,21.435,88.278,96.197,0.855,1.778,2.931,3.738,4.084
2026-02,CGE,CGE DISTRIBUCIÓN,Coronel,STxE-10-A,Aéreo,16986.7,13630.6,68.232,21.435,1034.34,1034.34,1034.34,1034.34,1034.34,12828.6,4158.2,68.232,21.435,33.414,74.352,1034.34,52.399,52.399,52.399,52.399,52.399,52.399,21.435,33757.1,23318.8,74.352,21.435,1034.34,1034.34,1034.34,1034.34,1034.34,24101.8,9655.3,74.352,21.435,33.086,36.054,0.855,1.778,2.931,3.738,4.084
2026-02,CGE,CGE DISTRIBUCIÓN,Coronel,STxE-10-S2,Subt.2,16986.7,13630.6,68.232,21.435,1034.34,1034.34,1034.34,1034.34,1034.34,12828.6,4158.2,68.232,21.435,33.414,74.352,1034.34,61.734,61.734,61.734,61.734,61.734,61.734,21.435,37991.9,26103.5,74.352,21.435,1034.34,1034.34,1034.34,1034.34,1034.34,26616.6,11375.3,74.352,21.435,33.086,36.054,0.855,1.778,2.931,3.738,4.084
2026-02,CGE,CGE DISTRIBUCIÓN,Curacaví,STxD-3-A,Aéreo,16954.2,13569.2,138.454,15.964,1034.34,1034.34,1034.34,1034.34,1034.34,12652.8,4301.4,138.454,15.964,32.516,150.873,1034.34,41.921,43.132,44.342,45.551,46.761,47.971,15.964,29390.3,20417.1,150.873,15.964,1034.34,1034.34,1034.34,1034.34,1034.34,22185.6,7204.6,150.873,15.964,92.096,100.357,0.855,1.778,2.931,3.738,4.084
2026-02,CGE,CGE DISTRIBUCIÓN,Curarrehue,STxE-2-A,Aéreo,16821.7,13512.0,140.572,21.435,1034.34,1034.34,1034.34,1034.34,1034.34,12762.8,4059.0,140.572,21.435,33.414,153.183,1034.34,32.499,33.543,34.587,35.632,36.676,37.721,21.435,25454.6,17859.2,153.183,21.435,1034.34,1034.34,1034.34,1034.34,1034.34,20407.9,5046.8,153.183,21.435,93.877,102.297,0.855,1.778,2.931,3.738,4.084
2026-02,CGE,CGE DISTRIBUCIÓN,Curepto,STxE-6-A,Aéreo,16821.7,13512.0,140.572,21.435,1034.34,1034.34,1034.34,1034.34,1034.34,12762.8,4059.0,140.572,21.435,33.414,153.183,1034.34,32.499,33.543,34.587,35.632,36.676,37.721,21.435,25454.6,17859.2,153.183,21.435,1034.34,1034.34,1034.34,1034.34,1034.34,20407.9,5046.8,153.183,21.435,93.877,102.297,0.855,1.778,2.931,3.738,4.084
2026-02,CGE,CGE DISTRIBUCIÓN,Curicó,STxE-1-A,Aéreo,16821.7,13512.0,140.572,21.435,1034.34,1034.34,1034.34,1034.34,1034.34,12762.8,4059.0,140.572,21.435,33.414,153.183,1034.34,32.499,33.543,34.587,35.632,36.676,37.721,21.435,25454.6,17859.2,153.183,21.435,1034.34,1034.34,1034.34,1034.34,1034.34,20407.9,5046.8,153.183,21.435,93.877,102.297,0.855,1.778,2.931,3.738,4.084
2026-02,CGE,CGE DISTRIBUCIÓN,Doñihue,STxE-1-A,Aéreo,16821.7,13512.0,140.572,21.435,1034.34,1034.34,1034.34,1034.34,1034.34,12762.8,4059.0,140.572,21.435,33.414,153.183,1034.34,32.499,33.543,34.587,35.632,36.676,37.721,21.435,25454.6,17859.2,153.183,21.435,1034.34,1034.34,1034.34,1034.34,1034.34,20407.9,5046.8,153.183,21.435,93.877,102.297,0.855,1.778,2.931,3.738,4.084
2026-02,CGE,CGE DISTRIBUCIÓN,El Bosque,STxD-3-A,Aéreo,16537.1,13269.3,138.454,15.964,1034.34,1034.34,1034.34,1034.34,1034.34,12486.6,4050.5,138.454,15.964,32.516,150.873,1034.34,32.499,33.527,34.556,35.585,36.614,37.643,15.964,25154.3,17631.6,150.873,15.964,1034.34,1034.34,1034.34,1034.34,1034.34,20118.0,5036.3,150.873,15.964,92.096,100.357,0.855,1.778,2.931,3.738,4.084
2026-02,CGE,CGE DISTRIBUCIÓN,El Monte,STxE-6-A,Aéreo,16821.7,13512.0,140.572,21.435,1034.34,1034.34,1034.34,1034.34,1034.34,12762.8,4059.0,140.572,21.435,33.414,153.183,1034.34,32.499,33.543,34.587,35.632,36.676,37.721,21.435,25454.6,17859.2,153.183,21.435,1034.34,1034.34,1034.34,1034.34,1034.34,20407.9,5046.8,153.183,21.435,93.877,102.297,0.855,1.778,2.931,3.738,4.084
2026-02,CGE,CGE DISTRIBUCIÓN,Empedrado,STxE-6-A,Aéreo,16821.7,13512.0,140.572,21.435,1034.34,1034.34,1034.34,1034.34,1034.34,12762.8,4059.0,140.572,21.435,33.414,153.183,1034.34,32.499,33.543,34.587,35.632,36.676,37.721,21.435,25454.6,17859.2,153.183,21.435,1034.34,1034.34,1034.34,1034.34,1034.34,20407.9,5046.8,153.183,21.435,93.877,102.297,0.855,1.778,2.931,3.738,4.084
2026-02,CGE,CGE DISTRIBUCIÓN,Florida,STxE-23-A,Aéreo,16842.3,13526.8,140.572,21.435,1034.34,1034.34,1034.34,1034.34,1034.34,12771.0,4071.3,140.572,21.435,33.414,153.183,1034.34,69.866,69.866,69.866,69.866,69.866,69.866,21.435,41019.5,28094.4,153.183,21.435,1034.34,1034.34,1034.34,1034.34,1034.34,27174.2,13845.3,153.183,21.435,93.877,102.297,0.855,1.778,2.931,3.738,4.084
2026-02,CGE,CGE DISTRIBUCIÓN,Freire,STxE-2-A,Aéreo,16986.7,13630.6,140.572,21.435,1034.34,1034.34,1034.34,1034.34,1034.34,12828.6,4158.2,140.572,21.435,33.414,153.183,1034.34,52.399,52.399,52.399,52.399,52.399,52.399,21.435,33757.1,23318.8,153.183,21.435,1034.34,1034.34,1034.34,1034.34,1034.34,24101.8,9655.3,153.183,21.435,93.877,102.297,0.855,1.778,2.931,3.738,4.084
2026-02,CGE,CGE DISTRIBUCIÓN,Graneros,STxE-1-A,Aéreo,16821.7,13512.0,140.572,21.435,1034.34,1034.34,1034.34,1034.34,1034.34,12762.8,4059.0,140.572,21.435,33.414,153.183,1034.34,32.499,33.543,34.587,35.632,36.676,37.721,21.435,25454.6,17859.2,153.183,21.435,1034.34,1034.34,1034.34,1034.34,1034.34,20407.9,5046.8,153.183,21.435,93.877,102.297,0.855,1.778,2.931,3.738,4.084
2026-02,CGE,CGE DISTRIBUCIÓN,Hualañé,STxE-6-A,Aéreo,16821.7,13512.0,140.572,21.435,1034.34,1034.34,1034.34,1034.34,1034.34,12762.8,4059.0,140.572,21.435,33.414,153.183,1034.34,32.499,33.543,34.587,35.632,36.676,37.721,21.435,25454.6,17859.2,153.183,21.435,1034.34,1034.34,1034.34,1034.34,1034.34,20407.9,5046.8,153.183,21.435,93.877,102.297,0.855,1.778,2.931,3.738,4.084
2026-02,CGE,CGE DISTRIBUCIÓN,Hualpén,STxE-2-A,Aéreo,16821.7,13512.0,95.857,21.435,1034.34,1034.34,1034.34,1034.34,1034.34,12762.8,4059.0,95.857,21.435,33.414,104.456,1034.34,32.499,33.543,34.587,35.632,36.676,37.721,21.435,25454.6,17859.2,104.456,21.435,1034.34,1034.34,1034.34,1034.34,1034.34,20407.9,5046.8,104.456,21.435,56.3,61.351,0.855,1.778,2.931,3.738,4.084
2026-02,CGE,CGE DISTRIBUCIÓN,Hualqui,STxE-16-A,Aéreo,16842.3,13526.8,140.572,21.435,1034.34,1034.34,1034.34,1034.34,1034.34,12771.0,4071.3,140.572,21.435,33.414,153.183,1034.34,69.866,69.866,69.866,69.866,69.866,69.866,21.435,41019.5,28094.4,153.183,21.435,1034.34,1034.34,1034.34,1034.34,1034.34,27174.2,13845.3,153.183,21.435,93.877,102.297,0.855,1.778,2.931,3.738,4.084
2026-02,CGE,CGE DISTRIBUCIÓN,Isla de Maipo,STxE-1-A,Aéreo,16821.7,13512.0,140.572,21.435,1034.34,1034.34,1034.34,1034.34,1034.34,12762.8,4059.0,140.572,21.435,33.414,153.183,1034.34,32.499,33.543,34.587,35.632,36.676,37.721,21.435,25454.6,17859.2,153.183,21.435,1034.34,1034.34,1034.34,1034.34,1034.34,20407.9,5046.8,153.183,21.435,93.877,102.297,0.855,1.778,2.931,3.738,4.084
2026-02,CGE,CGE DISTRIBUCIÓN,La Estrella,STxE-6-A,Aéreo,16821.7,13512.0,119.496,21.435,1034.34,1034.34,1034.34,1034.34,1034.34,12762.8,4059.0,119.496,21.435,33.414,130.215,1034.34,32.499,33.543,34.587,35.632,36.676,37.721,21.435,25454.6,17859.2,130.215,21.435,1034.34,1034.34,1034.34,1034.34,1034.34,20407.9,5046.8,130.215,21.435,76.165,82.997,0.855,1.778,2.931,3.738,4.084
2026-02,CGE,CGE DISTRIBUCIÓN,La Pintana,STxD-3-A,Aéreo,16537.1,13269.3,138.454,15.964,1034.34,1034.34,1034.34,1034.34,1034.34,12486.6,4050.5,138.454,15.964,32.516,150.873,1034.34,32.499,33.527,34.556,35.585,36.614,37.643,15.964,25154.3,17631.6,150.873,15.964,1034.34,1034.34,1034.34,1034.34,1034.34,20118.0,5036.3,150.873,15.964,92.096,100.357,0.855,1.778,2.931,3.738,4.084
2026-02,CGE,CGE DISTRIBUCIÓN,Las Cabras,STxE-1-A,Aéreo,16821.7,13512.0,129.111,21.435,1034.34,1034.34,1034.34,1034.34,1034.34,12762.8,4059.0,129.111,21.435,33.414,140.693,1034.34,32.499,33.543,34.587,35.632,36.676,37.721,21.435,25454.6,17859.2,140.693,21.435,1034.34,1034.34,1034.34,1034.34,1034.34,20407.9,5046.8,140.693,21.435,84.244,91.8,0.855,1.778,2.931,3.738,4.084
2026-02,CGE,CGE DISTRIBUCIÓN,Lautaro,STxE-20-A,Aéreo,16986.7,13630.6,133.911,21.435,1034.34,1034.34,1034.34,1034.34,1034.34,12828.6,4158.2,133.911,21.435,33.414,145.923,1034.34,52.399,52.399,52.399,52.399,52.399,52.399,21.435,33757.1,23318.8,145.923,21.435,1034.34,1034.34,1034.34,1034.34,1034.34,24101.8,9655.3,145.923,21.435,88.278,96.197,0.855,1.778,2.931,3.738,4.084
2026-02,CGE,CGE DISTRIBUCIÓN,Licantén,STxE-6-A,Aéreo,16821.7,13512.0,140.572,21.435,1034.34,1034.34,1034.34,1034.34,1034.34,12762.8,4059.0,140.572,21.435,33.414,153.183,1034.34,32.499,33.543,34.587,35.632,36.676,37.721,21.435,25454.6,17859.2,153.183,21.435,1034.34,1034.34,1034.34,1034.34,1034.34,20407.9,5046.8,153.183,21.435,93.877,102.297,0.855,1.778,2.931,3.738,4.084
2026-02,CGE,CGE DISTRIBUCIÓN,Linares,STxE-13-A,Aéreo,17148.0,13746.6,140.572,21.435,1034.34,1034.34,1034.34,1034.34,1034.34,12892.8,4255.2,140.572,21.435,33.414,153.183,1034.34,41.921,43.028,44.135,45.241,46.348,47.455,21.435,29447.0,20484.5,153.183,21.435,1034.34,1034.34,1034.34,1034.34,1034.34,22319.9,7127.1,153.183,21.435,93.877,102.297,0.855,1.778,2.931,3.738,4.084
2026-02,CGE,CGE DISTRIBUCIÓN,Litueche,STxE-6-A,Aéreo,16821.7,13512.0,119.496,21.435,1034.34,1034.34,1034.34,1034.34,1034.34,12762.8,4059.0,119.496,21.435,33.414,130.215,1034.34,32.499,33.543,34.587,35.632,36.676,37.721,21.435,25454.6,17859.2,130.215,21.435,1034.34,1034.34,1034.34,1034.34,1034.34,20407.9,5046.8,130.215,21.435,76.165,82.997,0.855,1.778,2.931,3.738,4.084
2026-02,CGE,CGE DISTRIBUCIÓN,Lolol,STxE-6-A,Aéreo,16821.7,13512.0,140.572,21.435,1034.34,1034.34,1034.34,1034.34,1034.34,12762.8,4059.0,140.572,21.435,33.414,153.183,1034.34,32.499,33.543,34.587,35.632,36.676,37.721,21.435,25454.6,17859.2,153.183,21.435,1034.34,1034.34,1034.34,1034.34,1034.34,20407.9,5046.8,153.183,21.435,93.877,102.297,0.855,1.778,2.931,3.738,4.084
2026-02,CGE,CGE DISTRIBUCIÓN,Loncoche,STxE-18-A,Aéreo,16986.7,13630.6,140.572,21.435,1034.34,1034.34,1034.34,1034.34,1034.34,12828.6,4158.2,140.572,21.435,33.414,153.183,1034.34,52.399,52.399,52.399,52.399,52.399,52.399,21.435,33757.1,23318.8,153.183,21.435,1034.34,1034.34,1034.34,1034.34,1034.34,24101.8,9655.3,153.183,21.435,93.877,102.297,0.855,1.778,2.931,3.738,4.084
2026-02,CGE,CGE DISTRIBUCIÓN,Longaví,STxE-1-A,Aéreo,17148.0,13746.6,140.572,21.435,1034.34,1034.34,1034.34,1034.34,1034.34,12892.8,4255.2,140.572,21.435,33.414,153.183,1034.34,41.921,43.028,44.135,45.241,46.348,47.455,21.435,29447.0,20484.5,153.183,21.435,1034.34,1034.34,1034.34,1034.34,1034.34,22319.9,7127.1,153.183,21.435,93.877,102.297,0.855,1.778,2.931,3.738,4.084
2026-02,CGE,CGE DISTRIBUCIÓN,Los Ángeles,STxE-11-A,Aéreo,16842.3,13526.8,140.572,21.435,1034.34,1034.34,1034.34,1034.34,1034.34,12771.0,4071.3,140.572,21.435,33.414,153.183,1034.34,69.866,69.866,69.866,69.866,69.866,69.866,21.435,41019.5,28094.4,153.183,21.435,1034.34,1034.34,1034.34,1034.34,1034.34,27174.2,13845.3,153.183,21.435,93.877,102.297,0.855,1.778,2.931,3.738,4.084
2026-02,CGE,CGE DISTRIBUCIÓN,Machalí,STxE-1-A,Aéreo,16821.7,13512.0,133.911,21.435,1034.34,1034.34,1034.34,1034.34,1034.34,12762.8,4059.0,133.911,21.435,33.414,145.923,1034.34,32.499,33.543,34.587,35.632,36.676,37.721,21.435,25454.6,17859.2,145.923,21.435,1034.34,1034.34,1034.34,1034.34,1034.34,20407.9,5046.8,145.923,21.435,88.278,96.197,0.855,1.778,2.931,3.738,4.084
2026-02,CGE,CGE DISTRIBUCIÓN,Malloa,STxE-1-A,Aéreo,16821.7,13512.0,140.572,21.435,1034.34,1034.34,1034.34,1034.34,1034.34,12762.8,4059.0,140.572,21.435,33.414,153.183,1034.34,32.499,33.543,34.587,35.632,36.676,37.721,21.435,25454.6,17859.2,153.183,21.435,1034.34,1034.34,1034.34,1034.34,1034.34,20407.9,5046.8,153.183,21.435,93.877,102.297,0.855,1.778,2.931,3.738,4.084
2026-02,CGE,CGE DISTRIBUCIÓN,Marchihue,STxE-6-A,Aéreo,16821.7,13512.0,133.911,21.435,1034.34,1034.34,1034.34,1034.34,1034.34,12762.8,4059.0,133.911,21.435,33.414,145.923,1034.34,32.499,33.543,34.587,35.632,36.676,37.721,21.435,25454.6,17859.2,145.923,21.435,1034.34,1034.34,1034.34,1034.34,1034.34,20407.9,5046.8,145.923,21.435,88.278,96.197,0.855,1.778,2.931,3.738,4.084
2026-02,CGE,CGE DISTRIBUCIÓN,María Pinto,STxD-6-A,Aéreo,16537.1,13269.3,138.454,15.964,1034.34,1034.34,1034.34,1034.34,1034.34,12486.6,4050.5,138.454,15.964,32.516,150.873,1034.34,32.499,33.527,34.556,35.585,36.614,37.643,15.964,25154.3,17631.6,150.873,15.964,1034.34,1034.34,1034.34,1034.34,1034.34,20118.0,5036.3,150.873,15.964,92.096,100.357,0.855,1.778,2.931,3.738,4.084
2026-02,CGE,CGE DISTRIBUCIÓN,María Pinto,STxE-6-A,Aéreo,16821.7,13512.0,140.572,21.435,1034.34,1034.34,1034.34,1034.34,1034.34,12762.8,4059.0,140.572,21.435,33.414,153.183,1034.34,32.499,33.543,34.587,35.632,36.676,37.721,21.435,25454.6,17859.2,153.183,21.435,1034.34,1034.34,1034.34,1034.34,1034.34,20407.9,5046.8,153.183,21.435,93.877,102.297,0.855,1.778,2.931,3.738,4.084
2026-02,CGE,CGE DISTRIBUCIÓN,Maule,STxE-14-A,Aéreo,16821.7,13512.0,140.572,21.435,1034.34,1034.34,1034.34,1034.34,1034.34,12762.8,4059.0,140.572,21.435,33.414,153.183,1034.34,32.499,33.543,34.587,35.632,36.676,37.721,21.435,25454.6,17859.2,153.183,21.435,1034.34,1034.34,1034.34,1034.34,1034.34,20407.9,5046.8,153.183,21.435,93.877,102.297,0.855,1.778,2.931,3.738,4.084
2026-02,CGE,CGE DISTRIBUCIÓN,Melipilla,STxE-6-A,Aéreo,16821.7,13512.0,140.572,21.435,1034.34,1034.34,1034.34,1034.34,1034.34,12762.8,4059.0,140.572,21.435,33.414,153.183,1034.34,32.499,33.543,34.587,35.632,36.676,37.721,21.435,25454.6,17859.2,153.183,21.435,1034.34,1034.34,1034.34,1034.34,1034.34,20407.9,5046.8,153.183,21.435,93.877,102.297,0.855,1.778,2.931,3.738,4.084
2026-02,CGE,CGE DISTRIBUCIÓN,Molina,STxE-6-A,Aéreo,16821.7,13512.0,140.572,21.435,1034.34,1034.34,1034.34,1034.34,1034.34,12762.8,4059.0,140.572,21.435,33.414,153.183,1034.34,32.499,33.543,34.587,35.632,36.676,37.721,21.435,25454.6,17859.2,153.183,21.435,1034.34,1034.34,1034.34,1034.34,1034.34,20407.9,5046.8,153.183,21.435,93.877,102.297,0.855,1.778,2.931,3.738,4.084
2026-02,CGE,CGE DISTRIBUCIÓN,Mostazal,STxE-1-A,Aéreo,16821.7,13512.0,129.111,21.435,1034.34,1034.34,1034.34,1034.34,1034.34,12762.8,4059.0,129.111,21.435,33.414,140.693,1034.34,32.499,33.543,34.587,35.632,36.676,37.721,21.435,25454.6,17859.2,140.693,21.435,1034.34,1034.34,1034.34,1034.34,1034.34,20407.9,5046.8,140.693,21.435,84.244,91.8,0.855,1.778,2.931,3.738,4.084
2026-02,CGE,CGE DISTRIBUCIÓN,Mulchén,STxE-2-A,Aéreo,16986.7,13630.6,140.572,21.435,1034.34,1034.34,1034.34,1034.34,1034.34,12828.6,4158.2,140.572,21.435,33.414,153.183,1034.34,52.399,52.399,52.399,52.399,52.399,52.399,21.435,33757.1,23318.8,153.183,21.435,1034.34,1034.34,1034.34,1034.34,1034.34,24101.8,9655.3,153.183,21.435,93.877,102.297,0.855,1.778,2.931,3.738,4.084
2026-02,CGE,CGE DISTRIBUCIÓN,Nancagua,STxE-6-A,Aéreo,16821.7,13512.0,140.572,21.435,1034.34,1034.34,1034.34,1034.34,1034.34,12762.8,4059.0,140.572,21.435,33.414,153.183,1034.34,32.499,33.543,34.587,35.632,36.676,37.721,21.435,25454.6,17859.2,153.183,21.435,1034.34,1034.34,1034.34,1034.34,1034.34,20407.9,5046.8,153.183,21.435,93.877,102.297,0.855,1.778,2.931,3.738,4.084
2026-02,CGE,CGE DISTRIBUCIÓN,Navidad,STxE-6-A,Aéreo,16821.7,13512.0,140.572,21.435,1034.34,1034.34,1034.34,1034.34,1034.34,12762.8,4059.0,140.572,21.435,33.414,153.183,1034.34,32.499,33.543,34.587,35.632,36.676,37.721,21.435,25454.6,17859.2,153.183,21.435,1034.34,1034.34,1034.34,1034.34,1034.34,20407.9,5046.8,153.183,21.435,93.877,102.297,0.855,1.778,2.931,3.738,4.084
2026-02,CGE,CGE DISTRIBUCIÓN,Ninhue,STxE-27-A,Aéreo,16986.7,13630.6,140.572,21.435,1034.34,1034.34,1034.34,1034.34,1034.34,12828.6,4158.2,140.572,21.435,33.414,153.183,1034.34,52.399,52.399,52.399,52.399,52.399,52.399,21.435,33757.1,23318.8,153.183,21.435,1034.34,1034.34,1034.34,1034.34,1034.34,24101.8,9655.3,153.183,21.435,93.877,102.297,0.855,1.778,2.931,3.738,4.084
2026-02,CGE,CGE DISTRIBUCIÓN,Olivar,STxE-1-A,Aéreo,16821.7,13512.0,140.572,21.435,1034.34,1034.34,1034.34,1034.34,1034.34,12762.8,4059.0,140.572,21.435,33.414,153.183,1034.34,32.499,33.543,34.587,35.632,36.676,37.721,21.435,25454.6,17859.2,153.183,21.435,1034.34,1034.34,1034.34,1034.34,1034.34,20407.9,5046.8,153.183,21.435,93.877,102.297,0.855,1.778,2.931,3.738,4.084
2026-02,CGE,CGE DISTRIBUCIÓN,Padre Hurtado,STxD-3-A,Aéreo,16537.1,13269.3,138.454,15.964,1034.34,1034.34,1034.34,1034.34,1034.34,12486.6,4050.5,138.454,15.964,32.516,150.873,1034.34,32.499,33.527,34.556,35.585,36.614,37.643,15.964,25154.3,17631.6,150.873,15.964,1034.34,1034.34,1034.34,1034.34,1034.34,20118.0,5036.3,150.873,15.964,92.096,100.357,0.855,1.778,2.931,3.738,4.084
2026-02,CGE,CGE DISTRIBUCIÓN,Padre las Casas,STxE-20-A,Aéreo,16986.7,13630.6,140.572,21.435,1034.34,1034.34,1034.34,1034.34,1034.34,12828.6,4158.2,140.572,21.435,33.414,153.183,1034.34,52.399,52.399,52.399,52.399,52.399,52.399,21.435,33757.1,23318.8,153.183,21.435,1034.34,1034.34,1034.34,1034.34,1034.34,24101.8,9655.3,153.183,21.435,93.877,102.297,0.855,1.778,2.931,3.738,4.084
2026-02,CGE,CGE DISTRIBUCIÓN,Paine,STxE-1-A,Aéreo,16821.7,13512.0,140.572,21.435,1034.34,1034.34,1034.34,1034.34,1034.34,12762.8,4059.0,140.572,21.435,33.414,153.183,1034.34,32.499,33.543,34.587,35.632,36.676,37.721,21.435,25454.6,17859.2,153.183,21.435,1034.34,1034.34,1034.34,1034.34,1034.34,20407.9,5046.8,153.183,21.435,93.877,102.297,0.855,1.778,2.931,3.738,4.084
2026-02,CGE,CGE DISTRIBUCIÓN,Palmilla,STxE-6-A,Aéreo,16821.7,13512.0,140.572,21.435,1034.34,1034.34,1034.34,1034.34,1034.34,12762.8,4059.0,140.572,21.435,33.414,153.183,1034.34,32.499,33.543,34.587,35.632,36.676,37.721,21.435,25454.6,17859.2,153.183,21.435,1034.34,1034.34,1034.34,1034.34,1034.34,20407.9,5046.8,153.183,21.435,93.877,102.297,0.855,1.778,2.931,3.738,4.084
2026-02,CGE,CGE DISTRIBUCIÓN,Paredones,STxE-6-A,Aéreo,16821.7,13512.0,140.572,21.435,1034.34,1034.34,1034.34,1034.34,1034.34,12762.8,4059.0,140.572,21.435,33.414,153.183,1034.34,32.499,33.543,34.587,35.632,36.676,37.721,21.435,25454.6,17859.2,153.183,21.435,1034.34,1034.34,1034.34,1034.34,1034.34,20407.9,5046.8,153.183,21.435,93.877,102.297,0.855,1.778,2.931,3.738,4.084
2026-02,CGE,CGE DISTRIBUCIÓN,Parral,STxE-25-A,Aéreo,16986.7,13630.6,140.572,21.435,1034.34,1034.34,1034.34,1034.34,1034.34,12828.6,4158.2,140.572,21.435,33.414,153.183,1034.34,52.399,52.399,52.399,52.399,52.399,52.399,21.435,33757.1,23318.8,153.183,21.435,1034.34,1034.34,1034.34,1034.34,1034.34,24101.8,9655.3,153.183,21.435,93.877,102.297,0.855,1.778,2.931,3.738,4.084
2026-02,CGE,CGE DISTRIBUCIÓN,Pelarco,STxE-4-A,Aéreo,16821.7,13512.0,140.572,21.435,1034.34,1034.34,1034.34,1034.34,1034.34,12762.8,4059.0,140.572,21.435,33.414,153.183,1034.34,32.499,33.543,34.587,35.632,36.676,37.721,21.435,25454.6,17859.2,153.183,21.435,1034.34,1034.34,1034.34,1034.34,1034.34,20407.9,5046.8,153.183,21.435,93.877,102.297,0.855,1.778,2.931,3.738,4.084
2026-02,CGE,CGE DISTRIBUCIÓN,Pelluhue,STxE-6-A,Aéreo,16821.7,13512.0,140.572,21.435,1034.34,1034.34,1034.34,1034.34,1034.34,12762.8,4059.0,140.572,21.435,33.414,153.183,1034.34,32.499,33.543,34.587,35.632,36.676,37.721,21.435,25454.6,17859.2,153.183,21.435,1034.34,1034.34,1034.34,1034.34,1034.34,20407.9,5046.8,153.183,21.435,93.877,102.297,0.855,1.778,2.931,3.738,4.084
2026-02,CGE,CGE DISTRIBUCIÓN,Pencahue,STxE-14-A,Aéreo,16821.7,13512.0,140.572,21.435,1034.34,1034.34,1034.34,1034.34,1034.34,12762.8,4059.0,140.572,21.435,33.414,153.183,1034.34,32.499,33.543,34.587,35.632,36.676,37.721,21.435,25454.6,17859.2,153.183,21.435,1034.34,1034.34,1034.34,1034.34,1034.34,20407.9,5046.8,153.183,21.435,93.877,102.297,0.855,1.778,2.931,3.738,4.084
2026-02,CGE,CGE DISTRIBUCIÓN,Penco,STxE-2-A,Aéreo,16821.7,13512.0,140.572,21.435,1034.34,1034.34,1034.34,1034.34,1034.34,12762.8,4059.0,140.572,21.435,33.414,153.183,1034.34,32.499,33.543,34.587,35.632,36.676,37.721,21.435,25454.6,17859.2,153.183,21.435,1034.34,1034.34,1034.34,1034.34,1034.34,20407.9,5046.8,153.183,21.435,93.877,102.297,0.855,1.778,2.931,3.738,4.084
2026-02,CGE,CGE DISTRIBUCIÓN,Peralillo,STxE-6-A,Aéreo,16821.7,13512.0,140.572,21.435,1034.34,1034.34,1034.34,1034.34,1034.34,12762.8,4059.0,140.572,21.435,33.414,153.183,1034.34,32.499,33.543,34.587,35.632,36.676,37.721,21.435,25454.6,17859.2,153.183,21.435,1034.34,1034.34,1034.34,1034.34,1034.34,20407.9,5046.8,153.183,21.435,93.877,102.297,0.855,1.778,2.931,3.738,4.084
2026-02,CGE,CGE DISTRIBUCIÓN,Peumo,STxE-1-A,Aéreo,16821.7,13512.0,140.572,21.435,1034.34,1034.34,1034.34,1034.34,1034.34,12762.8,4059.0,140.572,21.435,33.414,153.183,1034.34,32.499,33.543,34.587,35.632,36.676,37.721,21.435,25454.6,17859.2,153.183,21.435,1034.34,1034.34,1034.34,1034.34,1034.34,20407.9,5046.8,153.183,21.435,93.877,102.297,0.855,1.778,2.931,3.738,4.084
2026-02,CGE,CGE DISTRIBUCIÓN,Peñaflor,STxD-3-A,Aéreo,16537.1,13269.3,138.454,15.964,1034.34,1034.34,1034.34,1034.34,1034.34,12486.6,4050.5,138.454,15.964,32.516,150.873,1034.34,32.499,33.527,34.556,35.585,36.614,37.643,15.964,25154.3,17631.6,150.873,15.964,1034.34,1034.34,1034.34,1034.34,1034.34,20118.0,5036.3,150.873,15.964,92.096,100.357,0.855,1.778,2.931,3.738,4.084
2026-02,CGE,CGE DISTRIBUCIÓN,Peñaflor,STxE-3-A,Aéreo,16656.1,13392.9,140.572,21.435,1034.34,1034.34,1034.34,1034.34,1034.34,12696.7,3959.2,140.572,21.435,33.414,153.183,1034.34,32.499,33.358,34.217,35.076,35.936,36.795,21.435,25074.7,17609.4,153.183,21.435,1034.34,1034.34,1034.34,1034.34,1034.34,20151.9,4922.8,153.183,21.435,93.877,102.297,0.855,1.778,2.931,3.738,4.084
2026-02,CGE,CGE DISTRIBUCIÓN,Pichidegua,STxE-1-A,Aéreo,16821.7,13512.0,129.111,21.435,1034.34,1034.34,1034.34,1034.34,1034.34,12762.8,4059.0,129.111,21.435,33.414,140.693,1034.34,32.499,33.543,34.587,35.632,36.676,37.721,21.435,25454.6,17859.2,140.693,21.435,1034.34,1034.34,1034.34,1034.34,1034.34,20407.9,5046.8,140.693,21.435,84.244,91.8,0.855,1.778,2.931,3.738,4.084
2026-02,CGE,CGE DISTRIBUCIÓN,Pichilemu,STxE-6-A,Aéreo,16821.7,13512.0,140.572,21.435,1034.34,1034.34,1034.34,1034.34,1034.34,12762.8,4059.0,140.572,21.435,33.414,153.183,1034.34,32.499,33.543,34.587,35.632,36.676,37.721,21.435,25454.6,17859.2,153.183,21.435,1034.34,1034.34,1034.34,1034.34,1034.34,20407.9,5046.8,153.183,21.435,93.877,102.297,0.855,1.778,2.931,3.738,4.084
2026-02,CGE,CGE DISTRIBUCIÓN,Pinto,STxE-26-A,Aéreo,16986.7,13630.6,140.572,21.435,1034.34,1034.34,1034.34,1034.34,1034.34,12828.6,4158.2,140.572,21.435,33.414,153.183,1034.34,52.399,52.399,52.399,52.399,52.399,52.399,21.435,33757.1,23318.8,153.183,21.435,1034.34,1034.34,1034.34,1034.34,1034.34,24101.8,9655.3,153.183,21.435,93.877,102.297,0.855,1.778,2.931,3.738,4.084
2026-02,CGE,CGE DISTRIBUCIÓN,Pirque,STxD-1-A,Aéreo,16537.1,13269.3,131.92,15.964,1034.34,1034.34,1034.34,1034.34,1034.34,12486.6,4050.5,131.92,15.964,32.516,143.753,1034.34,32.499,33.527,34.556,35.585,36.614,37.643,15.964,25154.3,17631.6,143.753,15.964,1034.34,1034.34,1034.34,1034.34,1034.34,20118.0,5036.3,143.753,15.964,86.606,94.374,0.855,1.778,2.931,3.738,4.084
2026-02,CGE,CGE DISTRIBUCIÓN,Pitrufquén,STxE-20-A,Aéreo,16986.7,13630.6,140.572,21.435,1034.34,1034.34,1034.34,1034.34,1034.34,12828.6,4158.2,140.572,21.435,33.414,153.183,1034.34,52.399,52.399,52.399,52.399,52.399,52.399,21.435,33757.1,23318.8,153.183,21.435,1034.34,1034.34,1034.34,1034.34,1034.34,24101.8,9655.3,153.183,21.435,93.877,102.297,0.855,1.778,2.931,3.738,4.084
2026-02,CGE,CGE DISTRIBUCIÓN,Placilla,STxE-6-A,Aéreo,16821.7,13512.0,140.572,21.435,1034.34,1034.34,1034.34,1034.34,1034.34,12762.8,4059.0,140.572,21.435,33.414,153.183,1034.34,32.499,33.543,34.587,35.632,36.676,37.721,21.435,25454.6,17859.2,153.183,21.435,1034.34,1034.34,1034.34,1034.34,1034.34,20407.9,5046.8,153.183,21.435,93.877,102.297,0.855,1.778,2.931,3.738,4.084
2026-02,CGE,CGE DISTRIBUCIÓN,Portezuelo,STxE-26-A,Aéreo,16986.7,13630.6,140.572,21.435,1034.34,1034.34,1034.34,1034.34,1034.34,12828.6,4158.2,140.572,21.435,33.414,153.183,1034.34,52.399,52.399,52.399,52.399,52.399,52.399,21.435,33757.1,23318.8,153.183,21.435,1034.34,1034.34,1034.34,1034.34,1034.34,24101.8,9655.3,153.183,21.435,93.877,102.297,0.855,1.778,2.931,3.738,4.084
2026-02,CGE,CGE DISTRIBUCIÓN,Pucón,STxE-2-A,Aéreo,16821.7,13512.0,140.572,21.435,1034.34,1034.34,1034.34,1034.34,1034.34,12762.8,4059.0,140.572,21.435,33.414,153.183,1034.34,32.499,33.543,34.587,35.632,36.676,37.721,21.435,25454.6,17859.2,153.183,21.435,1034.34,1034.34,1034.34,1034.34,1034.34,20407.9,5046.8,153.183,21.435,93.877,102.297,0.855,1.778,2.931,3.738,4.084
2026-02,CGE,CGE DISTRIBUCIÓN,Puente Alto,STxD-3-A,Aéreo,17180.4,13731.9,138.454,15.964,1034.34,1034.34,1034.34,1034.34,1034.34,12743.0,4437.5,138.454,15.964,32.516,150.873,1034.34,27.948,28.956,29.965,30.975,31.984,32.993,15.964,23247.0,16377.5,150.873,15.964,1034.34,1034.34,1034.34,1034.34,1034.34,19643.9,3603.2,150.873,15.964,92.096,100.357,0.855,1.778,2.931,3.738,4.084
2026-02,CGE,CGE DISTRIBUCIÓN,Pumanque,STxE-6-A,Aéreo,16821.7,13512.0,140.572,21.435,1034.34,1034.34,1034.34,1034.34,1034.34,12762.8,4059.0,140.572,21.435,33.414,153.183,1034.34,32.499,33.543,34.587,35.632,36.676,37.721,21.435,25454.6,17859.2,153.183,21.435,1034.34,1034.34,1034.34,1034.34,1034.34,20407.9,5046.8,153.183,21.435,93.877,102.297,0.855,1.778,2.931,3.738,4.084
2026-02,CGE,CGE DISTRIBUCIÓN,Quinta de Tilcoco,STxE-1-A,Aéreo,16821.7,13512.0,140.572,21.435,1034.34,1034.34,1034.34,1034.34,1034.34,12762.8,4059.0,140.572,21.435,33.414,153.183,1034.34,32.499,33.543,34.587,35.632,36.676,37.721,21.435,25454.6,17859.2,153.183,21.435,1034.34,1034.34,1034.34,1034.34,1034.34,20407.9,5046.8,153.183,21.435,93.877,102.297,0.855,1.778,2.931,3.738,4.084
2026-02,CGE,CGE DISTRIBUCIÓN,Quirihue,STxE-6-A,Aéreo,16986.7,13630.6,140.572,21.435,1034.34,1034.34,1034.34,1034.34,1034.34,12828.6,4158.2,140.572,21.435,33.414,153.183,1034.34,52.399,52.399,52.399,52.399,52.399,52.399,21.435,33757.1,23318.8,153.183,21.435,1034.34,1034.34,1034.34,1034.34,1034.34,24101.8,9655.3,153.183,21.435,93.877,102.297,0.855,1.778,2.931,3.738,4.084
2026-02,CGE,CGE DISTRIBUCIÓN,Rancagua,STxE-1-A,Aéreo,16821.7,13512.0,140.572,21.435,1034.34,1034.34,1034.34,1034.34,1034.34,12762.8,4059.0,140.572,21.435,33.414,153.183,1034.34,32.499,33.543,34.587,35.632,36.676,37.721,21.435,25454.6,17859.2,153.183,21.435,1034.34,1034.34,1034.34,1034.34,1034.34,20407.9,5046.8,153.183,21.435,93.877,102.297,0.855,1.778,2.931,3.738,4.084
2026-02,CGE,CGE DISTRIBUCIÓN,Rancagua,STxE-1-S1,Subt.1,21546.3,16909.7,140.572,21.435,1034.34,1034.34,1034.34,1034.34,1034.34,14645.8,6900.5,140.572,21.435,33.414,153.183,1034.34,41.742,43.084,44.425,45.766,47.109,48.45,21.435,29855.0,20752.8,153.183,21.435,1034.34,1034.34,1034.34,1034.34,1034.34,23372.7,6482.2,153.183,21.435,93.877,102.297,0.855,1.778,2.931,3.738,4.084
2026-02,CGE,CGE DISTRIBUCIÓN,Rancagua,STxE-1-S2,Subt.2,16821.7,13512.0,140.572,21.435,1034.34,1034.34,1034.34,1034.34,1034.34,12762.8,4059.0,140.572,21.435,33.414,153.183,1034.34,38.287,39.518,40.749,41.98,43.21,44.441,21.435,28210.5,19671.4,153.183,21.435,1034.34,1034.34,1034.34,1034.34,1034.34,22264.7,5945.7,153.183,21.435,93.877,102.297,0.855,1.778,2.931,3.738,4.084
2026-02,CGE,CGE DISTRIBUCIÓN,Rancagua,STxE-1-S3,Subt.3,21546.3,16909.7,140.572,21.435,1034.34,1034.34,1034.34,1034.34,1034.34,14645.8,6900.5,140.572,21.435,33.414,153.183,1034.34,47.531,48.137,48.742,49.348,49.954,50.558,21.435,32610.8,22564.9,153.183,21.435,1034.34,1034.34,1034.34,1034.34,1034.34,25229.5,7381.2,153.183,21.435,93.877,102.297,0.855,1.778,2.931,3.738,4.084
2026-02,CGE,CGE DISTRIBUCIÓN,Rauco,STxE-1-A,Aéreo,16821.7,13512.0,140.572,21.435,1034.34,1034.34,1034.34,1034.34,1034.34,12762.8,4059.0,140.572,21.435,33.414,153.183,1034.34,32.499,33.543,34.587,35.632,36.676,37.721,21.435,25454.6,17859.2,153.183,21.435,1034.34,1034.34,1034.34,1034.34,1034.34,20407.9,5046.8,153.183,21.435,93.877,102.297,0.855,1.778,2.931,3.738,4.084
2026-02,CGE,CGE DISTRIBUCIÓN,Rengo,STxE-1-A,Aéreo,16821.7,13512.0,140.572,21.435,1034.34,1034.34,1034.34,1034.34,1034.34,12762.8,4059.0,140.572,21.435,33.414,153.183,1034.34,32.499,33.543,34.587,35.632,36.676,37.721,21.435,25454.6,17859.2,153.183,21.435,1034.34,1034.34,1034.34,1034.34,1034.34,20407.9,5046.8,153.183,21.435,93.877,102.297,0.855,1.778,2.931,3.738,4.084
2026-02,CGE,CGE DISTRIBUCIÓN,Requínoa,STxE-1-A,Aéreo,16821.7,13512.0,133.911,21.435,1034.34,1034.34,1034.34,1034.34,1034.34,12762.8,4059.0,133.911,21.435,33.414,145.923,1034.34,32.499,33.543,34.587,35.632,36.676,37.721,21.435,25454.6,17859.2,145.923,21.435,1034.34,1034.34,1034.34,1034.34,1034.34,20407.9,5046.8,145.923,21.435,88.278,96.197,0.855,1.778,2.931,3.738,4.084
2026-02,CGE,CGE DISTRIBUCIÓN,Retiro,STxE-25-A,Aéreo,16986.7,13630.6,140.572,21.435,1034.34,1034.34,1034.34,1034.34,1034.34,12828.6,4158.2,140.572,21.435,33.414,153.183,1034.34,52.399,52.399,52.399,52.399,52.399,52.399,21.435,33757.1,23318.8,153.183,21.435,1034.34,1034.34,1034.34,1034.34,1034.34,24101.8,9655.3,153.183,21.435,93.877,102.297,0.855,1.778,2.931,3.738,4.084
2026-02,CGE,CGE DISTRIBUCIÓN,Romeral,STxE-1-A,Aéreo,16821.7,13512.0,140.572,21.435,1034.34,1034.34,1034.34,1034.34,1034.34,12762.8,4059.0,140.572,21.435,33.414,153.183,1034.34,32.499,33.543,34.587,35.632,36.676,37.721,21.435,25454.6,17859.2,153.183,21.435,1034.34,1034.34,1034.34,1034.34,1034.34,20407.9,5046.8,153.183,21.435,93.877,102.297,0.855,1.778,2.931,3.738,4.084
2026-02,CGE,CGE DISTRIBUCIÓN,Ránquil,STxE-6-A,Aéreo,16986.7,13630.6,129.111,21.435,1034.34,1034.34,1034.34,1034.34,1034.34,12828.6,4158.2,129.111,21.435,33.414,140.693,1034.34,52.399,52.399,52.399,52.399,52.399,52.399,21.435,33757.1,23318.8,140.693,21.435,1034.34,1034.34,1034.34,1034.34,1034.34,24101.8,9655.3,140.693,21.435,84.244,91.8,0.855,1.778,2.931,3.738,4.084
2026-02,CGE,CGE DISTRIBUCIÓN,Río Claro,STxE-14-A,Aéreo,16821.7,13512.0,140.572,21.435,1034.34,1034.34,1034.34,1034.34,1034.34,12762.8,4059.0,140.572,21.435,33.414,153.183,1034.34,32.499,33.543,34.587,35.632,36.676,37.721,21.435,25454.6,17859.2,153.183,21.435,1034.34,1034.34,1034.34,1034.34,1034.34,20407.9,5046.8,153.183,21.435,93.877,102.297,0.855,1.778,2.931,3.738,4.084
2026-02,CGE,CGE DISTRIBUCIÓN,Sagrada Familia,STxE-1-A,Aéreo,16821.7,13512.0,140.572,21.435,1034.34,1034.34,1034.34,1034.34,1034.34,12762.8,4059.0,140.572,21.435,33.414,153.183,1034.34,32.499,33.543,34.587,35.632,36.676,37.721,21.435,25454.6,17859.2,153.183,21.435,1034.34,1034.34,1034.34,1034.34,1034.34,20407.9,5046.8,153.183,21.435,93.877,102.297,0.855,1.778,2.931,3.738,4.084
2026-02,CGE,CGE DISTRIBUCIÓN,San Antonio,STxE-6-A,Aéreo,16821.7,13512.0,140.572,21.435,1034.34,1034.34,1034.34,1034.34,1034.34,12762.8,4059.0,140.572,21.435,33.414,153.183,1034.34,32.499,33.543,34.587,35.632,36.676,37.721,21.435,25454.6,17859.2,153.183,21.435,1034.34,1034.34,1034.34,1034.34,1034.34,20407.9,5046.8,153.183,21.435,93.877,102.297,0.855,1.778,2.931,3.738,4.084
2026-02,CGE,CGE DISTRIBUCIÓN,San Bernardo,STxD-3-A,Aéreo,16537.1,13269.3,138.454,15.964,1034.34,1034.34,1034.34,1034.34,1034.34,12486.6,4050.5,138.454,15.964,32.516,150.873,1034.34,32.499,33.527,34.556,35.585,36.614,37.643,15.964,25154.3,17631.6,150.873,15.964,1034.34,1034.34,1034.34,1034.34,1034.34,20118.0,5036.3,150.873,15.964,92.096,100.357,0.855,1.778,2.931,3.738,4.084
2026-02,CGE,CGE DISTRIBUCIÓN,San Carlos,STxE-19-A,Aéreo,16986.7,13630.6,140.572,21.435,1034.34,1034.34,1034.34,1034.34,1034.34,12828.6,4158.2,140.572,21.435,33.414,153.183,1034.34,52.399,52.399,52.399,52.399,52.399,52.399,21.435,33757.1,23318.8,153.183,21.435,1034.34,1034.34,1034.34,1034.34,1034.34,24101.8,9655.3,153.183,21.435,93.877,102.297,0.855,1.778,2.931,3.738,4.084
2026-02,CGE,CGE DISTRIBUCIÓN,San Clemente,STxE-25-A,Aéreo,16821.7,13512.0,129.111,21.435,1034.34,1034.34,1034.34,1034.34,1034.34,12762.8,4059.0,129.111,21.435,33.414,140.693,1034.34,32.499,33.543,34.587,35.632,36.676,37.721,21.435,25454.6,17859.2,140.693,21.435,1034.34,1034.34,1034.34,1034.34,1034.34,20407.9,5046.8,140.693,21.435,84.244,91.8,0.855,1.778,2.931,3.738,4.084
2026-02,CGE,CGE DISTRIBUCIÓN,San Fabián,STxE-26-A,Aéreo,16986.7,13630.6,140.572,21.435,1034.34,1034.34,1034.34,1034.34,1034.34,12828.6,4158.2,140.572,21.435,33.414,153.183,1034.34,52.399,52.399,52.399,52.399,52.399,52.399,21.435,33757.1,23318.8,153.183,21.435,1034.34,1034.34,1034.34,1034.34,1034.34,24101.8,9655.3,153.183,21.435,93.877,102.297,0.855,1.778,2.931,3.738,4.084
2026-02,CGE,CGE DISTRIBUCIÓN,San Fernando,STxE-1-A,Aéreo,16821.7,13512.0,133.911,21.435,1034.34,1034.34,1034.34,1034.34,1034.34,12762.8,4059.0,133.911,21.435,33.414,145.923,1034.34,32.499,33.543,34.587,35.632,36.676,37.721,21.435,25454.6,17859.2,145.923,21.435,1034.34,1034.34,1034.34,1034.34,1034.34,20407.9,5046.8,145.923,21.435,88.278,96.197,0.855,1.778,2.931,3.738,4.084
2026-02,CGE,CGE DISTRIBUCIÓN,San Javier,STxE-15-A,Aéreo,17148.0,13746.6,140.572,21.435,1034.34,1034.34,1034.34,1034.34,1034.34,12892.8,4255.2,140.572,21.435,33.414,153.183,1034.34,41.921,43.028,44.135,45.241,46.348,47.455,21.435,29447.0,20484.5,153.183,21.435,1034.34,1034.34,1034.34,1034.34,1034.34,22319.9,7127.1,153.183,21.435,93.877,102.297,0.855,1.778,2.931,3.738,4.084
2026-02,CGE,CGE DISTRIBUCIÓN,San José de Maipo,STxD-3-A,Aéreo,16537.1,13269.3,127.21,15.964,1034.34,1034.34,1034.34,1034.34,1034.34,12486.6,4050.5,127.21,15.964,32.516,138.621,1034.34,32.499,33.527,34.556,35.585,36.614,37.643,15.964,25154.3,17631.6,138.621,15.964,1034.34,1034.34,1034.34,1034.34,1034.34,20118.0,5036.3,138.621,15.964,82.647,90.061,0.855,1.778,2.931,3.738,4.084
2026-02,CGE,CGE DISTRIBUCIÓN,San Nicolás,STxE-21-A,Aéreo,16986.7,13630.6,140.572,21.435,1034.34,1034.34,1034.34,1034.34,1034.34,12828.6,4158.2,140.572,21.435,33.414,153.183,1034.34,52.399,52.399,52.399,52.399,52.399,52.399,21.435,33757.1,23318.8,153.183,21.435,1034.34,1034.34,1034.34,1034.34,1034.34,24101.8,9655.3,153.183,21.435,93.877,102.297,0.855,1.778,2.931,3.738,4.084
2026-02,CGE,CGE DISTRIBUCIÓN,San Pedro,STxE-6-A,Aéreo,16821.7,13512.0,133.911,21.435,1034.34,1034.34,1034.34,1034.34,1034.34,12762.8,4059.0,133.911,21.435,33.414,145.923,1034.34,32.499,33.543,34.587,35.632,36.676,37.721,21.435,25454.6,17859.2,145.923,21.435,1034.34,1034.34,1034.34,1034.34,1034.34,20407.9,5046.8,145.923,21.435,88.278,96.197,0.855,1.778,2.931,3.738,4.084
2026-02,CGE,CGE DISTRIBUCIÓN,San Rafael,STxE-1-A,Aéreo,16821.7,13512.0,140.572,21.435,1034.34,1034.34,1034.34,1034.34,1034.34,12762.8,4059.0,140.572,21.435,33.414,153.183,1034.34,32.499,33.543,34.587,35.632,36.676,37.721,21.435,25454.6,17859.2,153.183,21.435,1034.34,1034.34,1034.34,1034.34,1034.34,20407.9,5046.8,153.183,21.435,93.877,102.297,0.855,1.778,2.931,3.738,4.084
2026-02,CGE,CGE DISTRIBUCIÓN,San Vicente,STxE-1-A,Aéreo,16821.7,13512.0,140.572,21.435,1034.34,1034.34,1034.34,1034.34,1034.34,12762.8,4059.0,140.572,21.435,33.414,153.183,1034.34,32.499,33.543,34.587,35.632,36.676,37.721,21.435,25454.6,17859.2,153.183,21.435,1034.34,1034.34,1034.34,1034.34,1034.34,20407.9,5046.8,153.183,21.435,93.877,102.297,0.855,1.778,2.931,3.738,4.084
2026-02,CGE,CGE DISTRIBUCIÓN,Santa Cruz,STxE-6-A,Aéreo,16821.7,13512.0,140.572,21.435,1034.34,1034.34,1034.34,1034.34,1034.34,12762.8,4059.0,140.572,21.435,33.414,153.183,1034.34,32.499,33.543,34.587,35.632,36.676,37.721,21.435,25454.6,17859.2,153.183,21.435,1034.34,1034.34,1034.34,1034.34,1034.34,20407.9,5046.8,153.183,21.435,93.877,102.297,0.855,1.778,2.931,3.738,4.084
2026-02,CGE,CGE DISTRIBUCIÓN,Santo Domingo,STxE-6-A,Aéreo,16821.7,13512.0,140.572,21.435,1034.34,1034.34,1034.34,1034.34,1034.34,12762.8,4059.0,140.572,21.435,33.414,153.183,1034.34,32.499,33.543,34.587,35.632,36.676,37.721,21.435,25454.6,17859.2,153.183,21.435,1034.34,1034.34,1034.34,1034.34,1034.34,20407.9,5046.8,153.183,21.435,93.877,102.297,0.855,1.778,2.931,3.738,4.084
2026-02,CGE,CGE DISTRIBUCIÓN,Talagante,STxD-6-A,Aéreo,16537.1,13269.3,138.454,15.964,1034.34,1034.34,1034.34,1034.34,1034.34,12486.6,4050.5,138.454,15.964,32.516,150.873,1034.34,32.499,33.527,34.556,35.585,36.614,37.643,15.964,25154.3,17631.6,150.873,15.964,1034.34,1034.34,1034.34,1034.34,1034.34,20118.0,5036.3,150.873,15.964,92.096,100.357,0.855,1.778,2.931,3.738,4.084
2026-02,CGE,CGE DISTRIBUCIÓN,Talagante,STxE-6-A,Aéreo,16821.7,13512.0,140.572,21.435,1034.34,1034.34,1034.34,1034.34,1034.34,12762.8,4059.0,140.572,21.435,33.414,153.183,1034.34,32.499,33.543,34.587,35.632,36.676,37.721,21.435,25454.6,17859.2,153.183,21.435,1034.34,1034.34,1034.34,1034.34,1034.34,20407.9,5046.8,153.183,21.435,93.877,102.297,0.855,1.778,2.931,3.738,4.084
2026-02,CGE,CGE DISTRIBUCIÓN,Talca,STxE-7-A,Aéreo,16821.7,13512.0,140.572,21.435,1034.34,1034.34,1034.34,1034.34,1034.34,12762.8,4059.0,140.572,21.435,33.414,153.183,1034.34,32.499,33.543,34.587,35.632,36.676,37.721,21.435,25454.6,17859.2,153.183,21.435,1034.34,1034.34,1034.34,1034.34,1034.34,20407.9,5046.8,153.183,21.435,93.877,102.297,0.855,1.778,2.931,3.738,4.084
2026-02,CGE,CGE DISTRIBUCIÓN,Talca,STxE-7-S1,Subt.1,21546.3,16909.7,140.572,21.435,1034.34,1034.34,1034.34,1034.34,1034.34,14645.8,6900.5,140.572,21.435,33.414,153.183,1034.34,41.742,43.084,44.425,45.766,47.109,48.45,21.435,29855.0,20752.8,153.183,21.435,1034.34,1034.34,1034.34,1034.34,1034.34,23372.7,6482.2,153.183,21.435,93.877,102.297,0.855,1.778,2.931,3.738,4.084
2026-02,CGE,CGE DISTRIBUCIÓN,Talca,STxE-7-S2,Subt.2,16821.7,13512.0,140.572,21.435,1034.34,1034.34,1034.34,1034.34,1034.34,12762.8,4059.0,140.572,21.435,33.414,153.183,1034.34,38.287,39.518,40.749,41.98,43.21,44.441,21.435,28210.5,19671.4,153.183,21.435,1034.34,1034.34,1034.34,1034.34,1034.34,22264.7,5945.7,153.183,21.435,93.877,102.297,0.855,1.778,2.931,3.738,4.084
2026-02,CGE,CGE DISTRIBUCIÓN,Talcahuano,STxE-2-A,Aéreo,16821.7,13512.0,140.572,21.435,1034.34,1034.34,1034.34,1034.34,1034.34,12762.8,4059.0,140.572,21.435,33.414,153.183,1034.34,32.499,33.543,34.587,35.632,36.676,37.721,21.435,25454.6,17859.2,153.183,21.435,1034.34,1034.34,1034.34,1034.34,1034.34,20407.9,5046.8,153.183,21.435,93.877,102.297,0.855,1.778,2.931,3.738,4.084
2026-02,CGE,CGE DISTRIBUCIÓN,Temuco,STxE-9-A,Aéreo,16986.7,13630.6,140.572,21.435,1034.34,1034.34,1034.34,1034.34,1034.34,12828.6,4158.2,140.572,21.435,33.414,153.183,1034.34,52.399,52.399,52.399,52.399,52.399,52.399,21.435,33757.1,23318.8,153.183,21.435,1034.34,1034.34,1034.34,1034.34,1034.34,24101.8,9655.3,153.183,21.435,93.877,102.297,0.855,1.778,2.931,3.738,4.084
2026-02,CGE,CGE DISTRIBUCIÓN,Temuco,STxE-9-S2,Subt.2,16986.7,13630.6,140.572,21.435,1034.34,1034.34,1034.34,1034.34,1034.34,12828.6,4158.2,140.572,21.435,33.414,153.183,1034.34,61.734,61.734,61.734,61.734,61.734,61.734,21.435,37991.9,26103.5,153.183,21.435,1034.34,1034.34,1034.34,1034.34,1034.34,26616.6,11375.3,153.183,21.435,93.877,102.297,0.855,1.778,2.931,3.738,4.084
2026-02,CGE,CGE DISTRIBUCIÓN,Teno,STxE-1-A,Aéreo,16821.7,13512.0,133.911,21.435,1034.34,1034.34,1034.34,1034.34,1034.34,12762.8,4059.0,133.911,21.435,33.414,145.923,1034.34,32.499,33.543,34.587,35.632,36.676,37.721,21.435,25454.6,17859.2,145.923,21.435,1034.34,1034.34,1034.34,1034.34,1034.34,20407.9,5046.8,145.923,21.435,88.278,96.197,0.855,1.778,2.931,3.738,4.084
2026-02,CGE,CGE DISTRIBUCIÓN,Tomé,STxE-2-A,Aéreo,16986.7,13630.6,140.572,21.435,1034.34,1034.34,1034.34,1034.34,1034.34,12828.6,4158.2,140.572,21.435,33.414,153.183,1034.34,52.399,52.399,52.399,52.399,52.399,52.399,21.435,33757.1,23318.8,153.183,21.435,1034.34,1034.34,1034.34,1034.34,1034.34,24101.8,9655.3,153.183,21.435,93.877,102.297,0.855,1.778,2.931,3.738,4.084
2026-02,CGE,CGE DISTRIBUCIÓN,Treguaco,STxE-26-A,Aéreo,16986.7,13630.6,140.572,21.435,1034.34,1034.34,1034.34,1034.34,1034.34,12828.6,4158.2,140.572,21.435,33.414,153.183,1034.34,52.399,52.399,52.399,52.399,52.399,52.399,21.435,33757.1,23318.8,153.183,21.435,1034.34,1034.34,1034.34,1034.34,1034.34,24101.8,9655.3,153.183,21.435,93.877,102.297,0.855,1.778,2.931,3.738,4.084
2026-02,CGE,CGE DISTRIBUCIÓN,Vichuquén,STxE-6-A,Aéreo,16821.7,13512.0,140.572,21.435,1034.34,1034.34,1034.34,1034.34,1034.34,12762.8,4059.0,140.572,21.435,33.414,153.183,1034.34,32.499,33.543,34.587,35.632,36.676,37.721,21.435,25454.6,17859.2,153.183,21.435,1034.34,1034.34,1034.34,1034.34,1034.34,20407.9,5046.8,153.183,21.435,93.877,102.297,0.855,1.778,2.931,3.738,4.084
2026-02,CGE,CGE DISTRIBUCIÓN,Vilcún,STxE-5-A,Aéreo,16986.7,13630.6,140.572,21.435,1034.34,1034.34,1034.34,1034.34,1034.34,12828.6,4158.2,140.572,21.435,33.414,153.183,1034.34,52.399,52.399,52.399,52.399,52.399,52.399,21.435,33757.1,23318.8,153.183,21.435,1034.34,1034.34,1034.34,1034.34,1034.34,24101.8,9655.3,153.183,21.435,93.877,102.297,0.855,1.778,2.931,3.738,4.084
2026-02,CGE,CGE DISTRIBUCIÓN,Villa Alegre,STxE-17-A,Aéreo,17148.0,13746.6,140.572,21.435,1034.34,1034.34,1034.34,1034.34,1034.34,12892.8,4255.2,140.572,21.435,33.414,153.183,1034.34,41.921,43.028,44.135,45.241,46.348,47.455,21.435,29447.0,20484.5,153.183,21.435,1034.34,1034.34,1034.34,1034.34,1034.34,22319.9,7127.1,153.183,21.435,93.877,102.297,0.855,1.778,2.931,3.738,4.084
2026-02,CGE,CGE DISTRIBUCIÓN,Villarrica,STxE-18-A,Aéreo,16986.7,13630.6,140.572,21.435,1034.34,1034.34,1034.34,1034.34,1034.34,12828.6,4158.2,140.572,21.435,33.414,153.183,1034.34,52.399,52.399,52.399,52.399,52.399,52.399,21.435,33757.1,23318.8,153.183,21.435,1034.34,1034.34,1034.34,1034.34,1034.34,24101.8,9655.3,153.183,21.435,93.877,102.297,0.855,1.778,2.931,3.738,4.084
2026-02,CGE,CGE DISTRIBUCIÓN,Yerbas Buenas,STxE-1-A,Aéreo,17148.0,13746.6,133.911,21.435,1034.34,1034.34,1034.34,1034.34,1034.34,12892.8,4255.2,133.911,21.435,33.414,145.923,1034.34,41.921,43.028,44.135,45.241,46.348,47.455,21.435,29447.0,20484.5,145.923,21.435,1034.34,1034.34,1034.34,1034.34,1034.34,22319.9,7127.1,145.923,21.435,88.278,96.197,0.855,1.778,2.931,3.738,4.084
2026-02,CGE,CGE DISTRIBUCIÓN,Ñiquén,STxE-24-A,Aéreo,16986.7,13630.6,140.572,21.435,1034.34,1034.34,1034.34,1034.34,1034.34,12828.6,4158.2,140.572,21.435,33.414,153.183,1034.34,52.399,52.399,52.399,52.399,52.399,52.399,21.435,33757.1,23318.8,153.183,21.435,1034.34,1034.34,1034.34,1034.34,1034.34,24101.8,9655.3,153.183,21.435,93.877,102.297,0.855,1.778,2.931,3.738,4.084
2026-01,CGE,CGE DISTRIBUCIÓN,Alhué,STxE-6-A,Aéreo,16858.1,13516.0,147.34,21.435,1036.34,1036.34,1036.34,1036.34,1036.34,12682.8,4175.2,147.34,21.435,32.893,160.556,1036.34,32.842,34.033,35.223,36.414,37.605,38.795,21.435,25739.7,18029.2,160.556,21.435,1036.34,1036.34,1036.34,1036.34,1036.34,20549.8,5189.9,160.556,21.435,99.883,108.842,0.855,1.778,2.931,3.738,4.084
2026-01,CGE,CGE DISTRIBUCIÓN,Buin,STxE-6-A,Aéreo,16858.1,13516.0,147.34,21.435,1036.34,1036.34,1036.34,1036.34,1036.34,12682.8,4175.2,147.34,21.435,32.893,160.556,1036.34,32.842,34.033,35.223,36.414,37.605,38.795,21.435,25739.7,18029.2,160.556,21.435,1036.34,1036.34,1036.34,1036.34,1036.34,20549.8,5189.9,160.556,21.435,99.883,108.842,0.855,1.778,2.931,3.738,4.084
2026-01,CGE,CGE DISTRIBUCIÓN,Calera de Tango,STxD-3-A,Aéreo,16653.8,13344.3,145.608,15.964,1036.34,1036.34,1036.34,1036.34,1036.34,12494.9,4159.1,145.608,15.964,32.305,158.67,1036.34,32.842,34.002,35.162,36.324,37.484,38.644,15.964,25502.1,17853.2,158.67,15.964,1036.34,1036.34,1036.34,1036.34,1036.34,20332.3,5169.7,158.67,15.964,98.428,107.257,0.855,1.778,2.931,3.738,4.084
2026-01,CGE,CGE DISTRIBUCIÓN,Cartagena,STxE-6-A,Aéreo,17369.4,13883.7,147.34,21.435,1036.34,1036.34,1036.34,1036.34,1036.34,12886.6,4482.7,147.34,21.435,32.893,160.556,1036.34,42.364,43.467,44.569,45.671,46.773,47.876,21.435,30329.1,21047.1,160.556,21.435,1036.34,1036.34,1036.34,1036.34,1036.34,22822.5,7506.5,160.556,21.435,99.883,108.842,0.855,1.778,2.931,3.738,4.084
2026-01,CGE,CGE DISTRIBUCIÓN,Cauquenes,STxE-6-A,Aéreo,16993.4,13613.5,147.34,21.435,1036.34,1036.34,1036.34,1036.34,1036.34,12736.8,4256.6,147.34,21.435,32.893,160.556,1036.34,52.953,52.953,52.953,52.953,52.953,52.953,21.435,34160.7,23566.8,160.556,21.435,1036.34,1036.34,1036.34,1036.34,1036.34,24278.9,9881.9,160.556,21.435,99.883,108.842,0.855,1.778,2.931,3.738,4.084
2026-01,CGE,CGE DISTRIBUCIÓN,Chanco,STxE-6-A,Aéreo,16858.1,13516.0,147.34,21.435,1036.34,1036.34,1036.34,1036.34,1036.34,12682.8,4175.2,147.34,21.435,32.893,160.556,1036.34,32.842,34.033,35.223,36.414,37.605,38.795,21.435,25739.7,18029.2,160.556,21.435,1036.34,1036.34,1036.34,1036.34,1036.34,20549.8,5189.9,160.556,21.435,99.883,108.842,0.855,1.778,2.931,3.738,4.084
2026-01,CGE,CGE DISTRIBUCIÓN,Chiguayante,STxE-2-A,Aéreo,16858.1,13516.0,147.34,21.435,1036.34,1036.34,1036.34,1036.34,1036.34,12682.8,4175.2,147.34,21.435,32.893,160.556,1036.34,32.842,34.033,35.223,36.414,37.605,38.795,21.435,25739.7,18029.2,160.556,21.435,1036.34,1036.34,1036.34,1036.34,1036.34,20549.8,5189.9,160.556,21.435,99.883,108.842,0.855,1.778,2.931,3.738,4.084
2026-01,CGE,CGE DISTRIBUCIÓN,Chillán,STxE-8-A,Aéreo,16993.4,13613.5,147.34,21.435,1036.34,1036.34,1036.34,1036.34,1036.34,12736.8,4256.6,147.34,21.435,32.893,160.556,1036.34,52.953,52.953,52.953,52.953,52.953,52.953,21.435,34160.7,23566.8,160.556,21.435,1036.34,1036.34,1036.34,1036.34,1036.34,24278.9,9881.9,160.556,21.435,99.883,108.842,0.855,1.778,2.931,3.738,4.084
2026-01,CGE,CGE DISTRIBUCIÓN,Chillán,STxE-8-S2,Subt.2,16993.4,13613.5,147.34,21.435,1036.34,1036.34,1036.34,1036.34,1036.34,12736.8,4256.6,147.34,21.435,32.893,160.556,1036.34,62.386,62.386,62.386,62.386,62.386,62.386,21.435,38495.2,26416.9,160.556,21.435,1036.34,1036.34,1036.34,1036.34,1036.34,26853.1,11642.2,160.556,21.435,99.883,108.842,0.855,1.778,2.931,3.738,4.084
2026-01,CGE,CGE DISTRIBUCIÓN,Chillán Viejo,STxE-12-A,Aéreo,16993.4,13613.5,147.34,21.435,1036.34,1036.34,1036.34,1036.34,1036.34,12736.8,4256.6,147.34,21.435,32.893,160.556,1036.34,52.953,52.953,52.953,52.953,52.953,52.953,21.435,34160.7,23566.8,160.556,21.435,1036.34,1036.34,1036.34,1036.34,1036.34,24278.9,9881.9,160.556,21.435,99.883,108.842,0.855,1.778,2.931,3.738,4.084
2026-01,CGE,CGE DISTRIBUCIÓN,Chimbarongo,STxE-1-A,Aéreo,16858.1,13516.0,147.34,21.435,1036.34,1036.34,1036.34,1036.34,1036.34,12682.8,4175.2,147.34,21.435,32.893,160.556,1036.34,32.842,34.033,35.223,36.414,37.605,38.795,21.435,25739.7,18029.2,160.556,21.435,1036.34,1036.34,1036.34,1036.34,1036.34,20549.8,5189.9,160.556,21.435,99.883,108.842,0.855,1.778,2.931,3.738,4.084
2026-01,CGE,CGE DISTRIBUCIÓN,Chépica,STxE-6-A,Aéreo,16858.1,13516.0,147.34,21.435,1036.34,1036.34,1036.34,1036.34,1036.34,12682.8,4175.2,147.34,21.435,32.893,160.556,1036.34,32.842,34.033,35.223,36.414,37.605,38.795,21.435,25739.7,18029.2,160.556,21.435,1036.34,1036.34,1036.34,1036.34,1036.34,20549.8,5189.9,160.556,21.435,99.883,108.842,0.855,1.778,2.931,3.738,4.084
2026-01,CGE,CGE DISTRIBUCIÓN,Cobquecura,STxE-6-A,Aéreo,16993.4,13613.5,147.34,21.435,1036.34,1036.34,1036.34,1036.34,1036.34,12736.8,4256.6,147.34,21.435,32.893,160.556,1036.34,52.953,52.953,52.953,52.953,52.953,52.953,21.435,34160.7,23566.8,160.556,21.435,1036.34,1036.34,1036.34,1036.34,1036.34,24278.9,9881.9,160.556,21.435,99.883,108.842,0.855,1.778,2.931,3.738,4.084
2026-01,CGE,CGE DISTRIBUCIÓN,Codegua,STxE-1-A,Aéreo,16858.1,13516.0,147.34,21.435,1036.34,1036.34,1036.34,1036.34,1036.34,12682.8,4175.2,147.34,21.435,32.893,160.556,1036.34,32.842,34.033,35.223,36.414,37.605,38.795,21.435,25739.7,18029.2,160.556,21.435,1036.34,1036.34,1036.34,1036.34,1036.34,20549.8,5189.9,160.556,21.435,99.883,108.842,0.855,1.778,2.931,3.738,4.084
2026-01,CGE,CGE DISTRIBUCIÓN,Coelemu,STxE-22-A,Aéreo,16993.4,13613.5,147.34,21.435,1036.34,1036.34,1036.34,1036.34,1036.34,12736.8,4256.6,147.34,21.435,32.893,160.556,1036.34,52.953,52.953,52.953,52.953,52.953,52.953,21.435,34160.7,23566.8,160.556,21.435,1036.34,1036.34,1036.34,1036.34,1036.34,24278.9,9881.9,160.556,21.435,99.883,108.842,0.855,1.778,2.931,3.738,4.084
2026-01,CGE,CGE DISTRIBUCIÓN,Coihueco,STxE-21-A,Aéreo,16993.4,13613.5,147.34,21.435,1036.34,1036.34,1036.34,1036.34,1036.34,12736.8,4256.6,147.34,21.435,32.893,160.556,1036.34,52.953,52.953,52.953,52.953,52.953,52.953,21.435,34160.7,23566.8,160.556,21.435,1036.34,1036.34,1036.34,1036.34,1036.34,24278.9,9881.9,160.556,21.435,99.883,108.842,0.855,1.778,2.931,3.738,4.084
2026-01,CGE,CGE DISTRIBUCIÓN,Coinco,STxE-1-A,Aéreo,16858.1,13516.0,147.34,21.435,1036.34,1036.34,1036.34,1036.34,1036.34,12682.8,4175.2,147.34,21.435,32.893,160.556,1036.34,32.842,34.033,35.223,36.414,37.605,38.795,21.435,25739.7,18029.2,160.556,21.435,1036.34,1036.34,1036.34,1036.34,1036.34,20549.8,5189.9,160.556,21.435,99.883,108.842,0.855,1.778,2.931,3.738,4.084
2026-01,CGE,CGE DISTRIBUCIÓN,Colbún,STxE-25-A,Aéreo,17369.4,13883.7,107.368,21.435,1036.34,1036.34,1036.34,1036.34,1036.34,12886.6,4482.7,107.368,21.435,32.893,116.998,1036.34,42.364,43.467,44.569,45.671,46.773,47.876,21.435,30329.1,21047.1,116.998,21.435,1036.34,1036.34,1036.34,1036.34,1036.34,22822.5,7506.5,116.998,21.435,66.293,72.239,0.855,1.778,2.931,3.738,4.084
2026-01,CGE,CGE DISTRIBUCIÓN,Coltauco,STxE-1-A,Aéreo,16858.1,13516.0,147.34,21.435,1036.34,1036.34,1036.34,1036.34,1036.34,12682.8,4175.2,147.34,21.435,32.893,160.556,1036.34,32.842,34.033,35.223,36.414,37.605,38.795,21.435,25739.7,18029.2,160.556,21.435,1036.34,1036.34,1036.34,1036.34,1036.34,20549.8,5189.9,160.556,21.435,99.883,108.842,0.855,1.778,2.931,3.738,4.084
2026-01,CGE,CGE DISTRIBUCIÓN,Concepción,STxE-2-A,Aéreo,16858.1,13516.0,147.34,21.435,1036.34,1036.34,1036.34,1036.34,1036.34,12682.8,4175.2,147.34,21.435,32.893,160.556,1036.34,32.842,34.033,35.223,36.414,37.605,38.795,21.435,25739.7,18029.2,160.556,21.435,1036.34,1036.34,1036.34,1036.34,1036.34,20549.8,5189.9,160.556,21.435,99.883,108.842,0.855,1.778,2.931,3.738,4.084
2026-01,CGE,CGE DISTRIBUCIÓN,Concepción,STxE-2-S1,Subt.1,21718.0,17011.2,147.34,21.435,1036.34,1036.34,1036.34,1036.34,1036.34,14619.9,7098.1,147.34,21.435,32.893,160.556,1036.34,42.183,43.712,45.241,46.772,48.301,49.83,21.435,30265.4,21005.2,160.556,21.435,1036.34,1036.34,1036.34,1036.34,1036.34,23599.2,6666.1,160.556,21.435,99.883,108.842,0.855,1.778,2.931,3.738,4.084
2026-01,CGE,CGE DISTRIBUCIÓN,Concepción,STxE-2-S2,Subt.2,16858.1,13516.0,147.34,21.435,1036.34,1036.34,1036.34,1036.34,1036.34,12682.8,4175.2,147.34,21.435,32.893,160.556,1036.34,38.692,39.736,40.781,41.826,42.87,43.915,21.435,28574.0,19893.0,160.556,21.435,1036.34,1036.34,1036.34,1036.34,1036.34,22459.7,6114.5,160.556,21.435,99.883,108.842,0.855,1.778,2.931,3.738,4.084
2026-01,CGE,CGE DISTRIBUCIÓN,Concepción,STxE-2-S3,Subt.3,21718.0,17011.2,147.34,21.435,1036.34,1036.34,1036.34,1036.34,1036.34,14619.9,7098.1,147.34,21.435,32.893,160.556,1036.34,48.033,48.033,48.033,48.033,48.033,48.033,21.435,33099.7,22869.1,160.556,21.435,1036.34,1036.34,1036.34,1036.34,1036.34,25509.2,7590.7,160.556,21.435,99.883,108.842,0.855,1.778,2.931,3.738,4.084
2026-01,CGE,CGE DISTRIBUCIÓN,Constitución,STxE-6-A,Aéreo,17369.4,13883.7,140.232,21.435,1036.34,1036.34,1036.34,1036.34,1036.34,12886.6,4482.7,140.232,21.435,32.893,152.81,1036.34,42.364,43.467,44.569,45.671,46.773,47.876,21.435,30329.1,21047.1,152.81,21.435,1036.34,1036.34,1036.34,1036.34,1036.34,22822.5,7506.5,152.81,21.435,93.909,102.333,0.855,1.778,2.931,3.738,4.084
2026-01,CGE,CGE DISTRIBUCIÓN,Coronel,STxE-10-A,Aéreo,16993.4,13613.5,70.532,21.435,1036.34,1036.34,1036.34,1036.34,1036.34,12736.8,4256.6,70.532,21.435,32.893,76.859,1036.34,52.953,52.953,52.953,52.953,52.953,52.953,21.435,34160.7,23566.8,76.859,21.435,1036.34,1036.34,1036.34,1036.34,1036.34,24278.9,9881.9,76.859,21.435,35.338,38.508,0.855,1.778,2.931,3.738,4.084
2026-01,CGE,CGE DISTRIBUCIÓN,Coronel,STxE-10-S2,Subt.2,16993.4,13613.5,70.532,21.435,1036.34,1036.34,1036.34,1036.34,1036.34,12736.8,4256.6,70.532,21.435,32.893,76.859,1036.34,62.386,62.386,62.386,62.386,62.386,62.386,21.435,38495.2,26416.9,76.859,21.435,1036.34,1036.34,1036.34,1036.34,1036.34,26853.1,11642.2,76.859,21.435,35.338,38.508,0.855,1.778,2.931,3.738,4.084
2026-01,CGE,CGE DISTRIBUCIÓN,Curacaví,STxD-3-A,Aéreo,17071.5,13644.7,145.608,15.964,1036.34,1036.34,1036.34,1036.34,1036.34,12661.2,4410.1,145.608,15.964,32.305,158.67,1036.34,42.364,43.727,45.089,46.452,47.814,49.177,15.964,29821.5,20693.6,158.67,15.964,1036.34,1036.34,1036.34,1036.34,1036.34,22436.6,7385.0,158.67,15.964,98.428,107.257,0.855,1.778,2.931,3.738,4.084
2026-01,CGE,CGE DISTRIBUCIÓN,Curarrehue,STxE-2-A,Aéreo,16858.1,13516.0,147.34,21.435,1036.34,1036.34,1036.34,1036.34,1036.34,12682.8,4175.2,147.34,21.435,32.893,160.556,1036.34,32.842,34.033,35.223,36.414,37.605,38.795,21.435,25739.7,18029.2,160.556,21.435,1036.34,1036.34,1036.34,1036.34,1036.34,20549.8,5189.9,160.556,21.435,99.883,108.842,0.855,1.778,2.931,3.738,4.084
2026-01,CGE,CGE DISTRIBUCIÓN,Curepto,STxE-6-A,Aéreo,16858.1,13516.0,147.34,21.435,1036.34,1036.34,1036.34,1036.34,1036.34,12682.8,4175.2,147.34,21.435,32.893,160.556,1036.34,32.842,34.033,35.223,36.414,37.605,38.795,21.435,25739.7,18029.2,160.556,21.435,1036.34,1036.34,1036.34,1036.34,1036.34,20549.8,5189.9,160.556,21.435,99.883,108.842,0.855,1.778,2.931,3.738,4.084
2026-01,CGE,CGE DISTRIBUCIÓN,Curicó,STxE-1-A,Aéreo,16858.1,13516.0,147.34,21.435,1036.34,1036.34,1036.34,1036.34,1036.34,12682.8,4175.2,147.34,21.435,32.893,160.556,1036.34,32.842,34.033,35.223,36.414,37.605,38.795,21.435,25739.7,18029.2,160.556,21.435,1036.34,1036.34,1036.34,1036.34,1036.34,20549.8,5189.9,160.556,21.435,99.883,108.842,0.855,1.778,2.931,3.738,4.084
2026-01,CGE,CGE DISTRIBUCIÓN,Doñihue,STxE-1-A,Aéreo,16858.1,13516.0,147.34,21.435,1036.34,1036.34,1036.34,1036.34,1036.34,12682.8,4175.2,147.34,21.435,32.893,160.556,1036.34,32.842,34.033,35.223,36.414,37.605,38.795,21.435,25739.7,18029.2,160.556,21.435,1036.34,1036.34,1036.34,1036.34,1036.34,20549.8,5189.9,160.556,21.435,99.883,108.842,0.855,1.778,2.931,3.738,4.084
2026-01,CGE,CGE DISTRIBUCIÓN,El Bosque,STxD-3-A,Aéreo,16653.8,13344.3,145.608,15.964,1036.34,1036.34,1036.34,1036.34,1036.34,12494.9,4159.1,145.608,15.964,32.305,158.67,1036.34,32.842,34.002,35.162,36.324,37.484,38.644,15.964,25502.1,17853.2,158.67,15.964,1036.34,1036.34,1036.34,1036.34,1036.34,20332.3,5169.7,158.67,15.964,98.428,107.257,0.855,1.778,2.931,3.738,4.084
2026-01,CGE,CGE DISTRIBUCIÓN,El Monte,STxE-6-A,Aéreo,16858.1,13516.0,147.34,21.435,1036.34,1036.34,1036.34,1036.34,1036.34,12682.8,4175.2,147.34,21.435,32.893,160.556,1036.34,32.842,34.033,35.223,36.414,37.605,38.795,21.435,25739.7,18029.2,160.556,21.435,1036.34,1036.34,1036.34,1036.34,1036.34,20549.8,5189.9,160.556,21.435,99.883,108.842,0.855,1.778,2.931,3.738,4.084
2026-01,CGE,CGE DISTRIBUCIÓN,Empedrado,STxE-6-A,Aéreo,16858.1,13516.0,147.34,21.435,1036.34,1036.34,1036.34,1036.34,1036.34,12682.8,4175.2,147.34,21.435,32.893,160.556,1036.34,32.842,34.033,35.223,36.414,37.605,38.795,21.435,25739.7,18029.2,160.556,21.435,1036.34,1036.34,1036.34,1036.34,1036.34,20549.8,5189.9,160.556,21.435,99.883,108.842,0.855,1.778,2.931,3.738,4.084
2026-01,CGE,CGE DISTRIBUCIÓN,Florida,STxE-23-A,Aéreo,16820.4,13489.0,147.34,21.435,1036.34,1036.34,1036.34,1036.34,1036.34,12667.8,4152.6,147.34,21.435,32.893,160.556,1036.34,70.123,70.123,70.123,70.123,70.123,70.123,21.435,41478.2,28378.4,160.556,21.435,1036.34,1036.34,1036.34,1036.34,1036.34,27359.4,14118.6,160.556,21.435,99.883,108.842,0.855,1.778,2.931,3.738,4.084
2026-01,CGE,CGE DISTRIBUCIÓN,Freire,STxE-2-A,Aéreo,16993.4,13613.5,147.34,21.435,1036.34,1036.34,1036.34,1036.34,1036.34,12736.8,4256.6,147.34,21.435,32.893,160.556,1036.34,52.953,52.953,52.953,52.953,52.953,52.953,21.435,34160.7,23566.8,160.556,21.435,1036.34,1036.34,1036.34,1036.34,1036.34,24278.9,9881.9,160.556,21.435,99.883,108.842,0.855,1.778,2.931,3.738,4.084
2026-01,CGE,CGE DISTRIBUCIÓN,Graneros,STxE-1-A,Aéreo,16858.1,13516.0,147.34,21.435,1036.34,1036.34,1036.34,1036.34,1036.34,12682.8,4175.2,147.34,21.435,32.893,160.556,1036.34,32.842,34.033,35.223,36.414,37.605,38.795,21.435,25739.7,18029.2,160.556,21.435,1036.34,1036.34,1036.34,1036.34,1036.34,20549.8,5189.9,160.556,21.435,99.883,108.842,0.855,1.778,2.931,3.738,4.084
2026-01,CGE,CGE DISTRIBUCIÓN,Hualañé,STxE-6-A,Aéreo,16858.1,13516.0,147.34,21.435,1036.34,1036.34,1036.34,1036.34,1036.34,12682.8,4175.2,147.34,21.435,32.893,160.556,1036.34,32.842,34.033,35.223,36.414,37.605,38.795,21.435,25739.7,18029.2,160.556,21.435,1036.34,1036.34,1036.34,1036.34,1036.34,20549.8,5189.9,160.556,21.435,99.883,108.842,0.855,1.778,2.931,3.738,4.084
2026-01,CGE,CGE DISTRIBUCIÓN,Hualpén,STxE-2-A,Aéreo,16858.1,13516.0,100.059,21.435,1036.34,1036.34,1036.34,1036.34,1036.34,12682.8,4175.2,100.059,21.435,32.893,109.035,1036.34,32.842,34.033,35.223,36.414,37.605,38.795,21.435,25739.7,18029.2,109.035,21.435,1036.34,1036.34,1036.34,1036.34,1036.34,20549.8,5189.9,109.035,21.435,60.151,65.547,0.855,1.778,2.931,3.738,4.084
2026-01,CGE,CGE DISTRIBUCIÓN,Hualqui,STxE-16-A,Aéreo,16820.4,13489.0,147.34,21.435,1036.34,1036.34,1036.34,1036.34,1036.34,12667.8,4152.6,147.34,21.435,32.893,160.556,1036.34,70.123,70.123,70.123,70.123,70.123,70.123,21.435,41478.2,28378.4,160.556,21.435,1036.34,1036.34,1036.34,1036.34,1036.34,27359.4,14118.6,160.556,21.435,99.883,108.842,0.855,1.778,2.931,3.738,4.084
2026-01,CGE,CGE DISTRIBUCIÓN,Isla de Maipo,STxE-1-A,Aéreo,16858.1,13516.0,147.34,21.435,1036.34,1036.34,1036.34,1036.34,1036.34,12682.8,4175.2,147.34,21.435,32.893,160.556,1036.34,32.842,34.033,35.223,36.414,37.605,38.795,21.435,25739.7,18029.2,160.556,21.435,1036.34,1036.34,1036.34,1036.34,1036.34,20549.8,5189.9,160.556,21.435,99.883,108.842,0.855,1.778,2.931,3.738,4.084
2026-01,CGE,CGE DISTRIBUCIÓN,La Estrella,STxE-6-A,Aéreo,16858.1,13516.0,124.899,21.435,1036.34,1036.34,1036.34,1036.34,1036.34,12682.8,4175.2,124.899,21.435,32.893,136.103,1036.34,32.842,34.033,35.223,36.414,37.605,38.795,21.435,25739.7,18029.2,136.103,21.435,1036.34,1036.34,1036.34,1036.34,1036.34,20549.8,5189.9,136.103,21.435,81.025,88.293,0.855,1.778,2.931,3.738,4.084
2026-01,CGE,CGE DISTRIBUCIÓN,La Pintana,STxD-3-A,Aéreo,16653.8,13344.3,145.608,15.964,1036.34,1036.34,1036.34,1036.34,1036.34,12494.9,4159.1,145.608,15.964,32.305,158.67,1036.34,32.842,34.002,35.162,36.324,37.484,38.644,15.964,25502.1,17853.2,158.67,15.964,1036.34,1036.34,1036.34,1036.34,1036.34,20332.3,5169.7,158.67,15.964,98.428,107.257,0.855,1.778,2.931,3.738,4.084
2026-01,CGE,CGE DISTRIBUCIÓN,Las Cabras,STxE-1-A,Aéreo,16858.1,13516.0,135.125,21.435,1036.34,1036.34,1036.34,1036.34,1036.34,12682.8,4175.2,135.125,21.435,32.893,147.246,1036.34,32.842,34.033,35.223,36.414,37.605,38.795,21.435,25739.7,18029.2,147.246,21.435,1036.34,1036.34,1036.34,1036.34,1036.34,20549.8,5189.9,147.246,21.435,89.618,97.657,0.855,1.778,2.931,3.738,4.084
2026-01,CGE,CGE DISTRIBUCIÓN,Lautaro,STxE-20-A,Aéreo,16993.4,13613.5,140.232,21.435,1036.34,1036.34,1036.34,1036.34,1036.34,12736.8,4256.6,140.232,21.435,32.893,152.81,1036.34,52.953,52.953,52.953,52.953,52.953,52.953,21.435,34160.7,23566.8,152.81,21.435,1036.34,1036.34,1036.34,1036.34,1036.34,24278.9,9881.9,152.81,21.435,93.909,102.333,0.855,1.778,2.931,3.738,4.084
2026-01,CGE,CGE DISTRIBUCIÓN,Licantén,STxE-6-A,Aéreo,16858.1,13516.0,147.34,21.435,1036.34,1036.34,1036.34,1036.34,1036.34,12682.8,4175.2,147.34,21.435,32.893,160.556,1036.34,32.842,34.033,35.223,36.414,37.605,38.795,21.435,25739.7,18029.2,160.556,21.435,1036.34,1036.34,1036.34,1036.34,1036.34,20549.8,5189.9,160.556,21.435,99.883,108.842,0.855,1.778,2.931,3.738,4.084
2026-01,CGE,CGE DISTRIBUCIÓN,Linares,STxE-13-A,Aéreo,17369.4,13883.7,147.34,21.435,1036.34,1036.34,1036.34,1036.34,1036.34,12886.6,4482.7,147.34,21.435,32.893,160.556,1036.34,42.364,43.467,44.569,45.671,46.773,47.876,21.435,30329.1,21047.1,160.556,21.435,1036.34,1036.34,1036.34,1036.34,1036.34,22822.5,7506.5,160.556,21.435,99.883,108.842,0.855,1.778,2.931,3.738,4.084
2026-01,CGE,CGE DISTRIBUCIÓN,Litueche,STxE-6-A,Aéreo,16858.1,13516.0,124.899,21.435,1036.34,1036.34,1036.34,1036.34,1036.34,12682.8,4175.2,124.899,21.435,32.893,136.103,1036.34,32.842,34.033,35.223,36.414,37.605,38.795,21.435,25739.7,18029.2,136.103,21.435,1036.34,1036.34,1036.34,1036.34,1036.34,20549.8,5189.9,136.103,21.435,81.025,88.293,0.855,1.778,2.931,3.738,4.084
2026-01,CGE,CGE DISTRIBUCIÓN,Lolol,STxE-6-A,Aéreo,16858.1,13516.0,147.34,21.435,1036.34,1036.34,1036.34,1036.34,1036.34,12682.8,4175.2,147.34,21.435,32.893,160.556,1036.34,32.842,34.033,35.223,36.414,37.605,38.795,21.435,25739.7,18029.2,160.556,21.435,1036.34,1036.34,1036.34,1036.34,1036.34,20549.8,5189.9,160.556,21.435,99.883,108.842,0.855,1.778,2.931,3.738,4.084
2026-01,CGE,CGE DISTRIBUCIÓN,Loncoche,STxE-18-A,Aéreo,16993.4,13613.5,147.34,21.435,1036.34,1036.34,1036.34,1036.34,1036.34,12736.8,4256.6,147.34,21.435,32.893,160.556,1036.34,52.953,52.953,52.953,52.953,52.953,52.953,21.435,34160.7,23566.8,160.556,21.435,1036.34,1036.34,1036.34,1036.34,1036.34,24278.9,9881.9,160.556,21.435,99.883,108.842,0.855,1.778,2.931,3.738,4.084
2026-01,CGE,CGE DISTRIBUCIÓN,Longaví,STxE-1-A,Aéreo,17369.4,13883.7,147.34,21.435,1036.34,1036.34,1036.34,1036.34,1036.34,12886.6,4482.7,147.34,21.435,32.893,160.556,1036.34,42.364,43.467,44.569,45.671,46.773,47.876,21.435,30329.1,21047.1,160.556,21.435,1036.34,1036.34,1036.34,1036.34,1036.34,22822.5,7506.5,160.556,21.435,99.883,108.842,0.855,1.778,2.931,3.738,4.084
2026-01,CGE,CGE DISTRIBUCIÓN,Los Ángeles,STxE-11-A,Aéreo,16820.4,13489.0,147.34,21.435,1036.34,1036.34,1036.34,1036.34,1036.34,12667.8,4152.6,147.34,21.435,32.893,160.556,1036.34,70.123,70.123,70.123,70.123,70.123,70.123,21.435,41478.2,28378.4,160.556,21.435,1036.34,1036.34,1036.34,1036.34,1036.34,27359.4,14118.6,160.556,21.435,99.883,108.842,0.855,1.778,2.931,3.738,4.084
2026-01,CGE,CGE DISTRIBUCIÓN,Machalí,STxE-1-A,Aéreo,16858.1,13516.0,140.232,21.435,1036.34,1036.34,1036.34,1036.34,1036.34,12682.8,4175.2,140.232,21.435,32.893,152.81,1036.34,32.842,34.033,35.223,36.414,37.605,38.795,21.435,25739.7,18029.2,152.81,21.435,1036.34,1036.34,1036.34,1036.34,1036.34,20549.8,5189.9,152.81,21.435,93.909,102.333,0.855,1.778,2.931,3.738,4.084
2026-01,CGE,CGE DISTRIBUCIÓN,Malloa,STxE-1-A,Aéreo,16858.1,13516.0,147.34,21.435,1036.34,1036.34,1036.34,1036.34,1036.34,12682.8,4175.2,147.34,21.435,32.893,160.556,1036.34,32.842,34.033,35.223,36.414,37.605,38.795,21.435,25739.7,18029.2,160.556,21.435,1036.34,1036.34,1036.34,1036.34,1036.34,20549.8,5189.9,160.556,21.435,99.883,108.842,0.855,1.778,2.931,3.738,4.084
2026-01,CGE,CGE DISTRIBUCIÓN,Marchihue,STxE-6-A,Aéreo,16858.1,13516.0,140.232,21.435,1036.34,1036.34,1036.34,1036.34,1036.34,12682.8,4175.2,140.232,21.435,32.893,152.81,1036.34,32.842,34.033,35.223,36.414,37.605,38.795,21.435,25739.7,18029.2,152.81,21.435,1036.34,1036.34,1036.34,1036.34,1036.34,20549.8,5189.9,152.81,21.435,93.909,102.333,0.855,1.778,2.931,3.738,4.084
2026-01,CGE,CGE DISTRIBUCIÓN,María Pinto,STxD-6-A,Aéreo,16653.8,13344.3,145.608,15.964,1036.34,1036.34,1036.34,1036.34,1036.34,12494.9,4159.1,145.608,15.964,32.305,158.67,1036.34,32.842,34.002,35.162,36.324,37.484,38.644,15.964,25502.1,17853.2,158.67,15.964,1036.34,1036.34,1036.34,1036.34,1036.34,20332.3,5169.7,158.67,15.964,98.428,107.257,0.855,1.778,2.931,3.738,4.084
2026-01,CGE,CGE DISTRIBUCIÓN,María Pinto,STxE-6-A,Aéreo,16858.1,13516.0,147.34,21.435,1036.34,1036.34,1036.34,1036.34,1036.34,12682.8,4175.2,147.34,21.435,32.893,160.556,1036.34,32.842,34.033,35.223,36.414,37.605,38.795,21.435,25739.7,18029.2,160.556,21.435,1036.34,1036.34,1036.34,1036.34,1036.34,20549.8,5189.9,160.556,21.435,99.883,108.842,0.855,1.778,2.931,3.738,4.084
2026-01,CGE,CGE DISTRIBUCIÓN,Maule,STxE-14-A,Aéreo,16858.1,13516.0,147.34,21.435,1036.34,1036.34,1036.34,1036.34,1036.34,12682.8,4175.2,147.34,21.435,32.893,160.556,1036.34,32.842,34.033,35.223,36.414,37.605,38.795,21.435,25739.7,18029.2,160.556,21.435,1036.34,1036.34,1036.34,1036.34,1036.34,20549.8,5189.9,160.556,21.435,99.883,108.842,0.855,1.778,2.931,3.738,4.084
2026-01,CGE,CGE DISTRIBUCIÓN,Melipilla,STxE-6-A,Aéreo,16858.1,13516.0,147.34,21.435,1036.34,1036.34,1036.34,1036.34,1036.34,12682.8,4175.2,147.34,21.435,32.893,160.556,1036.34,32.842,34.033,35.223,36.414,37.605,38.795,21.435,25739.7,18029.2,160.556,21.435,1036.34,1036.34,1036.34,1036.34,1036.34,20549.8,5189.9,160.556,21.435,99.883,108.842,0.855,1.778,2.931,3.738,4.084
2026-01,CGE,CGE DISTRIBUCIÓN,Molina,STxE-6-A,Aéreo,16858.1,13516.0,147.34,21.435,1036.34,1036.34,1036.34,1036.34,1036.34,12682.8,4175.2,147.34,21.435,32.893,160.556,1036.34,32.842,34.033,35.223,36.414,37.605,38.795,21.435,25739.7,18029.2,160.556,21.435,1036.34,1036.34,1036.34,1036.34,1036.34,20549.8,5189.9,160.556,21.435,99.883,108.842,0.855,1.778,2.931,3.738,4.084
2026-01,CGE,CGE DISTRIBUCIÓN,Mostazal,STxE-1-A,Aéreo,16858.1,13516.0,135.125,21.435,1036.34,1036.34,1036.34,1036.34,1036.34,12682.8,4175.2,135.125,21.435,32.893,147.246,1036.34,32.842,34.033,35.223,36.414,37.605,38.795,21.435,25739.7,18029.2,147.246,21.435,1036.34,1036.34,1036.34,1036.34,1036.34,20549.8,5189.9,147.246,21.435,89.618,97.657,0.855,1.778,2.931,3.738,4.084
2026-01,CGE,CGE DISTRIBUCIÓN,Mulchén,STxE-2-A,Aéreo,16993.4,13613.5,147.34,21.435,1036.34,1036.34,1036.34,1036.34,1036.34,12736.8,4256.6,147.34,21.435,32.893,160.556,1036.34,52.953,52.953,52.953,52.953,52.953,52.953,21.435,34160.7,23566.8,160.556,21.435,1036.34,1036.34,1036.34,1036.34,1036.34,24278.9,9881.9,160.556,21.435,99.883,108.842,0.855,1.778,2.931,3.738,4.084
2026-01,CGE,CGE DISTRIBUCIÓN,Nancagua,STxE-6-A,Aéreo,16858.1,13516.0,147.34,21.435,1036.34,1036.34,1036.34,1036.34,1036.34,12682.8,4175.2,147.34,21.435,32.893,160.556,1036.34,32.842,34.033,35.223,36.414,37.605,38.795,21.435,25739.7,18029.2,160.556,21.435,1036.34,1036.34,1036.34,1036.34,1036.34,20549.8,5189.9,160.556,21.435,99.883,108.842,0.855,1.778,2.931,3.738,4.084
2026-01,CGE,CGE DISTRIBUCIÓN,Navidad,STxE-6-A,Aéreo,16858.1,13516.0,147.34,21.435,1036.34,1036.34,1036.34,1036.34,1036.34,12682.8,4175.2,147.34,21.435,32.893,160.556,1036.34,32.842,34.033,35.223,36.414,37.605,38.795,21.435,25739.7,18029.2,160.556,21.435,1036.34,1036.34,1036.34,1036.34,1036.34,20549.8,5189.9,160.556,21.435,99.883,108.842,0.855,1.778,2.931,3.738,4.084
2026-01,CGE,CGE DISTRIBUCIÓN,Ninhue,STxE-27-A,Aéreo,16993.4,13613.5,147.34,21.435,1036.34,1036.34,1036.34,1036.34,1036.34,12736.8,4256.6,147.34,21.435,32.893,160.556,1036.34,52.953,52.953,52.953,52.953,52.953,52.953,21.435,34160.7,23566.8,160.556,21.435,1036.34,1036.34,1036.34,1036.34,1036.34,24278.9,9881.9,160.556,21.435,99.883,108.842,0.855,1.778,2.931,3.738,4.084
2026-01,CGE,CGE DISTRIBUCIÓN,Olivar,STxE-1-A,Aéreo,16858.1,13516.0,147.34,21.435,1036.34,1036.34,1036.34,1036.34,1036.34,12682.8,4175.2,147.34,21.435,32.893,160.556,1036.34,32.842,34.033,35.223,36.414,37.605,38.795,21.435,25739.7,18029.2,160.556,21.435,1036.34,1036.34,1036.34,1036.34,1036.34,20549.8,5189.9,160.556,21.435,99.883,108.842,0.855,1.778,2.931,3.738,4.084
2026-01,CGE,CGE DISTRIBUCIÓN,Padre Hurtado,STxD-3-A,Aéreo,16653.8,13344.3,145.608,15.964,1036.34,1036.34,1036.34,1036.34,1036.34,12494.9,4159.1,145.608,15.964,32.305,158.67,1036.34,32.842,34.002,35.162,36.324,37.484,38.644,15.964,25502.1,17853.2,158.67,15.964,1036.34,1036.34,1036.34,1036.34,1036.34,20332.3,5169.7,158.67,15.964,98.428,107.257,0.855,1.778,2.931,3.738,4.084
2026-01,CGE,CGE DISTRIBUCIÓN,Padre las Casas,STxE-20-A,Aéreo,16993.4,13613.5,147.34,21.435,1036.34,1036.34,1036.34,1036.34,1036.34,12736.8,4256.6,147.34,21.435,32.893,160.556,1036.34,52.953,52.953,52.953,52.953,52.953,52.953,21.435,34160.7,23566.8,160.556,21.435,1036.34,1036.34,1036.34,1036.34,1036.34,24278.9,9881.9,160.556,21.435,99.883,108.842,0.855,1.778,2.931,3.738,4.084
2026-01,CGE,CGE DISTRIBUCIÓN,Paine,STxE-1-A,Aéreo,16858.1,13516.0,147.34,21.435,1036.34,1036.34,1036.34,1036.34,1036.34,12682.8,4175.2,147.34,21.435,32.893,160.556,1036.34,32.842,34.033,35.223,36.414,37.605,38.795,21.435,25739.7,18029.2,160.556,21.435,1036.34,1036.34,1036.34,1036.34,1036.34,20549.8,5189.9,160.556,21.435,99.883,108.842,0.855,1.778,2.931,3.738,4.084
2026-01,CGE,CGE DISTRIBUCIÓN,Palmilla,STxE-6-A,Aéreo,16858.1,13516.0,147.34,21.435,1036.34,1036.34,1036.34,1036.34,1036.34,12682.8,4175.2,147.34,21.435,32.893,160.556,1036.34,32.842,34.033,35.223,36.414,37.605,38.795,21.435,25739.7,18029.2,160.556,21.435,1036.34,1036.34,1036.34,1036.34,1036.34,20549.8,5189.9,160.556,21.435,99.883,108.842,0.855,1.778,2.931,3.738,4.084
2026-01,CGE,CGE DISTRIBUCIÓN,Paredones,STxE-6-A,Aéreo,16858.1,13516.0,147.34,21.435,1036.34,1036.34,1036.34,1036.34,1036.34,12682.8,4175.2,147.34,21.435,32.893,160.556,1036.34,32.842,34.033,35.223,36.414,37.605,38.795,21.435,25739.7,18029.2,160.556,21.435,1036.34,1036.34,1036.34,1036.34,1036.34,20549.8,5189.9,160.556,21.435,99.883,108.842,0.855,1.778,2.931,3.738,4.084
2026-01,CGE,CGE DISTRIBUCIÓN,Parral,STxE-25-A,Aéreo,16993.4,13613.5,147.34,21.435,1036.34,1036.34,1036.34,1036.34,1036.34,12736.8,4256.6,147.34,21.435,32.893,160.556,1036.34,52.953,52.953,52.953,52.953,52.953,52.953,21.435,34160.7,23566.8,160.556,21.435,1036.34,1036.34,1036.34,1036.34,1036.34,24278.9,9881.9,160.556,21.435,99.883,108.842,0.855,1.778,2.931,3.738,4.084
2026-01,CGE,CGE DISTRIBUCIÓN,Pelarco,STxE-4-A,Aéreo,16858.1,13516.0,147.34,21.435,1036.34,1036.34,1036.34,1036.34,1036.34,12682.8,4175.2,147.34,21.435,32.893,160.556,1036.34,32.842,34.033,35.223,36.414,37.605,38.795,21.435,25739.7,18029.2,160.556,21.435,1036.34,1036.34,1036.34,1036.34,1036.34,20549.8,5189.9,160.556,21.435,99.883,108.842,0.855,1.778,2.931,3.738,4.084
2026-01,CGE,CGE DISTRIBUCIÓN,Pelluhue,STxE-6-A,Aéreo,16858.1,13516.0,147.34,21.435,1036.34,1036.34,1036.34,1036.34,1036.34,12682.8,4175.2,147.34,21.435,32.893,160.556,1036.34,32.842,34.033,35.223,36.414,37.605,38.795,21.435,25739.7,18029.2,160.556,21.435,1036.34,1036.34,1036.34,1036.34,1036.34,20549.8,5189.9,160.556,21.435,99.883,108.842,0.855,1.778,2.931,3.738,4.084
2026-01,CGE,CGE DISTRIBUCIÓN,Pencahue,STxE-14-A,Aéreo,16858.1,13516.0,147.34,21.435,1036.34,1036.34,1036.34,1036.34,1036.34,12682.8,4175.2,147.34,21.435,32.893,160.556,1036.34,32.842,34.033,35.223,36.414,37.605,38.795,21.435,25739.7,18029.2,160.556,21.435,1036.34,1036.34,1036.34,1036.34,1036.34,20549.8,5189.9,160.556,21.435,99.883,108.842,0.855,1.778,2.931,3.738,4.084
2026-01,CGE,CGE DISTRIBUCIÓN,Penco,STxE-2-A,Aéreo,16858.1,13516.0,147.34,21.435,1036.34,1036.34,1036.34,1036.34,1036.34,12682.8,4175.2,147.34,21.435,32.893,160.556,1036.34,32.842,34.033,35.223,36.414,37.605,38.795,21.435,25739.7,18029.2,160.556,21.435,1036.34,1036.34,1036.34,1036.34,1036.34,20549.8,5189.9,160.556,21.435,99.883,108.842,0.855,1.778,2.931,3.738,4.084
2026-01,CGE,CGE DISTRIBUCIÓN,Peralillo,STxE-6-A,Aéreo,16858.1,13516.0,147.34,21.435,1036.34,1036.34,1036.34,1036.34,1036.34,12682.8,4175.2,147.34,21.435,32.893,160.556,1036.34,32.842,34.033,35.223,36.414,37.605,38.795,21.435,25739.7,18029.2,160.556,21.435,1036.34,1036.34,1036.34,1036.34,1036.34,20549.8,5189.9,160.556,21.435,99.883,108.842,0.855,1.778,2.931,3.738,4.084
2026-01,CGE,CGE DISTRIBUCIÓN,Peumo,STxE-1-A,Aéreo,16858.1,13516.0,147.34,21.435,1036.34,1036.34,1036.34,1036.34,1036.34,12682.8,4175.2,147.34,21.435,32.893,160.556,1036.34,32.842,34.033,35.223,36.414,37.605,38.795,21.435,25739.7,18029.2,160.556,21.435,1036.34,1036.34,1036.34,1036.34,1036.34,20549.8,5189.9,160.556,21.435,99.883,108.842,0.855,1.778,2.931,3.738,4.084
2026-01,CGE,CGE DISTRIBUCIÓN,Peñaflor,STxD-3-A,Aéreo,16653.8,13344.3,145.608,15.964,1036.34,1036.34,1036.34,1036.34,1036.34,12494.9,4159.1,145.608,15.964,32.305,158.67,1036.34,32.842,34.002,35.162,36.324,37.484,38.644,15.964,25502.1,17853.2,158.67,15.964,1036.34,1036.34,1036.34,1036.34,1036.34,20332.3,5169.7,158.67,15.964,98.428,107.257,0.855,1.778,2.931,3.738,4.084
2026-01,CGE,CGE DISTRIBUCIÓN,Peñaflor,STxE-3-A,Aéreo,16834.0,13498.8,147.34,21.435,1036.34,1036.34,1036.34,1036.34,1036.34,12673.3,4160.7,147.34,21.435,32.893,160.556,1036.34,32.842,34.005,35.169,36.333,37.497,38.661,21.435,25684.5,17992.9,160.556,21.435,1036.34,1036.34,1036.34,1036.34,1036.34,20512.6,5171.9,160.556,21.435,99.883,108.842,0.855,1.778,2.931,3.738,4.084
2026-01,CGE,CGE DISTRIBUCIÓN,Pichidegua,STxE-1-A,Aéreo,16858.1,13516.0,135.125,21.435,1036.34,1036.34,1036.34,1036.34,1036.34,12682.8,4175.2,135.125,21.435,32.893,147.246,1036.34,32.842,34.033,35.223,36.414,37.605,38.795,21.435,25739.7,18029.2,147.246,21.435,1036.34,1036.34,1036.34,1036.34,1036.34,20549.8,5189.9,147.246,21.435,89.618,97.657,0.855,1.778,2.931,3.738,4.084
2026-01,CGE,CGE DISTRIBUCIÓN,Pichilemu,STxE-6-A,Aéreo,16858.1,13516.0,147.34,21.435,1036.34,1036.34,1036.34,1036.34,1036.34,12682.8,4175.2,147.34,21.435,32.893,160.556,1036.34,32.842,34.033,35.223,36.414,37.605,38.795,21.435,25739.7,18029.2,160.556,21.435,1036.34,1036.34,1036.34,1036.34,1036.34,20549.8,5189.9,160.556,21.435,99.883,108.842,0.855,1.778,2.931,3.738,4.084
2026-01,CGE,CGE DISTRIBUCIÓN,Pinto,STxE-26-A,Aéreo,16993.4,13613.5,147.34,21.435,1036.34,1036.34,1036.34,1036.34,1036.34,12736.8,4256.6,147.34,21.435,32.893,160.556,1036.34,52.953,52.953,52.953,52.953,52.953,52.953,21.435,34160.7,23566.8,160.556,21.435,1036.34,1036.34,1036.34,1036.34,1036.34,24278.9,9881.9,160.556,21.435,99.883,108.842,0.855,1.778,2.931,3.738,4.084
2026-01,CGE,CGE DISTRIBUCIÓN,Pirque,STxD-1-A,Aéreo,16653.8,13344.3,138.604,15.964,1036.34,1036.34,1036.34,1036.34,1036.34,12494.9,4159.1,138.604,15.964,32.305,151.037,1036.34,32.842,34.002,35.162,36.324,37.484,38.644,15.964,25502.1,17853.2,151.037,15.964,1036.34,1036.34,1036.34,1036.34,1036.34,20332.3,5169.7,151.037,15.964,92.542,100.843,0.855,1.778,2.931,3.738,4.084
2026-01,CGE,CGE DISTRIBUCIÓN,Pitrufquén,STxE-20-A,Aéreo,16993.4,13613.5,147.34,21.435,1036.34,1036.34,1036.34,1036.34,1036.34,12736.8,4256.6,147.34,21.435,32.893,160.556,1036.34,52.953,52.953,52.953,52.953,52.953,52.953,21.435,34160.7,23566.8,160.556,21.435,1036.34,1036.34,1036.34,1036.34,1036.34,24278.9,9881.9,160.556,21.435,99.883,108.842,0.855,1.778,2.931,3.738,4.084
2026-01,CGE,CGE DISTRIBUCIÓN,Placilla,STxE-6-A,Aéreo,16858.1,13516.0,147.34,21.435,1036.34,1036.34,1036.34,1036.34,1036.34,12682.8,4175.2,147.34,21.435,32.893,160.556,1036.34,32.842,34.033,35.223,36.414,37.605,38.795,21.435,25739.7,18029.2,160.556,21.435,1036.34,1036.34,1036.34,1036.34,1036.34,20549.8,5189.9,160.556,21.435,99.883,108.842,0.855,1.778,2.931,3.738,4.084
2026-01,CGE,CGE DISTRIBUCIÓN,Portezuelo,STxE-26-A,Aéreo,16993.4,13613.5,147.34,21.435,1036.34,1036.34,1036.34,1036.34,1036.34,12736.8,4256.6,147.34,21.435,32.893,160.556,1036.34,52.953,52.953,52.953,52.953,52.953,52.953,21.435,34160.7,23566.8,160.556,21.435,1036.34,1036.34,1036.34,1036.34,1036.34,24278.9,9881.9,160.556,21.435,99.883,108.842,0.855,1.778,2.931,3.738,4.084
2026-01,CGE,CGE DISTRIBUCIÓN,Pucón,STxE-2-A,Aéreo,16858.1,13516.0,147.34,21.435,1036.34,1036.34,1036.34,1036.34,1036.34,12682.8,4175.2,147.34,21.435,32.893,160.556,1036.34,32.842,34.033,35.223,36.414,37.605,38.795,21.435,25739.7,18029.2,160.556,21.435,1036.34,1036.34,1036.34,1036.34,1036.34,20549.8,5189.9,160.556,21.435,99.883,108.842,0.855,1.778,2.931,3.738,4.084
2026-01,CGE,CGE DISTRIBUCIÓN,Puente Alto,STxD-3-A,Aéreo,17321.6,13824.6,145.608,15.964,1036.34,1036.34,1036.34,1036.34,1036.34,12761.0,4560.7,145.608,15.964,32.305,158.67,1036.34,28.242,29.375,30.507,31.639,32.77,33.903,15.964,23557.4,16574.4,158.67,15.964,1036.34,1036.34,1036.34,1036.34,1036.34,19855.4,3702.0,158.67,15.964,98.428,107.257,0.855,1.778,2.931,3.738,4.084
2026-01,CGE,CGE DISTRIBUCIÓN,Pumanque,STxE-6-A,Aéreo,16858.1,13516.0,147.34,21.435,1036.34,1036.34,1036.34,1036.34,1036.34,12682.8,4175.2,147.34,21.435,32.893,160.556,1036.34,32.842,34.033,35.223,36.414,37.605,38.795,21.435,25739.7,18029.2,160.556,21.435,1036.34,1036.34,1036.34,1036.34,1036.34,20549.8,5189.9,160.556,21.435,99.883,108.842,0.855,1.778,2.931,3.738,4.084
2026-01,CGE,CGE DISTRIBUCIÓN,Quinta de Tilcoco,STxE-1-A,Aéreo,16858.1,13516.0,147.34,21.435,1036.34,1036.34,1036.34,1036.34,1036.34,12682.8,4175.2,147.34,21.435,32.893,160.556,1036.34,32.842,34.033,35.223,36.414,37.605,38.795,21.435,25739.7,18029.2,160.556,21.435,1036.34,1036.34,1036.34,1036.34,1036.34,20549.8,5189.9,160.556,21.435,99.883,108.842,0.855,1.778,2.931,3.738,4.084
2026-01,CGE,CGE DISTRIBUCIÓN,Quirihue,STxE-6-A,Aéreo,16993.4,13613.5,147.34,21.435,1036.34,1036.34,1036.34,1036.34,1036.34,12736.8,4256.6,147.34,21.435,32.893,160.556,1036.34,52.953,52.953,52.953,52.953,52.953,52.953,21.435,34160.7,23566.8,160.556,21.435,1036.34,1036.34,1036.34,1036.34,1036.34,24278.9,9881.9,160.556,21.435,99.883,108.842,0.855,1.778,2.931,3.738,4.084
2026-01,CGE,CGE DISTRIBUCIÓN,Rancagua,STxE-1-A,Aéreo,16858.1,13516.0,147.34,21.435,1036.34,1036.34,1036.34,1036.34,1036.34,12682.8,4175.2,147.34,21.435,32.893,160.556,1036.34,32.842,34.033,35.223,36.414,37.605,38.795,21.435,25739.7,18029.2,160.556,21.435,1036.34,1036.34,1036.34,1036.34,1036.34,20549.8,5189.9,160.556,21.435,99.883,108.842,0.855,1.778,2.931,3.738,4.084
2026-01,CGE,CGE DISTRIBUCIÓN,Rancagua,STxE-1-S1,Subt.1,21718.0,17011.2,147.34,21.435,1036.34,1036.34,1036.34,1036.34,1036.34,14619.9,7098.1,147.34,21.435,32.893,160.556,1036.34,42.183,43.712,45.241,46.772,48.301,49.83,21.435,30265.4,21005.2,160.556,21.435,1036.34,1036.34,1036.34,1036.34,1036.34,23599.2,6666.1,160.556,21.435,99.883,108.842,0.855,1.778,2.931,3.738,4.084
2026-01,CGE,CGE DISTRIBUCIÓN,Rancagua,STxE-1-S2,Subt.2,16858.1,13516.0,147.34,21.435,1036.34,1036.34,1036.34,1036.34,1036.34,12682.8,4175.2,147.34,21.435,32.893,160.556,1036.34,38.692,39.736,40.781,41.826,42.87,43.915,21.435,28574.0,19893.0,160.556,21.435,1036.34,1036.34,1036.34,1036.34,1036.34,22459.7,6114.5,160.556,21.435,99.883,108.842,0.855,1.778,2.931,3.738,4.084
2026-01,CGE,CGE DISTRIBUCIÓN,Rancagua,STxE-1-S3,Subt.3,21718.0,17011.2,147.34,21.435,1036.34,1036.34,1036.34,1036.34,1036.34,14619.9,7098.1,147.34,21.435,32.893,160.556,1036.34,48.033,48.033,48.033,48.033,48.033,48.033,21.435,33099.7,22869.1,160.556,21.435,1036.34,1036.34,1036.34,1036.34,1036.34,25509.2,7590.7,160.556,21.435,99.883,108.842,0.855,1.778,2.931,3.738,4.084
2026-01,CGE,CGE DISTRIBUCIÓN,Rauco,STxE-1-A,Aéreo,16858.1,13516.0,147.34,21.435,1036.34,1036.34,1036.34,1036.34,1036.34,12682.8,4175.2,147.34,21.435,32.893,160.556,1036.34,32.842,34.033,35.223,36.414,37.605,38.795,21.435,25739.7,18029.2,160.556,21.435,1036.34,1036.34,1036.34,1036.34,1036.34,20549.8,5189.9,160.556,21.435,99.883,108.842,0.855,1.778,2.931,3.738,4.084
2026-01,CGE,CGE DISTRIBUCIÓN,Rengo,STxE-1-A,Aéreo,16858.1,13516.0,147.34,21.435,1036.34,1036.34,1036.34,1036.34,1036.34,12682.8,4175.2,147.34,21.435,32.893,160.556,1036.34,32.842,34.033,35.223,36.414,37.605,38.795,21.435,25739.7,18029.2,160.556,21.435,1036.34,1036.34,1036.34,1036.34,1036.34,20549.8,5189.9,160.556,21.435,99.883,108.842,0.855,1.778,2.931,3.738,4.084
2026-01,CGE,CGE DISTRIBUCIÓN,Requínoa,STxE-1-A,Aéreo,16858.1,13516.0,140.232,21.435,1036.34,1036.34,1036.34,1036.34,1036.34,12682.8,4175.2,140.232,21.435,32.893,152.81,1036.34,32.842,34.033,35.223,36.414,37.605,38.795,21.435,25739.7,18029.2,152.81,21.435,1036.34,1036.34,1036.34,1036.34,1036.34,20549.8,5189.9,152.81,21.435,93.909,102.333,0.855,1.778,2.931,3.738,4.084
2026-01,CGE,CGE DISTRIBUCIÓN,Retiro,STxE-25-A,Aéreo,16993.4,13613.5,147.34,21.435,1036.34,1036.34,1036.34,1036.34,1036.34,12736.8,4256.6,147.34,21.435,32.893,160.556,1036.34,52.953,52.953,52.953,52.953,52.953,52.953,21.435,34160.7,23566.8,160.556,21.435,1036.34,1036.34,1036.34,1036.34,1036.34,24278.9,9881.9,160.556,21.435,99.883,108.842,0.855,1.778,2.931,3.738,4.084
2026-01,CGE,CGE DISTRIBUCIÓN,Romeral,STxE-1-A,Aéreo,16858.1,13516.0,147.34,21.435,1036.34,1036.34,1036.34,1036.34,1036.34,12682.8,4175.2,147.34,21.435,32.893,160.556,1036.34,32.842,34.033,35.223,36.414,37.605,38.795,21.435,25739.7,18029.2,160.556,21.435,1036.34,1036.34,1036.34,1036.34,1036.34,20549.8,5189.9,160.556,21.435,99.883,108.842,0.855,1.778,2.931,3.738,4.084
2026-01,CGE,CGE DISTRIBUCIÓN,Ránquil,STxE-6-A,Aéreo,16993.4,13613.5,135.125,21.435,1036.34,1036.34,1036.34,1036.34,1036.34,12736.8,4256.6,135.125,21.435,32.893,147.246,1036.34,52.953,52.953,52.953,52.953,52.953,52.953,21.435,34160.7,23566.8,147.246,21.435,1036.34,1036.34,1036.34,1036.34,1036.34,24278.9,9881.9,147.246,21.435,89.618,97.657,0.855,1.778,2.931,3.738,4.084
2026-01,CGE,CGE DISTRIBUCIÓN,Río Claro,STxE-14-A,Aéreo,16858.1,13516.0,147.34,21.435,1036.34,1036.34,1036.34,1036.34,1036.34,12682.8,4175.2,147.34,21.435,32.893,160.556,1036.34,32.842,34.033,35.223,36.414,37.605,38.795,21.435,25739.7,18029.2,160.556,21.435,1036.34,1036.34,1036.34,1036.34,1036.34,20549.8,5189.9,160.556,21.435,99.883,108.842,0.855,1.778,2.931,3.738,4.084
2026-01,CGE,CGE DISTRIBUCIÓN,Sagrada Familia,STxE-1-A,Aéreo,16858.1,13516.0,147.34,21.435,1036.34,1036.34,1036.34,1036.34,1036.34,12682.8,4175.2,147.34,21.435,32.893,160.556,1036.34,32.842,34.033,35.223,36.414,37.605,38.795,21.435,25739.7,18029.2,160.556,21.435,1036.34,1036.34,1036.34,1036.34,1036.34,20549.8,5189.9,160.556,21.435,99.883,108.842,0.855,1.778,2.931,3.738,4.084
2026-01,CGE,CGE DISTRIBUCIÓN,San Antonio,STxE-6-A,Aéreo,16858.1,13516.0,147.34,21.435,1036.34,1036.34,1036.34,1036.34,1036.34,12682.8,4175.2,147.34,21.435,32.893,160.556,1036.34,32.842,34.033,35.223,36.414,37.605,38.795,21.435,25739.7,18029.2,160.556,21.435,1036.34,1036.34,1036.34,1036.34,1036.34,20549.8,5189.9,160.556,21.435,99.883,108.842,0.855,1.778,2.931,3.738,4.084
2026-01,CGE,CGE DISTRIBUCIÓN,San Bernardo,STxD-3-A,Aéreo,16653.8,13344.3,145.608,15.964,1036.34,1036.34,1036.34,1036.34,1036.34,12494.9,4159.1,145.608,15.964,32.305,158.67,1036.34,32.842,34.002,35.162,36.324,37.484,38.644,15.964,25502.1,17853.2,158.67,15.964,1036.34,1036.34,1036.34,1036.34,1036.34,20332.3,5169.7,158.67,15.964,98.428,107.257,0.855,1.778,2.931,3.738,4.084
2026-01,CGE,CGE DISTRIBUCIÓN,San Carlos,STxE-19-A,Aéreo,16993.4,13613.5,147.34,21.435,1036.34,1036.34,1036.34,1036.34,1036.34,12736.8,4256.6,147.34,21.435,32.893,160.556,1036.34,52.953,52.953,52.953,52.953,52.953,52.953,21.435,34160.7,23566.8,160.556,21.435,1036.34,1036.34,1036.34,1036.34,1036.34,24278.9,9881.9,160.556,21.435,99.883,108.842,0.855,1.778,2.931,3.738,4.084
2026-01,CGE,CGE DISTRIBUCIÓN,San Clemente,STxE-25-A,Aéreo,16858.1,13516.0,135.125,21.435,1036.34,1036.34,1036.34,1036.34,1036.34,12682.8,4175.2,135.125,21.435,32.893,147.246,1036.34,32.842,34.033,35.223,36.414,37.605,38.795,21.435,25739.7,18029.2,147.246,21.435,1036.34,1036.34,1036.34,1036.34,1036.34,20549.8,5189.9,147.246,21.435,89.618,97.657,0.855,1.778,2.931,3.738,4.084
2026-01,CGE,CGE DISTRIBUCIÓN,San Fabián,STxE-26-A,Aéreo,16993.4,13613.5,147.34,21.435,1036.34,1036.34,1036.34,1036.34,1036.34,12736.8,4256.6,147.34,21.435,32.893,160.556,1036.34,52.953,52.953,52.953,52.953,52.953,52.953,21.435,34160.7,23566.8,160.556,21.435,1036.34,1036.34,1036.34,1036.34,1036.34,24278.9,9881.9,160.556,21.435,99.883,108.842,0.855,1.778,2.931,3.738,4.084
2026-01,CGE,CGE DISTRIBUCIÓN,San Fernando,STxE-1-A,Aéreo,16858.1,13516.0,140.232,21.435,1036.34,1036.34,1036.34,1036.34,1036.34,12682.8,4175.2,140.232,21.435,32.893,152.81,1036.34,32.842,34.033,35.223,36.414,37.605,38.795,21.435,25739.7,18029.2,152.81,21.435,1036.34,1036.34,1036.34,1036.34,1036.34,20549.8,5189.9,152.81,21.435,93.909,102.333,0.855,1.778,2.931,3.738,4.084
2026-01,CGE,CGE DISTRIBUCIÓN,San Javier,STxE-15-A,Aéreo,17369.4,13883.7,147.34,21.435,1036.34,1036.34,1036.34,1036.34,1036.34,12886.6,4482.7,147.34,21.435,32.893,160.556,1036.34,42.364,43.467,44.569,45.671,46.773,47.876,21.435,30329.1,21047.1,160.556,21.435,1036.34,1036.34,1036.34,1036.34,1036.34,22822.5,7506.5,160.556,21.435,99.883,108.842,0.855,1.778,2.931,3.738,4.084
2026-01,CGE,CGE DISTRIBUCIÓN,San José de Maipo,STxD-3-A,Aéreo,16653.8,13344.3,133.569,15.964,1036.34,1036.34,1036.34,1036.34,1036.34,12494.9,4159.1,133.569,15.964,32.305,145.551,1036.34,32.842,34.002,35.162,36.324,37.484,38.644,15.964,25502.1,17853.2,145.551,15.964,1036.34,1036.34,1036.34,1036.34,1036.34,20332.3,5169.7,145.551,15.964,88.311,96.233,0.855,1.778,2.931,3.738,4.084
2026-01,CGE,CGE DISTRIBUCIÓN,San Nicolás,STxE-21-A,Aéreo,16993.4,13613.5,147.34,21.435,1036.34,1036.34,1036.34,1036.34,1036.34,12736.8,4256.6,147.34,21.435,32.893,160.556,1036.34,52.953,52.953,52.953,52.953,52.953,52.953,21.435,34160.7,23566.8,160.556,21.435,1036.34,1036.34,1036.34,1036.34,1036.34,24278.9,9881.9,160.556,21.435,99.883,108.842,0.855,1.778,2.931,3.738,4.084
2026-01,CGE,CGE DISTRIBUCIÓN,San Pedro,STxE-6-A,Aéreo,16858.1,13516.0,140.232,21.435,1036.34,1036.34,1036.34,1036.34,1036.34,12682.8,4175.2,140.232,21.435,32.893,152.81,1036.34,32.842,34.033,35.223,36.414,37.605,38.795,21.435,25739.7,18029.2,152.81,21.435,1036.34,1036.34,1036.34,1036.34,1036.34,20549.8,5189.9,152.81,21.435,93.909,102.333,0.855,1.778,2.931,3.738,4.084
2026-01,CGE,CGE DISTRIBUCIÓN,San Rafael,STxE-1-A,Aéreo,16858.1,13516.0,147.34,21.435,1036.34,1036.34,1036.34,1036.34,1036.34,12682.8,4175.2,147.34,21.435,32.893,160.556,1036.34,32.842,34.033,35.223,36.414,37.605,38.795,21.435,25739.7,18029.2,160.556,21.435,1036.34,1036.34,1036.34,1036.34,1036.34,20549.8,5189.9,160.556,21.435,99.883,108.842,0.855,1.778,2.931,3.738,4.084
2026-01,CGE,CGE DISTRIBUCIÓN,San Vicente,STxE-1-A,Aéreo,16858.1,13516.0,147.34,21.435,1036.34,1036.34,1036.34,1036.34,1036.34,12682.8,4175.2,147.34,21.435,32.893,160.556,1036.34,32.842,34.033,35.223,36.414,37.605,38.795,21.435,25739.7,18029.2,160.556,21.435,1036.34,1036.34,1036.34,1036.34,1036.34,20549.8,5189.9,160.556,21.435,99.883,108.842,0.855,1.778,2.931,3.738,4.084
2026-01,CGE,CGE DISTRIBUCIÓN,Santa Cruz,STxE-6-A,Aéreo,16858.1,13516.0,147.34,21.435,1036.34,1036.34,1036.34,1036.34,1036.34,12682.8,4175.2,147.34,21.435,32.893,160.556,1036.34,32.842,34.033,35.223,36.414,37.605,38.795,21.435,25739.7,18029.2,160.556,21.435,1036.34,1036.34,1036.34,1036.34,1036.34,20549.8,5189.9,160.556,21.435,99.883,108.842,0.855,1.778,2.931,3.738,4.084
2026-01,CGE,CGE DISTRIBUCIÓN,Santo Domingo,STxE-6-A,Aéreo,16858.1,13516.0,147.34,21.435,1036.34,1036.34,1036.34,1036.34,1036.34,12682.8,4175.2,147.34,21.435,32.893,160.556,1036.34,32.842,34.033,35.223,36.414,37.605,38.795,21.435,25739.7,18029.2,160.556,21.435,1036.34,1036.34,1036.34,1036.34,1036.34,20549.8,5189.9,160.556,21.435,99.883,108.842,0.855,1.778,2.931,3.738,4.084
2026-01,CGE,CGE DISTRIBUCIÓN,Talagante,STxD-6-A,Aéreo,16653.8,13344.3,145.608,15.964,1036.34,1036.34,1036.34,1036.34,1036.34,12494.9,4159.1,145.608,15.964,32.305,158.67,1036.34,32.842,34.002,35.162,36.324,37.484,38.644,15.964,25502.1,17853.2,158.67,15.964,1036.34,1036.34,1036.34,1036.34,1036.34,20332.3,5169.7,158.67,15.964,98.428,107.257,0.855,1.778,2.931,3.738,4.084
2026-01,CGE,CGE DISTRIBUCIÓN,Talagante,STxE-6-A,Aéreo,16858.1,13516.0,147.34,21.435,1036.34,1036.34,1036.34,1036.34,1036.34,12682.8,4175.2,147.34,21.435,32.893,160.556,1036.34,32.842,34.033,35.223,36.414,37.605,38.795,21.435,25739.7,18029.2,160.556,21.435,1036.34,1036.34,1036.34,1036.34,1036.34,20549.8,5189.9,160.556,21.435,99.883,108.842,0.855,1.778,2.931,3.738,4.084
2026-01,CGE,CGE DISTRIBUCIÓN,Talca,STxE-7-A,Aéreo,16858.1,13516.0,147.34,21.435,1036.34,1036.34,1036.34,1036.34,1036.34,12682.8,4175.2,147.34,21.435,32.893,160.556,1036.34,32.842,34.033,35.223,36.414,37.605,38.795,21.435,25739.7,18029.2,160.556,21.435,1036.34,1036.34,1036.34,1036.34,1036.34,20549.8,5189.9,160.556,21.435,99.883,108.842,0.855,1.778,2.931,3.738,4.084
2026-01,CGE,CGE DISTRIBUCIÓN,Talca,STxE-7-S1,Subt.1,21718.0,17011.2,147.34,21.435,1036.34,1036.34,1036.34,1036.34,1036.34,14619.9,7098.1,147.34,21.435,32.893,160.556,1036.34,42.183,43.712,45.241,46.772,48.301,49.83,21.435,30265.4,21005.2,160.556,21.435,1036.34,1036.34,1036.34,1036.34,1036.34,23599.2,6666.1,160.556,21.435,99.883,108.842,0.855,1.778,2.931,3.738,4.084
2026-01,CGE,CGE DISTRIBUCIÓN,Talca,STxE-7-S2,Subt.2,16858.1,13516.0,147.34,21.435,1036.34,1036.34,1036.34,1036.34,1036.34,12682.8,4175.2,147.34,21.435,32.893,160.556,1036.34,38.692,39.736,40.781,41.826,42.87,43.915,21.435,28574.0,19893.0,160.556,21.435,1036.34,1036.34,1036.34,1036.34,1036.34,22459.7,6114.5,160.556,21.435,99.883,108.842,0.855,1.778,2.931,3.738,4.084
2026-01,CGE,CGE DISTRIBUCIÓN,Talcahuano,STxE-2-A,Aéreo,16858.1,13516.0,147.34,21.435,1036.34,1036.34,1036.34,1036.34,1036.34,12682.8,4175.2,147.34,21.435,32.893,160.556,1036.34,32.842,34.033,35.223,36.414,37.605,38.795,21.435,25739.7,18029.2,160.556,21.435,1036.34,1036.34,1036.34,1036.34,1036.34,20549.8,5189.9,160.556,21.435,99.883,108.842,0.855,1.778,2.931,3.738,4.084
2026-01,CGE,CGE DISTRIBUCIÓN,Temuco,STxE-9-A,Aéreo,16993.4,13613.5,147.34,21.435,1036.34,1036.34,1036.34,1036.34,1036.34,12736.8,4256.6,147.34,21.435,32.893,160.556,1036.34,52.953,52.953,52.953,52.953,52.953,52.953,21.435,34160.7,23566.8,160.556,21.435,1036.34,1036.34,1036.34,1036.34,1036.34,24278.9,9881.9,160.556,21.435,99.883,108.842,0.855,1.778,2.931,3.738,4.084
2026-01,CGE,CGE DISTRIBUCIÓN,Temuco,STxE-9-S2,Subt.2,16993.4,13613.5,147.34,21.435,1036.34,1036.34,1036.34,1036.34,1036.34,12736.8,4256.6,147.34,21.435,32.893,160.556,1036.34,62.386,62.386,62.386,62.386,62.386,62.386,21.435,38495.2,26416.9,160.556,21.435,1036.34,1036.34,1036.34,1036.34,1036.34,26853.1,11642.2,160.556,21.435,99.883,108.842,0.855,1.778,2.931,3.738,4.084
2026-01,CGE,CGE DISTRIBUCIÓN,Teno,STxE-1-A,Aéreo,16858.1,13516.0,140.232,21.435,1036.34,1036.34,1036.34,1036.34,1036.34,12682.8,4175.2,140.232,21.435,32.893,152.81,1036.34,32.842,34.033,35.223,36.414,37.605,38.795,21.435,25739.7,18029.2,152.81,21.435,1036.34,1036.34,1036.34,1036.34,1036.34,20549.8,5189.9,152.81,21.435,93.909,102.333,0.855,1.778,2.931,3.738,4.084
2026-01,CGE,CGE DISTRIBUCIÓN,Tomé,STxE-2-A,Aéreo,16993.4,13613.5,147.34,21.435,1036.34,1036.34,1036.34,1036.34,1036.34,12736.8,4256.6,147.34,21.435,32.893,160.556,1036.34,52.953,52.953,52.953,52.953,52.953,52.953,21.435,34160.7,23566.8,160.556,21.435,1036.34,1036.34,1036.34,1036.34,1036.34,24278.9,9881.9,160.556,21.435,99.883,108.842,0.855,1.778,2.931,3.738,4.084
2026-01,CGE,CGE DISTRIBUCIÓN,Treguaco,STxE-26-A,Aéreo,16993.4,13613.5,147.34,21.435,1036.34,1036.34,1036.34,1036.34,1036.34,12736.8,4256.6,147.34,21.435,32.893,160.556,1036.34,52.953,52.953,52.953,52.953,52.953,52.953,21.435,34160.7,23566.8,160.556,21.435,1036.34,1036.34,1036.34,1036.34,1036.34,24278.9,9881.9,160.556,21.435,99.883,108.842,0.855,1.778,2.931,3.738,4.084
2026-01,CGE,CGE DISTRIBUCIÓN,Vichuquén,STxE-6-A,Aéreo,16858.1,13516.0,147.34,21.435,1036.34,1036.34,1036.34,1036.34,1036.34,12682.8,4175.2,147.34,21.435,32.893,160.556,1036.34,32.842,34.033,35.223,36.414,37.605,38.795,21.435,25739.7,18029.2,160.556,21.435,1036.34,1036.34,1036.34,1036.34,1036.34,20549.8,5189.9,160.556,21.435,99.883,108.842,0.855,1.778,2.931,3.738,4.084
2026-01,CGE,CGE DISTRIBUCIÓN,Vilcún,STxE-5-A,Aéreo,16993.4,13613.5,147.34,21.435,1036.34,1036.34,1036.34,1036.34,1036.34,12736.8,4256.6,147.34,21.435,32.893,160.556,1036.34,52.953,52.953,52.953,52.953,52.953,52.953,21.435,34160.7,23566.8,160.556,21.435,1036.34,1036.34,1036.34,1036.34,1036.34,24278.9,9881.9,160.556,21.435,99.883,108.842,0.855,1.778,2.931,3.738,4.084
2026-01,CGE,CGE DISTRIBUCIÓN,Villa Alegre,STxE-17-A,Aéreo,17369.4,13883.7,147.34,21.435,1036.34,1036.34,1036.34,1036.34,1036.34,12886.6,4482.7,147.34,21.435,32.893,160.556,1036.34,42.364,43.467,44.569,45.671,46.773,47.876,21.435,30329.1,21047.1,160.556,21.435,1036.34,1036.34,1036.34,1036.34,1036.34,22822.5,7506.5,160.556,21.435,99.883,108.842,0.855,1.778,2.931,3.738,4.084
2026-01,CGE,CGE DISTRIBUCIÓN,Villarrica,STxE-18-A,Aéreo,16993.4,13613.5,147.34,21.435,1036.34,1036.34,1036.34,1036.34,1036.34,12736.8,4256.6,147.34,21.435,32.893,160.556,1036.34,52.953,52.953,52.953,52.953,52.953,52.953,21.435,34160.7,23566.8,160.556,21.435,1036.34,1036.34,1036.34,1036.34,1036.34,24278.9,9881.9,160.556,21.435,99.883,108.842,0.855,1.778,2.931,3.738,4.084
2026-01,CGE,CGE DISTRIBUCIÓN,Yerbas Buenas,STxE-1-A,Aéreo,17369.4,13883.7,140.232,21.435,1036.34,1036.34,1036.34,1036.34,1036.34,12886.6,4482.7,140.232,21.435,32.893,152.81,1036.34,42.364,43.467,44.569,45.671,46.773,47.876,21.435,30329.1,21047.1,152.81,21.435,1036.34,1036.34,1036.34,1036.34,1036.34,22822.5,7506.5,152.81,21.435,93.909,102.333,0.855,1.778,2.931,3.738,4.084
2026-01,CGE,CGE DISTRIBUCIÓN,Ñiquén,STxE-24-A,Aéreo,16993.4,13613.5,147.34,21.435,1036.34,1036.34,1036.34,1036.34,1036.34,12736.8,4256.6,147.34,21.435,32.893,160.556,1036.34,52.953,52.953,52.953,52.953,52.953,52.953,21.435,34160.7,23566.8,160.556,21.435,1036.34,1036.34,1036.34,1036.34,1036.34,24278.9,9881.9,160.556,21.435,99.883,108.842,0.855,1.778,2.931,3.738,4.084
2025-12,CGE,CGE DISTRIBUCIÓN,Alhué,STxE-6-A,Aéreo,16916.4,13558.0,147.34,22.965,1033.69,1033.69,1033.69,1033.69,1033.69,12706.1,4210.3,147.34,22.965,32.893,160.556,1033.69,33.111,34.311,35.512,36.713,37.913,39.114,22.965,25870.4,18115.1,160.556,22.965,1033.69,1033.69,1033.69,1033.69,1033.69,20638.6,5231.8,160.556,22.965,99.883,108.842,0.855,1.778,2.931,3.738,4.084
2025-12,CGE,CGE DISTRIBUCIÓN,Buin,STxE-6-A,Aéreo,16916.4,13558.0,147.34,22.965,1033.69,1033.69,1033.69,1033.69,1033.69,12706.1,4210.3,147.34,22.965,32.893,160.556,1033.69,33.111,34.311,35.512,36.713,37.913,39.114,22.965,25870.4,18115.1,160.556,22.965,1033.69,1033.69,1033.69,1033.69,1033.69,20638.6,5231.8,160.556,22.965,99.883,108.842,0.855,1.778,2.931,3.738,4.084
2025-12,CGE,CGE DISTRIBUCIÓN,Calera de Tango,STxD-3-A,Aéreo,16712.0,13386.1,145.608,15.499,1033.69,1033.69,1033.69,1033.69,1033.69,12518.0,4194.0,145.608,15.499,32.305,158.67,1033.69,33.111,34.282,35.451,36.621,37.792,38.962,15.499,25632.2,17938.9,158.67,15.499,1033.69,1033.69,1033.69,1033.69,1033.69,20420.9,5211.5,158.67,15.499,98.428,107.257,0.855,1.778,2.931,3.738,4.084
2025-12,CGE,CGE DISTRIBUCIÓN,Cartagena,STxE-6-A,Aéreo,17432.1,13928.8,147.34,22.965,1033.69,1033.69,1033.69,1033.69,1033.69,12911.6,4520.5,147.34,22.965,32.893,160.556,1033.69,42.713,43.824,44.934,46.046,47.157,48.269,22.965,30497.4,21157.8,160.556,22.965,1033.69,1033.69,1033.69,1033.69,1033.69,22930.1,7567.3,160.556,22.965,99.883,108.842,0.855,1.778,2.931,3.738,4.084
2025-12,CGE,CGE DISTRIBUCIÓN,Cauquenes,STxE-6-A,Aéreo,17052.9,13656.2,147.34,22.965,1033.69,1033.69,1033.69,1033.69,1033.69,12760.5,4292.4,147.34,22.965,32.893,160.556,1033.69,53.388,53.388,53.388,53.388,53.388,53.388,22.965,34360.7,23698.1,160.556,22.965,1033.69,1033.69,1033.69,1033.69,1033.69,24398.3,9962.3,160.556,22.965,99.883,108.842,0.855,1.778,2.931,3.738,4.084
2025-12,CGE,CGE DISTRIBUCIÓN,Chanco,STxE-6-A,Aéreo,16916.4,13558.0,147.34,22.965,1033.69,1033.69,1033.69,1033.69,1033.69,12706.1,4210.3,147.34,22.965,32.893,160.556,1033.69,33.111,34.311,35.512,36.713,37.913,39.114,22.965,25870.4,18115.1,160.556,22.965,1033.69,1033.69,1033.69,1033.69,1033.69,20638.6,5231.8,160.556,22.965,99.883,108.842,0.855,1.778,2.931,3.738,4.084
2025-12,CGE,CGE DISTRIBUCIÓN,Chiguayante,STxE-2-A,Aéreo,16916.4,13558.0,147.34,22.965,1033.69,1033.69,1033.69,1033.69,1033.69,12706.1,4210.3,147.34,22.965,32.893,160.556,1033.69,33.111,34.311,35.512,36.713,37.913,39.114,22.965,25870.4,18115.1,160.556,22.965,1033.69,1033.69,1033.69,1033.69,1033.69,20638.6,5231.8,160.556,22.965,99.883,108.842,0.855,1.778,2.931,3.738,4.084
2025-12,CGE,CGE DISTRIBUCIÓN,Chillán,STxE-8-A,Aéreo,17052.9,13656.2,147.34,22.965,1033.69,1033.69,1033.69,1033.69,1033.69,12760.5,4292.4,147.34,22.965,32.893,160.556,1033.69,53.388,53.388,53.388,53.388,53.388,53.388,22.965,34360.7,23698.1,160.556,22.965,1033.69,1033.69,1033.69,1033.69,1033.69,24398.3,9962.3,160.556,22.965,99.883,108.842,0.855,1.778,2.931,3.738,4.084
2025-12,CGE,CGE DISTRIBUCIÓN,Chillán,STxE-8-S2,Subt.2,17052.9,13656.2,147.34,22.965,1033.69,1033.69,1033.69,1033.69,1033.69,12760.5,4292.4,147.34,22.965,32.893,160.556,1033.69,62.897,62.897,62.897,62.897,62.897,62.897,22.965,38730.7,26571.7,160.556,22.965,1033.69,1033.69,1033.69,1033.69,1033.69,26993.8,11737.0,160.556,22.965,99.883,108.842,0.855,1.778,2.931,3.738,4.084
2025-12,CGE,CGE DISTRIBUCIÓN,Chillán Viejo,STxE-12-A,Aéreo,17052.9,13656.2,147.34,22.965,1033.69,1033.69,1033.69,1033.69,1033.69,12760.5,4292.4,147.34,22.965,32.893,160.556,1033.69,53.388,53.388,53.388,53.388,53.388,53.388,22.965,34360.7,23698.1,160.556,22.965,1033.69,1033.69,1033.69,1033.69,1033.69,24398.3,9962.3,160.556,22.965,99.883,108.842,0.855,1.778,2.931,3.738,4.084
2025-12,CGE,CGE DISTRIBUCIÓN,Chimbarongo,STxE-1-A,Aéreo,16916.4,13558.0,147.34,22.965,1033.69,1033.69,1033.69,1033.69,1033.69,12706.1,4210.3,147.34,22.965,32.893,160.556,1033.69,33.111,34.311,35.512,36.713,37.913,39.114,22.965,25870.4,18115.1,160.556,22.965,1033.69,1033.69,1033.69,1033.69,1033.69,20638.6,5231.8,160.556,22.965,99.883,108.842,0.855,1.778,2.931,3.738,4.084
2025-12,CGE,CGE DISTRIBUCIÓN,Chépica,STxE-6-A,Aéreo,16916.4,13558.0,147.34,22.965,1033.69,1033.69,1033.69,1033.69,1033.69,12706.1,4210.3,147.34,22.965,32.893,160.556,1033.69,33.111,34.311,35.512,36.713,37.913,39.114,22.965,25870.4,18115.1,160.556,22.965,1033.69,1033.69,1033.69,1033.69,1033.69,20638.6,5231.8,160.556,22.965,99.883,108.842,0.855,1.778,2.931,3.738,4.084
2025-12,CGE,CGE DISTRIBUCIÓN,Cobquecura,STxE-6-A,Aéreo,17052.9,13656.2,147.34,22.965,1033.69,1033.69,1033.69,1033.69,1033.69,12760.5,4292.4,147.34,22.965,32.893,160.556,1033.69,53.388,53.388,53.388,53.388,53.388,53.388,22.965,34360.7,23698.1,160.556,22.965,1033.69,1033.69,1033.69,1033.69,1033.69,24398.3,9962.3,160.556,22.965,99.883,108.842,0.855,1.778,2.931,3.738,4.084
2025-12,CGE,CGE DISTRIBUCIÓN,Codegua,STxE-1-A,Aéreo,16916.4,13558.0,147.34,22.965,1033.69,1033.69,1033.69,1033.69,1033.69,12706.1,4210.3,147.34,22.965,32.893,160.556,1033.69,33.111,34.311,35.512,36.713,37.913,39.114,22.965,25870.4,18115.1,160.556,22.965,1033.69,1033.69,1033.69,1033.69,1033.69,20638.6,5231.8,160.556,22.965,99.883,108.842,0.855,1.778,2.931,3.738,4.084
2025-12,CGE,CGE DISTRIBUCIÓN,Coelemu,STxE-22-A,Aéreo,17052.9,13656.2,147.34,22.965,1033.69,1033.69,1033.69,1033.69,1033.69,12760.5,4292.4,147.34,22.965,32.893,160.556,1033.69,53.388,53.388,53.388,53.388,53.388,53.388,22.965,34360.7,23698.1,160.556,22.965,1033.69,1033.69,1033.69,1033.69,1033.69,24398.3,9962.3,160.556,22.965,99.883,108.842,0.855,1.778,2.931,3.738,4.084
2025-12,CGE,CGE DISTRIBUCIÓN,Coihueco,STxE-21-A,Aéreo,17052.9,13656.2,147.34,22.965,1033.69,1033.69,1033.69,1033.69,1033.69,12760.5,4292.4,147.34,22.965,32.893,160.556,1033.69,53.388,53.388,53.388,53.388,53.388,53.388,22.965,34360.7,23698.1,160.556,22.965,1033.69,1033.69,1033.69,1033.69,1033.69,24398.3,9962.3,160.556,22.965,99.883,108.842,0.855,1.778,2.931,3.738,4.084
2025-12,CGE,CGE DISTRIBUCIÓN,Coinco,STxE-1-A,Aéreo,16916.4,13558.0,147.34,22.965,1033.69,1033.69,1033.69,1033.69,1033.69,12706.1,4210.3,147.34,22.965,32.893,160.556,1033.69,33.111,34.311,35.512,36.713,37.913,39.114,22.965,25870.4,18115.1,160.556,22.965,1033.69,1033.69,1033.69,1033.69,1033.69,20638.6,5231.8,160.556,22.965,99.883,108.842,0.855,1.778,2.931,3.738,4.084
2025-12,CGE,CGE DISTRIBUCIÓN,Colbún,STxE-25-A,Aéreo,17432.1,13928.8,107.368,22.965,1033.69,1033.69,1033.69,1033.69,1033.69,12911.6,4520.5,107.368,22.965,32.893,116.998,1033.69,42.713,43.824,44.934,46.046,47.157,48.269,22.965,30497.4,21157.8,116.998,22.965,1033.69,1033.69,1033.69,1033.69,1033.69,22930.1,7567.3,116.998,22.965,66.293,72.239,0.855,1.778,2.931,3.738,4.084
2025-12,CGE,CGE DISTRIBUCIÓN,Coltauco,STxE-1-A,Aéreo,16916.4,13558.0,147.34,22.965,1033.69,1033.69,1033.69,1033.69,1033.69,12706.1,4210.3,147.34,22.965,32.893,160.556,1033.69,33.111,34.311,35.512,36.713,37.913,39.114,22.965,25870.4,18115.1,160.556,22.965,1033.69,1033.69,1033.69,1033.69,1033.69,20638.6,5231.8,160.556,22.965,99.883,108.842,0.855,1.778,2.931,3.738,4.084
2025-12,CGE,CGE DISTRIBUCIÓN,Concepción,STxE-2-A,Aéreo,16916.4,13558.0,147.34,22.965,1033.69,1033.69,1033.69,1033.69,1033.69,12706.1,4210.3,147.34,22.965,32.893,160.556,1033.69,33.111,34.311,35.512,36.713,37.913,39.114,22.965,25870.4,18115.1,160.556,22.965,1033.69,1033.69,1033.69,1033.69,1033.69,20638.6,5231.8,160.556,22.965,99.883,108.842,0.855,1.778,2.931,3.738,4.084
2025-12,CGE,CGE DISTRIBUCIÓN,Concepción,STxE-2-S1,Subt.1,21817.3,17082.6,147.34,22.965,1033.69,1033.69,1033.69,1033.69,1033.69,14659.4,7157.9,147.34,22.965,32.893,160.556,1033.69,42.529,44.072,45.613,47.155,48.697,50.239,22.965,30433.3,21115.6,160.556,22.965,1033.69,1033.69,1033.69,1033.69,1033.69,23713.4,6719.9,160.556,22.965,99.883,108.842,0.855,1.778,2.931,3.738,4.084
2025-12,CGE,CGE DISTRIBUCIÓN,Concepción,STxE-2-S2,Subt.2,16916.4,13558.0,147.34,22.965,1033.69,1033.69,1033.69,1033.69,1033.69,12706.1,4210.3,147.34,22.965,32.893,160.556,1033.69,39.009,40.063,41.116,42.169,43.222,44.275,22.965,28728.0,19994.3,160.556,22.965,1033.69,1033.69,1033.69,1033.69,1033.69,22564.3,6163.7,160.556,22.965,99.883,108.842,0.855,1.778,2.931,3.738,4.084
2025-12,CGE,CGE DISTRIBUCIÓN,Concepción,STxE-2-S3,Subt.3,21817.3,17082.6,147.34,22.965,1033.69,1033.69,1033.69,1033.69,1033.69,14659.4,7157.9,147.34,22.965,32.893,160.556,1033.69,48.427,48.427,48.427,48.427,48.427,48.427,22.965,33291.0,22994.7,160.556,22.965,1033.69,1033.69,1033.69,1033.69,1033.69,25639.0,7651.8,160.556,22.965,99.883,108.842,0.855,1.778,2.931,3.738,4.084
2025-12,CGE,CGE DISTRIBUCIÓN,Constitución,STxE-6-A,Aéreo,17432.1,13928.8,140.232,22.965,1033.69,1033.69,1033.69,1033.69,1033.69,12911.6,4520.5,140.232,22.965,32.893,152.81,1033.69,42.713,43.824,44.934,46.046,47.157,48.269,22.965,30497.4,21157.8,152.81,22.965,1033.69,1033.69,1033.69,1033.69,1033.69,22930.1,7567.3,152.81,22.965,93.909,102.333,0.855,1.778,2.931,3.738,4.084
2025-12,CGE,CGE DISTRIBUCIÓN,Coronel,STxE-10-A,Aéreo,17052.9,13656.2,70.532,22.965,1033.69,1033.69,1033.69,1033.69,1033.69,12760.5,4292.4,70.532,22.965,32.893,76.859,1033.69,53.388,53.388,53.388,53.388,53.388,53.388,22.965,34360.7,23698.1,76.859,22.965,1033.69,1033.69,1033.69,1033.69,1033.69,24398.3,9962.3,76.859,22.965,35.338,38.508,0.855,1.778,2.931,3.738,4.084
2025-12,CGE,CGE DISTRIBUCIÓN,Coronel,STxE-10-S2,Subt.2,17052.9,13656.2,70.532,22.965,1033.69,1033.69,1033.69,1033.69,1033.69,12760.5,4292.4,70.532,22.965,32.893,76.859,1033.69,62.897,62.897,62.897,62.897,62.897,62.897,22.965,38730.7,26571.7,76.859,22.965,1033.69,1033.69,1033.69,1033.69,1033.69,26993.8,11737.0,76.859,22.965,35.338,38.508,0.855,1.778,2.931,3.738,4.084
2025-12,CGE,CGE DISTRIBUCIÓN,Curacaví,STxD-3-A,Aéreo,17133.1,13689.0,145.608,15.499,1033.69,1033.69,1033.69,1033.69,1033.69,12685.9,4447.3,145.608,15.499,32.305,158.67,1033.69,42.713,44.086,45.459,46.834,48.207,49.58,15.499,29987.3,20802.6,158.67,15.499,1033.69,1033.69,1033.69,1033.69,1033.69,22542.4,7444.9,158.67,15.499,98.428,107.257,0.855,1.778,2.931,3.738,4.084
2025-12,CGE,CGE DISTRIBUCIÓN,Curarrehue,STxE-2-A,Aéreo,16916.4,13558.0,147.34,22.965,1033.69,1033.69,1033.69,1033.69,1033.69,12706.1,4210.3,147.34,22.965,32.893,160.556,1033.69,33.111,34.311,35.512,36.713,37.913,39.114,22.965,25870.4,18115.1,160.556,22.965,1033.69,1033.69,1033.69,1033.69,1033.69,20638.6,5231.8,160.556,22.965,99.883,108.842,0.855,1.778,2.931,3.738,4.084
2025-12,CGE,CGE DISTRIBUCIÓN,Curepto,STxE-6-A,Aéreo,16916.4,13558.0,147.34,22.965,1033.69,1033.69,1033.69,1033.69,1033.69,12706.1,4210.3,147.34,22.965,32.893,160.556,1033.69,33.111,34.311,35.512,36.713,37.913,39.114,22.965,25870.4,18115.1,160.556,22.965,1033.69,1033.69,1033.69,1033.69,1033.69,20638.6,5231.8,160.556,22.965,99.883,108.842,0.855,1.778,2.931,3.738,4.084
2025-12,CGE,CGE DISTRIBUCIÓN,Curicó,STxE-1-A,Aéreo,16916.4,13558.0,147.34,22.965,1033.69,1033.69,1033.69,1033.69,1033.69,12706.1,4210.3,147.34,22.965,32.893,160.556,1033.69,33.111,34.311,35.512,36.713,37.913,39.114,22.965,25870.4,18115.1,160.556,22.965,1033.69,1033.69,1033.69,1033.69,1033.69,20638.6,5231.8,160.556,22.965,99.883,108.842,0.855,1.778,2.931,3.738,4.084
2025-12,CGE,CGE DISTRIBUCIÓN,Doñihue,STxE-1-A,Aéreo,16916.4,13558.0,147.34,22.965,1033.69,1033.69,1033.69,1033.69,1033.69,12706.1,4210.3,147.34,22.965,32.893,160.556,1033.69,33.111,34.311,35.512,36.713,37.913,39.114,22.965,25870.4,18115.1,160.556,22.965,1033.69,1033.69,1033.69,1033.69,1033.69,20638.6,5231.8,160.556,22.965,99.883,108.842,0.855,1.778,2.931,3.738,4.084
2025-12,CGE,CGE DISTRIBUCIÓN,El Bosque,STxD-3-A,Aéreo,16712.0,13386.1,145.608,15.499,1033.69,1033.69,1033.69,1033.69,1033.69,12518.0,4194.0,145.608,15.499,32.305,158.67,1033.69,33.111,34.282,35.451,36.621,37.792,38.962,15.499,25632.2,17938.9,158.67,15.499,1033.69,1033.69,1033.69,1033.69,1033.69,20420.9,5211.5,158.67,15.499,98.428,107.257,0.855,1.778,2.931,3.738,4.084
2025-12,CGE,CGE DISTRIBUCIÓN,El Monte,STxE-6-A,Aéreo,16916.4,13558.0,147.34,22.965,1033.69,1033.69,1033.69,1033.69,1033.69,12706.1,4210.3,147.34,22.965,32.893,160.556,1033.69,33.111,34.311,35.512,36.713,37.913,39.114,22.965,25870.4,18115.1,160.556,22.965,1033.69,1033.69,1033.69,1033.69,1033.69,20638.6,5231.8,160.556,22.965,99.883,108.842,0.855,1.778,2.931,3.738,4.084
2025-12,CGE,CGE DISTRIBUCIÓN,Empedrado,STxE-6-A,Aéreo,16916.4,13558.0,147.34,22.965,1033.69,1033.69,1033.69,1033.69,1033.69,12706.1,4210.3,147.34,22.965,32.893,160.556,1033.69,33.111,34.311,35.512,36.713,37.913,39.114,22.965,25870.4,18115.1,160.556,22.965,1033.69,1033.69,1033.69,1033.69,1033.69,20638.6,5231.8,160.556,22.965,99.883,108.842,0.855,1.778,2.931,3.738,4.084
2025-12,CGE,CGE DISTRIBUCIÓN,Florida,STxE-23-A,Aéreo,16878.5,13530.7,147.34,22.965,1033.69,1033.69,1033.69,1033.69,1033.69,12690.9,4187.5,147.34,22.965,32.893,160.556,1033.69,70.699,70.699,70.699,70.699,70.699,70.699,22.965,41738.1,28549.4,160.556,22.965,1033.69,1033.69,1033.69,1033.69,1033.69,27504.2,14233.9,160.556,22.965,99.883,108.842,0.855,1.778,2.931,3.738,4.084
2025-12,CGE,CGE DISTRIBUCIÓN,Freire,STxE-2-A,Aéreo,17052.9,13656.2,147.34,22.965,1033.69,1033.69,1033.69,1033.69,1033.69,12760.5,4292.4,147.34,22.965,32.893,160.556,1033.69,53.388,53.388,53.388,53.388,53.388,53.388,22.965,34360.7,23698.1,160.556,22.965,1033.69,1033.69,1033.69,1033.69,1033.69,24398.3,9962.3,160.556,22.965,99.883,108.842,0.855,1.778,2.931,3.738,4.084
2025-12,CGE,CGE DISTRIBUCIÓN,Graneros,STxE-1-A,Aéreo,16916.4,13558.0,147.34,22.965,1033.69,1033.69,1033.69,1033.69,1033.69,12706.1,4210.3,147.34,22.965,32.893,160.556,1033.69,33.111,34.311,35.512,36.713,37.913,39.114,22.965,25870.4,18115.1,160.556,22.965,1033.69,1033.69,1033.69,1033.69,1033.69,20638.6,5231.8,160.556,22.965,99.883,108.842,0.855,1.778,2.931,3.738,4.084
2025-12,CGE,CGE DISTRIBUCIÓN,Hualañé,STxE-6-A,Aéreo,16916.4,13558.0,147.34,22.965,1033.69,1033.69,1033.69,1033.69,1033.69,12706.1,4210.3,147.34,22.965,32.893,160.556,1033.69,33.111,34.311,35.512,36.713,37.913,39.114,22.965,25870.4,18115.1,160.556,22.965,1033.69,1033.69,1033.69,1033.69,1033.69,20638.6,5231.8,160.556,22.965,99.883,108.842,0.855,1.778,2.931,3.738,4.084
2025-12,CGE,CGE DISTRIBUCIÓN,Hualpén,STxE-2-A,Aéreo,16916.4,13558.0,100.059,22.965,1033.69,1033.69,1033.69,1033.69,1033.69,12706.1,4210.3,100.059,22.965,32.893,109.035,1033.69,33.111,34.311,35.512,36.713,37.913,39.114,22.965,25870.4,18115.1,109.035,22.965,1033.69,1033.69,1033.69,1033.69,1033.69,20638.6,5231.8,109.035,22.965,60.151,65.547,0.855,1.778,2.931,3.738,4.084
2025-12,CGE,CGE DISTRIBUCIÓN,Hualqui,STxE-16-A,Aéreo,16878.5,13530.7,147.34,22.965,1033.69,1033.69,1033.69,1033.69,1033.69,12690.9,4187.5,147.34,22.965,32.893,160.556,1033.69,70.699,70.699,70.699,70.699,70.699,70.699,22.965,41738.1,28549.4,160.556,22.965,1033.69,1033.69,1033.69,1033.69,1033.69,27504.2,14233.9,160.556,22.965,99.883,108.842,0.855,1.778,2.931,3.738,4.084
2025-12,CGE,CGE DISTRIBUCIÓN,Isla de Maipo,STxE-1-A,Aéreo,16916.4,13558.0,147.34,22.965,1033.69,1033.69,1033.69,1033.69,1033.69,12706.1,4210.3,147.34,22.965,32.893,160.556,1033.69,33.111,34.311,35.512,36.713,37.913,39.114,22.965,25870.4,18115.1,160.556,22.965,1033.69,1033.69,1033.69,1033.69,1033.69,20638.6,5231.8,160.556,22.965,99.883,108.842,0.855,1.778,2.931,3.738,4.084
2025-12,CGE,CGE DISTRIBUCIÓN,La Estrella,STxE-6-A,Aéreo,16916.4,13558.0,124.899,22.965,1033.69,1033.69,1033.69,1033.69,1033.69,12706.1,4210.3,124.899,22.965,32.893,136.103,1033.69,33.111,34.311,35.512,36.713,37.913,39.114,22.965,25870.4,18115.1,136.103,22.965,1033.69,1033.69,1033.69,1033.69,1033.69,20638.6,5231.8,136.103,22.965,81.025,88.293,0.855,1.778,2.931,3.738,4.084
2025-12,CGE,CGE DISTRIBUCIÓN,La Pintana,STxD-3-A,Aéreo,16712.0,13386.1,145.608,15.499,1033.69,1033.69,1033.69,1033.69,1033.69,12518.0,4194.0,145.608,15.499,32.305,158.67,1033.69,33.111,34.282,35.451,36.621,37.792,38.962,15.499,25632.2,17938.9,158.67,15.499,1033.69,1033.69,1033.69,1033.69,1033.69,20420.9,5211.5,158.67,15.499,98.428,107.257,0.855,1.778,2.931,3.738,4.084
2025-12,CGE,CGE DISTRIBUCIÓN,Las Cabras,STxE-1-A,Aéreo,16916.4,13558.0,135.125,22.965,1033.69,1033.69,1033.69,1033.69,1033.69,12706.1,4210.3,135.125,22.965,32.893,147.246,1033.69,33.111,34.311,35.512,36.713,37.913,39.114,22.965,25870.4,18115.1,147.246,22.965,1033.69,1033.69,1033.69,1033.69,1033.69,20638.6,5231.8,147.246,22.965,89.618,97.657,0.855,1.778,2.931,3.738,4.084
2025-12,CGE,CGE DISTRIBUCIÓN,Lautaro,STxE-20-A,Aéreo,17052.9,13656.2,140.232,22.965,1033.69,1033.69,1033.69,1033.69,1033.69,12760.5,4292.4,140.232,22.965,32.893,152.81,1033.69,53.388,53.388,53.388,53.388,53.388,53.388,22.965,34360.7,23698.1,152.81,22.965,1033.69,1033.69,1033.69,1033.69,1033.69,24398.3,9962.3,152.81,22.965,93.909,102.333,0.855,1.778,2.931,3.738,4.084
2025-12,CGE,CGE DISTRIBUCIÓN,Licantén,STxE-6-A,Aéreo,16916.4,13558.0,147.34,22.965,1033.69,1033.69,1033.69,1033.69,1033.69,12706.1,4210.3,147.34,22.965,32.893,160.556,1033.69,33.111,34.311,35.512,36.713,37.913,39.114,22.965,25870.4,18115.1,160.556,22.965,1033.69,1033.69,1033.69,1033.69,1033.69,20638.6,5231.8,160.556,22.965,99.883,108.842,0.855,1.778,2.931,3.738,4.084
2025-12,CGE,CGE DISTRIBUCIÓN,Linares,STxE-13-A,Aéreo,17432.1,13928.8,147.34,22.965,1033.69,1033.69,1033.69,1033.69,1033.69,12911.6,4520.5,147.34,22.965,32.893,160.556,1033.69,42.713,43.824,44.934,46.046,47.157,48.269,22.965,30497.4,21157.8,160.556,22.965,1033.69,1033.69,1033.69,1033.69,1033.69,22930.1,7567.3,160.556,22.965,99.883,108.842,0.855,1.778,2.931,3.738,4.084
2025-12,CGE,CGE DISTRIBUCIÓN,Litueche,STxE-6-A,Aéreo,16916.4,13558.0,124.899,22.965,1033.69,1033.69,1033.69,1033.69,1033.69,12706.1,4210.3,124.899,22.965,32.893,136.103,1033.69,33.111,34.311,35.512,36.713,37.913,39.114,22.965,25870.4,18115.1,136.103,22.965,1033.69,1033.69,1033.69,1033.69,1033.69,20638.6,5231.8,136.103,22.965,81.025,88.293,0.855,1.778,2.931,3.738,4.084
2025-12,CGE,CGE DISTRIBUCIÓN,Lolol,STxE-6-A,Aéreo,16916.4,13558.0,147.34,22.965,1033.69,1033.69,1033.69,1033.69,1033.69,12706.1,4210.3,147.34,22.965,32.893,160.556,1033.69,33.111,34.311,35.512,36.713,37.913,39.114,22.965,25870.4,18115.1,160.556,22.965,1033.69,1033.69,1033.69,1033.69,1033.69,20638.6,5231.8,160.556,22.965,99.883,108.842,0.855,1.778,2.931,3.738,4.084
2025-12,CGE,CGE DISTRIBUCIÓN,Loncoche,STxE-18-A,Aéreo,17052.9,13656.2,147.34,22.965,1033.69,1033.69,1033.69,1033.69,1033.69,12760.5,4292.4,147.34,22.965,32.893,160.556,1033.69,53.388,53.388,53.388,53.388,53.388,53.388,22.965,34360.7,23698.1,160.556,22.965,1033.69,1033.69,1033.69,1033.69,1033.69,24398.3,9962.3,160.556,22.965,99.883,108.842,0.855,1.778,2.931,3.738,4.084
2025-12,CGE,CGE DISTRIBUCIÓN,Longaví,STxE-1-A,Aéreo,17432.1,13928.8,147.34,22.965,1033.69,1033.69,1033.69,1033.69,1033.69,12911.6,4520.5,147.34,22.965,32.893,160.556,1033.69,42.713,43.824,44.934,46.046,47.157,48.269,22.965,30497.4,21157.8,160.556,22.965,1033.69,1033.69,1033.69,1033.69,1033.69,22930.1,7567.3,160.556,22.965,99.883,108.842,0.855,1.778,2.931,3.738,4.084
2025-12,CGE,CGE DISTRIBUCIÓN,Los Ángeles,STxE-11-A,Aéreo,16878.5,13530.7,147.34,22.965,1033.69,1033.69,1033.69,1033.69,1033.69,12690.9,4187.5,147.34,22.965,32.893,160.556,1033.69,70.699,70.699,70.699,70.699,70.699,70.699,22.965,41738.1,28549.4,160.556,22.965,1033.69,1033.69,1033.69,1033.69,1033.69,27504.2,14233.9,160.556,22.965,99.883,108.842,0.855,1.778,2.931,3.738,4.084
2025-12,CGE,CGE DISTRIBUCIÓN,Machalí,STxE-1-A,Aéreo,16916.4,13558.0,140.232,22.965,1033.69,1033.69,1033.69,1033.69,1033.69,12706.1,4210.3,140.232,22.965,32.893,152.81,1033.69,33.111,34.311,35.512,36.713,37.913,39.114,22.965,25870.4,18115.1,152.81,22.965,1033.69,1033.69,1033.69,1033.69,1033.69,20638.6,5231.8,152.81,22.965,93.909,102.333,0.855,1.778,2.931,3.738,4.084
2025-12,CGE,CGE DISTRIBUCIÓN,Malloa,STxE-1-A,Aéreo,16916.4,13558.0,147.34,22.965,1033.69,1033.69,1033.69,1033.69,1033.69,12706.1,4210.3,147.34,22.965,32.893,160.556,1033.69,33.111,34.311,35.512,36.713,37.913,39.114,22.965,25870.4,18115.1,160.556,22.965,1033.69,1033.69,1033.69,1033.69,1033.69,20638.6,5231.8,160.556,22.965,99.883,108.842,0.855,1.778,2.931,3.738,4.084
2025-12,CGE,CGE DISTRIBUCIÓN,Marchihue,STxE-6-A,Aéreo,16916.4,13558.0,140.232,22.965,1033.69,1033.69,1033.69,1033.69,1033.69,12706.1,4210.3,140.232,22.965,32.893,152.81,1033.69,33.111,34.311,35.512,36.713,37.913,39.114,22.965,25870.4,18115.1,152.81,22.965,1033.69,1033.69,1033.69,1033.69,1033.69,20638.6,5231.8,152.81,22.965,93.909,102.333,0.855,1.778,2.931,3.738,4.084
2025-12,CGE,CGE DISTRIBUCIÓN,María Pinto,STxD-6-A,Aéreo,16712.0,13386.1,145.608,15.499,1033.69,1033.69,1033.69,1033.69,1033.69,12518.0,4194.0,145.608,15.499,32.305,158.67,1033.69,33.111,34.282,35.451,36.621,37.792,38.962,15.499,25632.2,17938.9,158.67,15.499,1033.69,1033.69,1033.69,1033.69,1033.69,20420.9,5211.5,158.67,15.499,98.428,107.257,0.855,1.778,2.931,3.738,4.084
2025-12,CGE,CGE DISTRIBUCIÓN,María Pinto,STxE-6-A,Aéreo,16916.4,13558.0,147.34,22.965,1033.69,1033.69,1033.69,1033.69,1033.69,12706.1,4210.3,147.34,22.965,32.893,160.556,1033.69,33.111,34.311,35.512,36.713,37.913,39.114,22.965,25870.4,18115.1,160.556,22.965,1033.69,1033.69,1033.69,1033.69,1033.69,20638.6,5231.8,160.556,22.965,99.883,108.842,0.855,1.778,2.931,3.738,4.084
2025-12,CGE,CGE DISTRIBUCIÓN,Maule,STxE-14-A,Aéreo,16916.4,13558.0,147.34,22.965,1033.69,1033.69,1033.69,1033.69,1033.69,12706.1,4210.3,147.34,22.965,32.893,160.556,1033.69,33.111,34.311,35.512,36.713,37.913,39.114,22.965,25870.4,18115.1,160.556,22.965,1033.69,1033.69,1033.69,1033.69,1033.69,20638.6,5231.8,160.556,22.965,99.883,108.842,0.855,1.778,2.931,3.738,4.084
2025-12,CGE,CGE DISTRIBUCIÓN,Melipilla,STxE-6-A,Aéreo,16916.4,13558.0,147.34,22.965,1033.69,1033.69,1033.69,1033.69,1033.69,12706.1,4210.3,147.34,22.965,32.893,160.556,1033.69,33.111,34.311,35.512,36.713,37.913,39.114,22.965,25870.4,18115.1,160.556,22.965,1033.69,1033.69,1033.69,1033.69,1033.69,20638.6,5231.8,160.556,22.965,99.883,108.842,0.855,1.778,2.931,3.738,4.084
2025-12,CGE,CGE DISTRIBUCIÓN,Molina,STxE-6-A,Aéreo,16916.4,13558.0,147.34,22.965,1033.69,1033.69,1033.69,1033.69,1033.69,12706.1,4210.3,147.34,22.965,32.893,160.556,1033.69,33.111,34.311,35.512,36.713,37.913,39.114,22.965,25870.4,18115.1,160.556,22.965,1033.69,1033.69,1033.69,1033.69,1033.69,20638.6,5231.8,160.556,22.965,99.883,108.842,0.855,1.778,2.931,3.738,4.084
2025-12,CGE,CGE DISTRIBUCIÓN,Mostazal,STxE-1-A,Aéreo,16916.4,13558.0,135.125,22.965,1033.69,1033.69,1033.69,1033.69,1033.69,12706.1,4210.3,135.125,22.965,32.893,147.246,1033.69,33.111,34.311,35.512,36.713,37.913,39.114,22.965,25870.4,18115.1,147.246,22.965,1033.69,1033.69,1033.69,1033.69,1033.69,20638.6,5231.8,147.246,22.965,89.618,97.657,0.855,1.778,2.931,3.738,4.084
2025-12,CGE,CGE DISTRIBUCIÓN,Mulchén,STxE-2-A,Aéreo,17052.9,13656.2,147.34,22.965,1033.69,1033.69,1033.69,1033.69,1033.69,12760.5,4292.4,147.34,22.965,32.893,160.556,1033.69,53.388,53.388,53.388,53.388,53.388,53.388,22.965,34360.7,23698.1,160.556,22.965,1033.69,1033.69,1033.69,1033.69,1033.69,24398.3,9962.3,160.556,22.965,99.883,108.842,0.855,1.778,2.931,3.738,4.084
2025-12,CGE,CGE DISTRIBUCIÓN,Nancagua,STxE-6-A,Aéreo,16916.4,13558.0,147.34,22.965,1033.69,1033.69,1033.69,1033.69,1033.69,12706.1,4210.3,147.34,22.965,32.893,160.556,1033.69,33.111,34.311,35.512,36.713,37.913,39.114,22.965,25870.4,18115.1,160.556,22.965,1033.69,1033.69,1033.69,1033.69,1033.69,20638.6,5231.8,160.556,22.965,99.883,108.842,0.855,1.778,2.931,3.738,4.084
2025-12,CGE,CGE DISTRIBUCIÓN,Navidad,STxE-6-A,Aéreo,16916.4,13558.0,147.34,22.965,1033.69,1033.69,1033.69,1033.69,1033.69,12706.1,4210.3,147.34,22.965,32.893,160.556,1033.69,33.111,34.311,35.512,36.713,37.913,39.114,22.965,25870.4,18115.1,160.556,22.965,1033.69,1033.69,1033.69,1033.69,1033.69,20638.6,5231.8,160.556,22.965,99.883,108.842,0.855,1.778,2.931,3.738,4.084
2025-12,CGE,CGE DISTRIBUCIÓN,Ninhue,STxE-27-A,Aéreo,17052.9,13656.2,147.34,22.965,1033.69,1033.69,1033.69,1033.69,1033.69,12760.5,4292.4,147.34,22.965,32.893,160.556,1033.69,53.388,53.388,53.388,53.388,53.388,53.388,22.965,34360.7,23698.1,160.556,22.965,1033.69,1033.69,1033.69,1033.69,1033.69,24398.3,9962.3,160.556,22.965,99.883,108.842,0.855,1.778,2.931,3.738,4.084
2025-12,CGE,CGE DISTRIBUCIÓN,Olivar,STxE-1-A,Aéreo,16916.4,13558.0,147.34,22.965,1033.69,1033.69,1033.69,1033.69,1033.69,12706.1,4210.3,147.34,22.965,32.893,160.556,1033.69,33.111,34.311,35.512,36.713,37.913,39.114,22.965,25870.4,18115.1,160.556,22.965,1033.69,1033.69,1033.69,1033.69,1033.69,20638.6,5231.8,160.556,22.965,99.883,108.842,0.855,1.778,2.931,3.738,4.084
2025-12,CGE,CGE DISTRIBUCIÓN,Padre Hurtado,STxD-3-A,Aéreo,16712.0,13386.1,145.608,15.499,1033.69,1033.69,1033.69,1033.69,1033.69,12518.0,4194.0,145.608,15.499,32.305,158.67,1033.69,33.111,34.282,35.451,36.621,37.792,38.962,15.499,25632.2,17938.9,158.67,15.499,1033.69,1033.69,1033.69,1033.69,1033.69,20420.9,5211.5,158.67,15.499,98.428,107.257,0.855,1.778,2.931,3.738,4.084
2025-12,CGE,CGE DISTRIBUCIÓN,Padre las Casas,STxE-20-A,Aéreo,17052.9,13656.2,147.34,22.965,1033.69,1033.69,1033.69,1033.69,1033.69,12760.5,4292.4,147.34,22.965,32.893,160.556,1033.69,53.388,53.388,53.388,53.388,53.388,53.388,22.965,34360.7,23698.1,160.556,22.965,1033.69,1033.69,1033.69,1033.69,1033.69,24398.3,9962.3,160.556,22.965,99.883,108.842,0.855,1.778,2.931,3.738,4.084
2025-12,CGE,CGE DISTRIBUCIÓN,Paine,STxE-1-A,Aéreo,16916.4,13558.0,147.34,22.965,1033.69,1033.69,1033.69,1033.69,1033.69,12706.1,4210.3,147.34,22.965,32.893,160.556,1033.69,33.111,34.311,35.512,36.713,37.913,39.114,22.965,25870.4,18115.1,160.556,22.965,1033.69,1033.69,1033.69,1033.69,1033.69,20638.6,5231.8,160.556,22.965,99.883,108.842,0.855,1.778,2.931,3.738,4.084
2025-12,CGE,CGE DISTRIBUCIÓN,Palmilla,STxE-6-A,Aéreo,16916.4,13558.0,147.34,22.965,1033.69,1033.69,1033.69,1033.69,1033.69,12706.1,4210.3,147.34,22.965,32.893,160.556,1033.69,33.111,34.311,35.512,36.713,37.913,39.114,22.965,25870.4,18115.1,160.556,22.965,1033.69,1033.69,1033.69,1033.69,1033.69,20638.6,5231.8,160.556,22.965,99.883,108.842,0.855,1.778,2.931,3.738,4.084
2025-12,CGE,CGE DISTRIBUCIÓN,Paredones,STxE-6-A,Aéreo,16916.4,13558.0,147.34,22.965,1033.69,1033.69,1033.69,1033.69,1033.69,12706.1,4210.3,147.34,22.965,32.893,160.556,1033.69,33.111,34.311,35.512,36.713,37.913,39.114,22.965,25870.4,18115.1,160.556,22.965,1033.69,1033.69,1033.69,1033.69,1033.69,20638.6,5231.8,160.556,22.965,99.883,108.842,0.855,1.778,2.931,3.738,4.084
2025-12,CGE,CGE DISTRIBUCIÓN,Parral,STxE-25-A,Aéreo,17052.9,13656.2,147.34,22.965,1033.69,1033.69,1033.69,1033.69,1033.69,12760.5,4292.4,147.34,22.965,32.893,160.556,1033.69,53.388,53.388,53.388,53.388,53.388,53.388,22.965,34360.7,23698.1,160.556,22.965,1033.69,1033.69,1033.69,1033.69,1033.69,24398.3,9962.3,160.556,22.965,99.883,108.842,0.855,1.778,2.931,3.738,4.084
2025-12,CGE,CGE DISTRIBUCIÓN,Pelarco,STxE-4-A,Aéreo,16916.4,13558.0,147.34,22.965,1033.69,1033.69,1033.69,1033.69,1033.69,12706.1,4210.3,147.34,22.965,32.893,160.556,1033.69,33.111,34.311,35.512,36.713,37.913,39.114,22.965,25870.4,18115.1,160.556,22.965,1033.69,1033.69,1033.69,1033.69,1033.69,20638.6,5231.8,160.556,22.965,99.883,108.842,0.855,1.778,2.931,3.738,4.084
2025-12,CGE,CGE DISTRIBUCIÓN,Pelluhue,STxE-6-A,Aéreo,16916.4,13558.0,147.34,22.965,1033.69,1033.69,1033.69,1033.69,1033.69,12706.1,4210.3,147.34,22.965,32.893,160.556,1033.69,33.111,34.311,35.512,36.713,37.913,39.114,22.965,25870.4,18115.1,160.556,22.965,1033.69,1033.69,1033.69,1033.69,1033.69,20638.6,5231.8,160.556,22.965,99.883,108.842,0.855,1.778,2.931,3.738,4.084
2025-12,CGE,CGE DISTRIBUCIÓN,Pencahue,STxE-14-A,Aéreo,16916.4,13558.0,147.34,22.965,1033.69,1033.69,1033.69,1033.69,1033.69,12706.1,4210.3,147.34,22.965,32.893,160.556,1033.69,33.111,34.311,35.512,36.713,37.913,39.114,22.965,25870.4,18115.1,160.556,22.965,1033.69,1033.69,1033.69,1033.69,1033.69,20638.6,5231.8,160.556,22.965,99.883,108.842,0.855,1.778,2.931,3.738,4.084
2025-12,CGE,CGE DISTRIBUCIÓN,Penco,STxE-2-A,Aéreo,16916.4,13558.0,147.34,22.965,1033.69,1033.69,1033.69,1033.69,1033.69,12706.1,4210.3,147.34,22.965,32.893,160.556,1033.69,33.111,34.311,35.512,36.713,37.913,39.114,22.965,25870.4,18115.1,160.556,22.965,1033.69,1033.69,1033.69,1033.69,1033.69,20638.6,5231.8,160.556,22.965,99.883,108.842,0.855,1.778,2.931,3.738,4.084
2025-12,CGE,CGE DISTRIBUCIÓN,Peralillo,STxE-6-A,Aéreo,16916.4,13558.0,147.34,22.965,1033.69,1033.69,1033.69,1033.69,1033.69,12706.1,4210.3,147.34,22.965,32.893,160.556,1033.69,33.111,34.311,35.512,36.713,37.913,39.114,22.965,25870.4,18115.1,160.556,22.965,1033.69,1033.69,1033.69,1033.69,1033.69,20638.6,5231.8,160.556,22.965,99.883,108.842,0.855,1.778,2.931,3.738,4.084
2025-12,CGE,CGE DISTRIBUCIÓN,Peumo,STxE-1-A,Aéreo,16916.4,13558.0,147.34,22.965,1033.69,1033.69,1033.69,1033.69,1033.69,12706.1,4210.3,147.34,22.965,32.893,160.556,1033.69,33.111,34.311,35.512,36.713,37.913,39.114,22.965,25870.4,18115.1,160.556,22.965,1033.69,1033.69,1033.69,1033.69,1033.69,20638.6,5231.8,160.556,22.965,99.883,108.842,0.855,1.778,2.931,3.738,4.084
2025-12,CGE,CGE DISTRIBUCIÓN,Peñaflor,STxD-3-A,Aéreo,16712.0,13386.1,145.608,15.499,1033.69,1033.69,1033.69,1033.69,1033.69,12518.0,4194.0,145.608,15.499,32.305,158.67,1033.69,33.111,34.282,35.451,36.621,37.792,38.962,15.499,25632.2,17938.9,158.67,15.499,1033.69,1033.69,1033.69,1033.69,1033.69,20420.9,5211.5,158.67,15.499,98.428,107.257,0.855,1.778,2.931,3.738,4.084
2025-12,CGE,CGE DISTRIBUCIÓN,Peñaflor,STxE-3-A,Aéreo,16892.2,13540.5,147.34,22.965,1033.69,1033.69,1033.69,1033.69,1033.69,12696.3,4195.8,147.34,22.965,32.893,160.556,1033.69,33.111,34.285,35.458,36.632,37.805,38.978,22.965,25814.8,18078.5,160.556,22.965,1033.69,1033.69,1033.69,1033.69,1033.69,20601.0,5213.6,160.556,22.965,99.883,108.842,0.855,1.778,2.931,3.738,4.084
2025-12,CGE,CGE DISTRIBUCIÓN,Pichidegua,STxE-1-A,Aéreo,16916.4,13558.0,135.125,22.965,1033.69,1033.69,1033.69,1033.69,1033.69,12706.1,4210.3,135.125,22.965,32.893,147.246,1033.69,33.111,34.311,35.512,36.713,37.913,39.114,22.965,25870.4,18115.1,147.246,22.965,1033.69,1033.69,1033.69,1033.69,1033.69,20638.6,5231.8,147.246,22.965,89.618,97.657,0.855,1.778,2.931,3.738,4.084
2025-12,CGE,CGE DISTRIBUCIÓN,Pichilemu,STxE-6-A,Aéreo,16916.4,13558.0,147.34,22.965,1033.69,1033.69,1033.69,1033.69,1033.69,12706.1,4210.3,147.34,22.965,32.893,160.556,1033.69,33.111,34.311,35.512,36.713,37.913,39.114,22.965,25870.4,18115.1,160.556,22.965,1033.69,1033.69,1033.69,1033.69,1033.69,20638.6,5231.8,160.556,22.965,99.883,108.842,0.855,1.778,2.931,3.738,4.084
2025-12,CGE,CGE DISTRIBUCIÓN,Pinto,STxE-26-A,Aéreo,17052.9,13656.2,147.34,22.965,1033.69,1033.69,1033.69,1033.69,1033.69,12760.5,4292.4,147.34,22.965,32.893,160.556,1033.69,53.388,53.388,53.388,53.388,53.388,53.388,22.965,34360.7,23698.1,160.556,22.965,1033.69,1033.69,1033.69,1033.69,1033.69,24398.3,9962.3,160.556,22.965,99.883,108.842,0.855,1.778,2.931,3.738,4.084
2025-12,CGE,CGE DISTRIBUCIÓN,Pirque,STxD-1-A,Aéreo,16712.0,13386.1,138.604,15.499,1033.69,1033.69,1033.69,1033.69,1033.69,12518.0,4194.0,138.604,15.499,32.305,151.037,1033.69,33.111,34.282,35.451,36.621,37.792,38.962,15.499,25632.2,17938.9,151.037,15.499,1033.69,1033.69,1033.69,1033.69,1033.69,20420.9,5211.5,151.037,15.499,92.542,100.843,0.855,1.778,2.931,3.738,4.084
2025-12,CGE,CGE DISTRIBUCIÓN,Pitrufquén,STxE-20-A,Aéreo,17052.9,13656.2,147.34,22.965,1033.69,1033.69,1033.69,1033.69,1033.69,12760.5,4292.4,147.34,22.965,32.893,160.556,1033.69,53.388,53.388,53.388,53.388,53.388,53.388,22.965,34360.7,23698.1,160.556,22.965,1033.69,1033.69,1033.69,1033.69,1033.69,24398.3,9962.3,160.556,22.965,99.883,108.842,0.855,1.778,2.931,3.738,4.084
2025-12,CGE,CGE DISTRIBUCIÓN,Placilla,STxE-6-A,Aéreo,16916.4,13558.0,147.34,22.965,1033.69,1033.69,1033.69,1033.69,1033.69,12706.1,4210.3,147.34,22.965,32.893,160.556,1033.69,33.111,34.311,35.512,36.713,37.913,39.114,22.965,25870.4,18115.1,160.556,22.965,1033.69,1033.69,1033.69,1033.69,1033.69,20638.6,5231.8,160.556,22.965,99.883,108.842,0.855,1.778,2.931,3.738,4.084
2025-12,CGE,CGE DISTRIBUCIÓN,Portezuelo,STxE-26-A,Aéreo,17052.9,13656.2,147.34,22.965,1033.69,1033.69,1033.69,1033.69,1033.69,12760.5,4292.4,147.34,22.965,32.893,160.556,1033.69,53.388,53.388,53.388,53.388,53.388,53.388,22.965,34360.7,23698.1,160.556,22.965,1033.69,1033.69,1033.69,1033.69,1033.69,24398.3,9962.3,160.556,22.965,99.883,108.842,0.855,1.778,2.931,3.738,4.084
2025-12,CGE,CGE DISTRIBUCIÓN,Pucón,STxE-2-A,Aéreo,16916.4,13558.0,147.34,22.965,1033.69,1033.69,1033.69,1033.69,1033.69,12706.1,4210.3,147.34,22.965,32.893,160.556,1033.69,33.111,34.311,35.512,36.713,37.913,39.114,22.965,25870.4,18115.1,160.556,22.965,1033.69,1033.69,1033.69,1033.69,1033.69,20638.6,5231.8,160.556,22.965,99.883,108.842,0.855,1.778,2.931,3.738,4.084
2025-12,CGE,CGE DISTRIBUCIÓN,Puente Alto,STxD-3-A,Aéreo,17385.4,13870.4,145.608,15.499,1033.69,1033.69,1033.69,1033.69,1033.69,12786.4,4599.0,145.608,15.499,32.305,158.67,1033.69,28.474,29.616,30.758,31.899,33.04,34.182,15.499,23671.6,16649.5,158.67,15.499,1033.69,1033.69,1033.69,1033.69,1033.69,19940.1,3731.5,158.67,15.499,98.428,107.257,0.855,1.778,2.931,3.738,4.084
2025-12,CGE,CGE DISTRIBUCIÓN,Pumanque,STxE-6-A,Aéreo,16916.4,13558.0,147.34,22.965,1033.69,1033.69,1033.69,1033.69,1033.69,12706.1,4210.3,147.34,22.965,32.893,160.556,1033.69,33.111,34.311,35.512,36.713,37.913,39.114,22.965,25870.4,18115.1,160.556,22.965,1033.69,1033.69,1033.69,1033.69,1033.69,20638.6,5231.8,160.556,22.965,99.883,108.842,0.855,1.778,2.931,3.738,4.084
2025-12,CGE,CGE DISTRIBUCIÓN,Quinta de Tilcoco,STxE-1-A,Aéreo,16916.4,13558.0,147.34,22.965,1033.69,1033.69,1033.69,1033.69,1033.69,12706.1,4210.3,147.34,22.965,32.893,160.556,1033.69,33.111,34.311,35.512,36.713,37.913,39.114,22.965,25870.4,18115.1,160.556,22.965,1033.69,1033.69,1033.69,1033.69,1033.69,20638.6,5231.8,160.556,22.965,99.883,108.842,0.855,1.778,2.931,3.738,4.084
2025-12,CGE,CGE DISTRIBUCIÓN,Quirihue,STxE-6-A,Aéreo,17052.9,13656.2,147.34,22.965,1033.69,1033.69,1033.69,1033.69,1033.69,12760.5,4292.4,147.34,22.965,32.893,160.556,1033.69,53.388,53.388,53.388,53.388,53.388,53.388,22.965,34360.7,23698.1,160.556,22.965,1033.69,1033.69,1033.69,1033.69,1033.69,24398.3,9962.3,160.556,22.965,99.883,108.842,0.855,1.778,2.931,3.738,4.084
2025-12,CGE,CGE DISTRIBUCIÓN,Rancagua,STxE-1-A,Aéreo,16916.4,13558.0,147.34,22.965,1033.69,1033.69,1033.69,1033.69,1033.69,12706.1,4210.3,147.34,22.965,32.893,160.556,1033.69,33.111,34.311,35.512,36.713,37.913,39.114,22.965,25870.4,18115.1,160.556,22.965,1033.69,1033.69,1033.69,1033.69,1033.69,20638.6,5231.8,160.556,22.965,99.883,108.842,0.855,1.778,2.931,3.738,4.084
2025-12,CGE,CGE DISTRIBUCIÓN,Rancagua,STxE-1-S1,Subt.1,21817.3,17082.6,147.34,22.965,1033.69,1033.69,1033.69,1033.69,1033.69,14659.4,7157.9,147.34,22.965,32.893,160.556,1033.69,42.529,44.072,45.613,47.155,48.697,50.239,22.965,30433.3,21115.6,160.556,22.965,1033.69,1033.69,1033.69,1033.69,1033.69,23713.4,6719.9,160.556,22.965,99.883,108.842,0.855,1.778,2.931,3.738,4.084
2025-12,CGE,CGE DISTRIBUCIÓN,Rancagua,STxE-1-S2,Subt.2,16916.4,13558.0,147.34,22.965,1033.69,1033.69,1033.69,1033.69,1033.69,12706.1,4210.3,147.34,22.965,32.893,160.556,1033.69,39.009,40.063,41.116,42.169,43.222,44.275,22.965,28728.0,19994.3,160.556,22.965,1033.69,1033.69,1033.69,1033.69,1033.69,22564.3,6163.7,160.556,22.965,99.883,108.842,0.855,1.778,2.931,3.738,4.084
2025-12,CGE,CGE DISTRIBUCIÓN,Rancagua,STxE-1-S3,Subt.3,21817.3,17082.6,147.34,22.965,1033.69,1033.69,1033.69,1033.69,1033.69,14659.4,7157.9,147.34,22.965,32.893,160.556,1033.69,48.427,48.427,48.427,48.427,48.427,48.427,22.965,33291.0,22994.7,160.556,22.965,1033.69,1033.69,1033.69,1033.69,1033.69,25639.0,7651.8,160.556,22.965,99.883,108.842,0.855,1.778,2.931,3.738,4.084
2025-12,CGE,CGE DISTRIBUCIÓN,Rauco,STxE-1-A,Aéreo,16916.4,13558.0,147.34,22.965,1033.69,1033.69,1033.69,1033.69,1033.69,12706.1,4210.3,147.34,22.965,32.893,160.556,1033.69,33.111,34.311,35.512,36.713,37.913,39.114,22.965,25870.4,18115.1,160.556,22.965,1033.69,1033.69,1033.69,1033.69,1033.69,20638.6,5231.8,160.556,22.965,99.883,108.842,0.855,1.778,2.931,3.738,4.084
2025-12,CGE,CGE DISTRIBUCIÓN,Rengo,STxE-1-A,Aéreo,16916.4,13558.0,147.34,22.965,1033.69,1033.69,1033.69,1033.69,1033.69,12706.1,4210.3,147.34,22.965,32.893,160.556,1033.69,33.111,34.311,35.512,36.713,37.913,39.114,22.965,25870.4,18115.1,160.556,22.965,1033.69,1033.69,1033.69,1033.69,1033.69,20638.6,5231.8,160.556,22.965,99.883,108.842,0.855,1.778,2.931,3.738,4.084
2025-12,CGE,CGE DISTRIBUCIÓN,Requínoa,STxE-1-A,Aéreo,16916.4,13558.0,140.232,22.965,1033.69,1033.69,1033.69,1033.69,1033.69,12706.1,4210.3,140.232,22.965,32.893,152.81,1033.69,33.111,34.311,35.512,36.713,37.913,39.114,22.965,25870.4,18115.1,152.81,22.965,1033.69,1033.69,1033.69,1033.69,1033.69,20638.6,5231.8,152.81,22.965,93.909,102.333,0.855,1.778,2.931,3.738,4.084
2025-12,CGE,CGE DISTRIBUCIÓN,Retiro,STxE-25-A,Aéreo,17052.9,13656.2,147.34,22.965,1033.69,1033.69,1033.69,1033.69,1033.69,12760.5,4292.4,147.34,22.965,32.893,160.556,1033.69,53.388,53.388,53.388,53.388,53.388,53.388,22.965,34360.7,23698.1,160.556,22.965,1033.69,1033.69,1033.69,1033.69,1033.69,24398.3,9962.3,160.556,22.965,99.883,108.842,0.855,1.778,2.931,3.738,4.084
2025-12,CGE,CGE DISTRIBUCIÓN,Romeral,STxE-1-A,Aéreo,16916.4,13558.0,147.34,22.965,1033.69,1033.69,1033.69,1033.69,1033.69,12706.1,4210.3,147.34,22.965,32.893,160.556,1033.69,33.111,34.311,35.512,36.713,37.913,39.114,22.965,25870.4,18115.1,160.556,22.965,1033.69,1033.69,1033.69,1033.69,1033.69,20638.6,5231.8,160.556,22.965,99.883,108.842,0.855,1.778,2.931,3.738,4.084
2025-12,CGE,CGE DISTRIBUCIÓN,Ránquil,STxE-6-A,Aéreo,17052.9,13656.2,135.125,22.965,1033.69,1033.69,1033.69,1033.69,1033.69,12760.5,4292.4,135.125,22.965,32.893,147.246,1033.69,53.388,53.388,53.388,53.388,53.388,53.388,22.965,34360.7,23698.1,147.246,22.965,1033.69,1033.69,1033.69,1033.69,1033.69,24398.3,9962.3,147.246,22.965,89.618,97.657,0.855,1.778,2.931,3.738,4.084
2025-12,CGE,CGE DISTRIBUCIÓN,Río Claro,STxE-14-A,Aéreo,16916.4,13558.0,147.34,22.965,1033.69,1033.69,1033.69,1033.69,1033.69,12706.1,4210.3,147.34,22.965,32.893,160.556,1033.69,33.111,34.311,35.512,36.713,37.913,39.114,22.965,25870.4,18115.1,160.556,22.965,1033.69,1033.69,1033.69,1033.69,1033.69,20638.6,5231.8,160.556,22.965,99.883,108.842,0.855,1.778,2.931,3.738,4.084
2025-12,CGE,CGE DISTRIBUCIÓN,Sagrada Familia,STxE-1-A,Aéreo,16916.4,13558.0,147.34,22.965,1033.69,1033.69,1033.69,1033.69,1033.69,12706.1,4210.3,147.34,22.965,32.893,160.556,1033.69,33.111,34.311,35.512,36.713,37.913,39.114,22.965,25870.4,18115.1,160.556,22.965,1033.69,1033.69,1033.69,1033.69,1033.69,20638.6,5231.8,160.556,22.965,99.883,108.842,0.855,1.778,2.931,3.738,4.084
2025-12,CGE,CGE DISTRIBUCIÓN,San Antonio,STxE-6-A,Aéreo,16916.4,13558.0,147.34,22.965,1033.69,1033.69,1033.69,1033.69,1033.69,12706.1,4210.3,147.34,22.965,32.893,160.556,1033.69,33.111,34.311,35.512,36.713,37.913,39.114,22.965,25870.4,18115.1,160.556,22.965,1033.69,1033.69,1033.69,1033.69,1033.69,20638.6,5231.8,160.556,22.965,99.883,108.842,0.855,1.778,2.931,3.738,4.084
2025-12,CGE,CGE DISTRIBUCIÓN,San Bernardo,STxD-3-A,Aéreo,16712.0,13386.1,145.608,15.499,1033.69,1033.69,1033.69,1033.69,1033.69,12518.0,4194.0,145.608,15.499,32.305,158.67,1033.69,33.111,34.282,35.451,36.621,37.792,38.962,15.499,25632.2,17938.9,158.67,15.499,1033.69,1033.69,1033.69,1033.69,1033.69,20420.9,5211.5,158.67,15.499,98.428,107.257,0.855,1.778,2.931,3.738,4.084
2025-12,CGE,CGE DISTRIBUCIÓN,San Carlos,STxE-19-A,Aéreo,17052.9,13656.2,147.34,22.965,1033.69,1033.69,1033.69,1033.69,1033.69,12760.5,4292.4,147.34,22.965,32.893,160.556,1033.69,53.388,53.388,53.388,53.388,53.388,53.388,22.965,34360.7,23698.1,160.556,22.965,1033.69,1033.69,1033.69,1033.69,1033.69,24398.3,9962.3,160.556,22.965,99.883,108.842,0.855,1.778,2.931,3.738,4.084
2025-12,CGE,CGE DISTRIBUCIÓN,San Clemente,STxE-25-A,Aéreo,16916.4,13558.0,135.125,22.965,1033.69,1033.69,1033.69,1033.69,1033.69,12706.1,4210.3,135.125,22.965,32.893,147.246,1033.69,33.111,34.311,35.512,36.713,37.913,39.114,22.965,25870.4,18115.1,147.246,22.965,1033.69,1033.69,1033.69,1033.69,1033.69,20638.6,5231.8,147.246,22.965,89.618,97.657,0.855,1.778,2.931,3.738,4.084
2025-12,CGE,CGE DISTRIBUCIÓN,San Fabián,STxE-26-A,Aéreo,17052.9,13656.2,147.34,22.965,1033.69,1033.69,1033.69,1033.69,1033.69,12760.5,4292.4,147.34,22.965,32.893,160.556,1033.69,53.388,53.388,53.388,53.388,53.388,53.388,22.965,34360.7,23698.1,160.556,22.965,1033.69,1033.69,1033.69,1033.69,1033.69,24398.3,9962.3,160.556,22.965,99.883,108.842,0.855,1.778,2.931,3.738,4.084
2025-12,CGE,CGE DISTRIBUCIÓN,San Fernando,STxE-1-A,Aéreo,16916.4,13558.0,140.232,22.965,1033.69,1033.69,1033.69,1033.69,1033.69,12706.1,4210.3,140.232,22.965,32.893,152.81,1033.69,33.111,34.311,35.512,36.713,37.913,39.114,22.965,25870.4,18115.1,152.81,22.965,1033.69,1033.69,1033.69,1033.69,1033.69,20638.6,5231.8,152.81,22.965,93.909,102.333,0.855,1.778,2.931,3.738,4.084
2025-12,CGE,CGE DISTRIBUCIÓN,San Javier,STxE-15-A,Aéreo,17432.1,13928.8,147.34,22.965,1033.69,1033.69,1033.69,1033.69,1033.69,12911.6,4520.5,147.34,22.965,32.893,160.556,1033.69,42.713,43.824,44.934,46.046,47.157,48.269,22.965,30497.4,21157.8,160.556,22.965,1033.69,1033.69,1033.69,1033.69,1033.69,22930.1,7567.3,160.556,22.965,99.883,108.842,0.855,1.778,2.931,3.738,4.084
2025-12,CGE,CGE DISTRIBUCIÓN,San José de Maipo,STxD-3-A,Aéreo,16712.0,13386.1,133.569,15.499,1033.69,1033.69,1033.69,1033.69,1033.69,12518.0,4194.0,133.569,15.499,32.305,145.551,1033.69,33.111,34.282,35.451,36.621,37.792,38.962,15.499,25632.2,17938.9,145.551,15.499,1033.69,1033.69,1033.69,1033.69,1033.69,20420.9,5211.5,145.551,15.499,88.311,96.233,0.855,1.778,2.931,3.738,4.084
2025-12,CGE,CGE DISTRIBUCIÓN,San Nicolás,STxE-21-A,Aéreo,17052.9,13656.2,147.34,22.965,1033.69,1033.69,1033.69,1033.69,1033.69,12760.5,4292.4,147.34,22.965,32.893,160.556,1033.69,53.388,53.388,53.388,53.388,53.388,53.388,22.965,34360.7,23698.1,160.556,22.965,1033.69,1033.69,1033.69,1033.69,1033.69,24398.3,9962.3,160.556,22.965,99.883,108.842,0.855,1.778,2.931,3.738,4.084
2025-12,CGE,CGE DISTRIBUCIÓN,San Pedro,STxE-6-A,Aéreo,16916.4,13558.0,140.232,22.965,1033.69,1033.69,1033.69,1033.69,1033.69,12706.1,4210.3,140.232,22.965,32.893,152.81,1033.69,33.111,34.311,35.512,36.713,37.913,39.114,22.965,25870.4,18115.1,152.81,22.965,1033.69,1033.69,1033.69,1033.69,1033.69,20638.6,5231.8,152.81,22.965,93.909,102.333,0.855,1.778,2.931,3.738,4.084
2025-12,CGE,CGE DISTRIBUCIÓN,San Rafael,STxE-1-A,Aéreo,16916.4,13558.0,147.34,22.965,1033.69,1033.69,1033.69,1033.69,1033.69,12706.1,4210.3,147.34,22.965,32.893,160.556,1033.69,33.111,34.311,35.512,36.713,37.913,39.114,22.965,25870.4,18115.1,160.556,22.965,1033.69,1033.69,1033.69,1033.69,1033.69,20638.6,5231.8,160.556,22.965,99.883,108.842,0.855,1.778,2.931,3.738,4.084
2025-12,CGE,CGE DISTRIBUCIÓN,San Vicente,STxE-1-A,Aéreo,16916.4,13558.0,147.34,22.965,1033.69,1033.69,1033.69,1033.69,1033.69,12706.1,4210.3,147.34,22.965,32.893,160.556,1033.69,33.111,34.311,35.512,36.713,37.913,39.114,22.965,25870.4,18115.1,160.556,22.965,1033.69,1033.69,1033.69,1033.69,1033.69,20638.6,5231.8,160.556,22.965,99.883,108.842,0.855,1.778,2.931,3.738,4.084
2025-12,CGE,CGE DISTRIBUCIÓN,Santa Cruz,STxE-6-A,Aéreo,16916.4,13558.0,147.34,22.965,1033.69,1033.69,1033.69,1033.69,1033.69,12706.1,4210.3,147.34,22.965,32.893,160.556,1033.69,33.111,34.311,35.512,36.713,37.913,39.114,22.965,25870.4,18115.1,160.556,22.965,1033.69,1033.69,1033.69,1033.69,1033.69,20638.6,5231.8,160.556,22.965,99.883,108.842,0.855,1.778,2.931,3.738,4.084
2025-12,CGE,CGE DISTRIBUCIÓN,Santo Domingo,STxE-6-A,Aéreo,16916.4,13558.0,147.34,22.965,1033.69,1033.69,1033.69,1033.69,1033.69,12706.1,4210.3,147.34,22.965,32.893,160.556,1033.69,33.111,34.311,35.512,36.713,37.913,39.114,22.965,25870.4,18115.1,160.556,22.965,1033.69,1033.69,1033.69,1033.69,1033.69,20638.6,5231.8,160.556,22.965,99.883,108.842,0.855,1.778,2.931,3.738,4.084
2025-12,CGE,CGE DISTRIBUCIÓN,Talagante,STxD-6-A,Aéreo,16712.0,13386.1,145.608,15.499,1033.69,1033.69,1033.69,1033.69,1033.69,12518.0,4194.0,145.608,15.499,32.305,158.67,1033.69,33.111,34.282,35.451,36.621,37.792,38.962,15.499,25632.2,17938.9,158.67,15.499,1033.69,1033.69,1033.69,1033.69,1033.69,20420.9,5211.5,158.67,15.499,98.428,107.257,0.855,1.778,2.931,3.738,4.084
2025-12,CGE,CGE DISTRIBUCIÓN,Talagante,STxE-6-A,Aéreo,16916.4,13558.0,147.34,22.965,1033.69,1033.69,1033.69,1033.69,1033.69,12706.1,4210.3,147.34,22.965,32.893,160.556,1033.69,33.111,34.311,35.512,36.713,37.913,39.114,22.965,25870.4,18115.1,160.556,22.965,1033.69,1033.69,1033.69,1033.69,1033.69,20638.6,5231.8,160.556,22.965,99.883,108.842,0.855,1.778,2.931,3.738,4.084
2025-12,CGE,CGE DISTRIBUCIÓN,Talca,STxE-7-A,Aéreo,16916.4,13558.0,147.34,22.965,1033.69,1033.69,1033.69,1033.69,1033.69,12706.1,4210.3,147.34,22.965,32.893,160.556,1033.69,33.111,34.311,35.512,36.713,37.913,39.114,22.965,25870.4,18115.1,160.556,22.965,1033.69,1033.69,1033.69,1033.69,1033.69,20638.6,5231.8,160.556,22.965,99.883,108.842,0.855,1.778,2.931,3.738,4.084
2025-12,CGE,CGE DISTRIBUCIÓN,Talca,STxE-7-S1,Subt.1,21817.3,17082.6,147.34,22.965,1033.69,1033.69,1033.69,1033.69,1033.69,14659.4,7157.9,147.34,22.965,32.893,160.556,1033.69,42.529,44.072,45.613,47.155,48.697,50.239,22.965,30433.3,21115.6,160.556,22.965,1033.69,1033.69,1033.69,1033.69,1033.69,23713.4,6719.9,160.556,22.965,99.883,108.842,0.855,1.778,2.931,3.738,4.084
2025-12,CGE,CGE DISTRIBUCIÓN,Talca,STxE-7-S2,Subt.2,16916.4,13558.0,147.34,22.965,1033.69,1033.69,1033.69,1033.69,1033.69,12706.1,4210.3,147.34,22.965,32.893,160.556,1033.69,39.009,40.063,41.116,42.169,43.222,44.275,22.965,28728.0,19994.3,160.556,22.965,1033.69,1033.69,1033.69,1033.69,1033.69,22564.3,6163.7,160.556,22.965,99.883,108.842,0.855,1.778,2.931,3.738,4.084
2025-12,CGE,CGE DISTRIBUCIÓN,Talcahuano,STxE-2-A,Aéreo,16916.4,13558.0,147.34,22.965,1033.69,1033.69,1033.69,1033.69,1033.69,12706.1,4210.3,147.34,22.965,32.893,160.556,1033.69,33.111,34.311,35.512,36.713,37.913,39.114,22.965,25870.4,18115.1,160.556,22.965,1033.69,1033.69,1033.69,1033.69,1033.69,20638.6,5231.8,160.556,22.965,99.883,108.842,0.855,1.778,2.931,3.738,4.084
2025-12,CGE,CGE DISTRIBUCIÓN,Temuco,STxE-9-A,Aéreo,17052.9,13656.2,147.34,22.965,1033.69,1033.69,1033.69,1033.69,1033.69,12760.5,4292.4,147.34,22.965,32.893,160.556,1033.69,53.388,53.388,53.388,53.388,53.388,53.388,22.965,34360.7,23698.1,160.556,22.965,1033.69,1033.69,1033.69,1033.69,1033.69,24398.3,9962.3,160.556,22.965,99.883,108.842,0.855,1.778,2.931,3.738,4.084
2025-12,CGE,CGE DISTRIBUCIÓN,Temuco,STxE-9-S2,Subt.2,17052.9,13656.2,147.34,22.965,1033.69,1033.69,1033.69,1033.69,1033.69,12760.5,4292.4,147.34,22.965,32.893,160.556,1033.69,62.897,62.897,62.897,62.897,62.897,62.897,22.965,38730.7,26571.7,160.556,22.965,1033.69,1033.69,1033.69,1033.69,1033.69,26993.8,11737.0,160.556,22.965,99.883,108.842,0.855,1.778,2.931,3.738,4.084
2025-12,CGE,CGE DISTRIBUCIÓN,Teno,STxE-1-A,Aéreo,16916.4,13558.0,140.232,22.965,1033.69,1033.69,1033.69,1033.69,1033.69,12706.1,4210.3,140.232,22.965,32.893,152.81,1033.69,33.111,34.311,35.512,36.713,37.913,39.114,22.965,25870.4,18115.1,152.81,22.965,1033.69,1033.69,1033.69,1033.69,1033.69,20638.6,5231.8,152.81,22.965,93.909,102.333,0.855,1.778,2.931,3.738,4.084
2025-12,CGE,CGE DISTRIBUCIÓN,Tomé,STxE-2-A,Aéreo,17052.9,13656.2,147.34,22.965,1033.69,1033.69,1033.69,1033.69,1033.69,12760.5,4292.4,147.34,22.965,32.893,160.556,1033.69,53.388,53.388,53.388,53.388,53.388,53.388,22.965,34360.7,23698.1,160.556,22.965,1033.69,1033.69,1033.69,1033.69,1033.69,24398.3,9962.3,160.556,22.965,99.883,108.842,0.855,1.778,2.931,3.738,4.084
2025-12,CGE,CGE DISTRIBUCIÓN,Treguaco,STxE-26-A,Aéreo,17052.9,13656.2,147.34,22.965,1033.69,1033.69,1033.69,1033.69,1033.69,12760.5,4292.4,147.34,22.965,32.893,160.556,1033.69,53.388,53.388,53.388,53.388,53.388,53.388,22.965,34360.7,23698.1,160.556,22.965,1033.69,1033.69,1033.69,1033.69,1033.69,24398.3,9962.3,160.556,22.965,99.883,108.842,0.855,1.778,2.931,3.738,4.084
2025-12,CGE,CGE DISTRIBUCIÓN,Vichuquén,STxE-6-A,Aéreo,16916.4,13558.0,147.34,22.965,1033.69,1033.69,1033.69,1033.69,1033.69,12706.1,4210.3,147.34,22.965,32.893,160.556,1033.69,33.111,34.311,35.512,36.713,37.913,39.114,22.965,25870.4,18115.1,160.556,22.965,1033.69,1033.69,1033.69,1033.69,1033.69,20638.6,5231.8,160.556,22.965,99.883,108.842,0.855,1.778,2.931,3.738,4.084
2025-12,CGE,CGE DISTRIBUCIÓN,Vilcún,STxE-5-A,Aéreo,17052.9,13656.2,147.34,22.965,1033.69,1033.69,1033.69,1033.69,1033.69,12760.5,4292.4,147.34,22.965,32.893,160.556,1033.69,53.388,53.388,53.388,53.388,53.388,53.388,22.965,34360.7,23698.1,160.556,22.965,1033.69,1033.69,1033.69,1033.69,1033.69,24398.3,9962.3,160.556,22.965,99.883,108.842,0.855,1.778,2.931,3.738,4.084
2025-12,CGE,CGE DISTRIBUCIÓN,Villa Alegre,STxE-17-A,Aéreo,17432.1,13928.8,147.34,22.965,1033.69,1033.69,1033.69,1033.69,1033.69,12911.6,4520.5,147.34,22.965,32.893,160.556,1033.69,42.713,43.824,44.934,46.046,47.157,48.269,22.965,30497.4,21157.8,160.556,22.965,1033.69,1033.69,1033.69,1033.69,1033.69,22930.1,7567.3,160.556,22.965,99.883,108.842,0.855,1.778,2.931,3.738,4.084
2025-12,CGE,CGE DISTRIBUCIÓN,Villarrica,STxE-18-A,Aéreo,17052.9,13656.2,147.34,22.965,1033.69,1033.69,1033.69,1033.69,1033.69,12760.5,4292.4,147.34,22.965,32.893,160.556,1033.69,53.388,53.388,53.388,53.388,53.388,53.388,22.965,34360.7,23698.1,160.556,22.965,1033.69,1033.69,1033.69,1033.69,1033.69,24398.3,9962.3,160.556,22.965,99.883,108.842,0.855,1.778,2.931,3.738,4.084
2025-12,CGE,CGE DISTRIBUCIÓN,Yerbas Buenas,STxE-1-A,Aéreo,17432.1,13928.8,140.232,22.965,1033.69,1033.69,1033.69,1033.69,1033.69,12911.6,4520.5,140.232,22.965,32.893,152.81,1033.69,42.713,43.824,44.934,46.046,47.157,48.269,22.965,30497.4,21157.8,152.81,22.965,1033.69,1033.69,1033.69,1033.69,1033.69,22930.1,7567.3,152.81,22.965,93.909,102.333,0.855,1.778,2.931,3.738,4.084
2025-12,CGE,CGE DISTRIBUCIÓN,Ñiquén,STxE-24-A,Aéreo,17052.9,13656.2,147.34,22.965,1033.69,1033.69,1033.69,1033.69,1033.69,12760.5,4292.4,147.34,22.965,32.893,160.556,1033.69,53.388,53.388,53.388,53.388,53.388,53.388,22.965,34360.7,23698.1,160.556,22.965,1033.69,1033.69,1033.69,1033.69,1033.69,24398.3,9962.3,160.556,22.965,99.883,108.842,0.855,1.778,2.931,3.738,4.084
2025-11,CGE,CGE DISTRIBUCIÓN,Alhué,STxE-6-A,Aéreo,16936.2,13572.2,147.34,22.965,1033.19,1033.19,1033.19,1033.19,1033.19,12714.0,4222.2,147.34,22.965,32.893,160.556,1033.19,33.202,34.406,35.611,36.814,38.018,39.222,22.965,25914.6,18144.3,160.556,22.965,1033.19,1033.19,1033.19,1033.19,1033.19,20668.6,5246.0,160.556,22.965,99.883,108.842,0.784,1.676,2.791,3.571,3.905
2025-11,CGE,CGE DISTRIBUCIÓN,Buin,STxE-6-A,Aéreo,16936.2,13572.2,147.34,22.965,1033.19,1033.19,1033.19,1033.19,1033.19,12714.0,4222.2,147.34,22.965,32.893,160.556,1033.19,33.202,34.406,35.611,36.814,38.018,39.222,22.965,25914.6,18144.3,160.556,22.965,1033.19,1033.19,1033.19,1033.19,1033.19,20668.6,5246.0,160.556,22.965,99.883,108.842,0.784,1.676,2.791,3.571,3.905
2025-11,CGE,CGE DISTRIBUCIÓN,Calera de Tango,STxD-3-A,Aéreo,16731.6,13400.2,145.608,15.499,1033.19,1033.19,1033.19,1033.19,1033.19,12525.8,4205.8,145.608,15.499,32.305,158.67,1033.19,33.202,34.376,35.549,36.722,37.896,39.069,15.499,25676.4,17967.8,158.67,15.499,1033.19,1033.19,1033.19,1033.19,1033.19,20450.7,5225.5,158.67,15.499,98.428,107.257,0.784,1.676,2.791,3.571,3.905
2025-11,CGE,CGE DISTRIBUCIÓN,Cartagena,STxE-6-A,Aéreo,17453.1,13944.1,147.34,22.965,1033.19,1033.19,1033.19,1033.19,1033.19,12919.9,4533.2,147.34,22.965,32.893,160.556,1033.19,42.83,43.944,45.059,46.173,47.288,48.402,22.965,30554.4,21195.3,160.556,22.965,1033.19,1033.19,1033.19,1033.19,1033.19,22966.5,7588.0,160.556,22.965,99.883,108.842,0.784,1.676,2.791,3.571,3.905
2025-11,CGE,CGE DISTRIBUCIÓN,Cauquenes,STxE-6-A,Aéreo,17073.0,13670.7,147.34,22.965,1033.19,1033.19,1033.19,1033.19,1033.19,12768.5,4304.6,147.34,22.965,32.893,160.556,1033.19,53.535,53.535,53.535,53.535,53.535,53.535,22.965,34428.2,23742.6,160.556,22.965,1033.19,1033.19,1033.19,1033.19,1033.19,24438.8,9989.5,160.556,22.965,99.883,108.842,0.784,1.676,2.791,3.571,3.905
2025-11,CGE,CGE DISTRIBUCIÓN,Chanco,STxE-6-A,Aéreo,16936.2,13572.2,147.34,22.965,1033.19,1033.19,1033.19,1033.19,1033.19,12714.0,4222.2,147.34,22.965,32.893,160.556,1033.19,33.202,34.406,35.611,36.814,38.018,39.222,22.965,25914.6,18144.3,160.556,22.965,1033.19,1033.19,1033.19,1033.19,1033.19,20668.6,5246.0,160.556,22.965,99.883,108.842,0.784,1.676,2.791,3.571,3.905
2025-11,CGE,CGE DISTRIBUCIÓN,Chiguayante,STxE-2-A,Aéreo,16936.2,13572.2,147.34,22.965,1033.19,1033.19,1033.19,1033.19,1033.19,12714.0,4222.2,147.34,22.965,32.893,160.556,1033.19,33.202,34.406,35.611,36.814,38.018,39.222,22.965,25914.6,18144.3,160.556,22.965,1033.19,1033.19,1033.19,1033.19,1033.19,20668.6,5246.0,160.556,22.965,99.883,108.842,0.784,1.676,2.791,3.571,3.905
2025-11,CGE,CGE DISTRIBUCIÓN,Chillán,STxE-8-A,Aéreo,17073.0,13670.7,147.34,22.965,1033.19,1033.19,1033.19,1033.19,1033.19,12768.5,4304.6,147.34,22.965,32.893,160.556,1033.19,53.535,53.535,53.535,53.535,53.535,53.535,22.965,34428.2,23742.6,160.556,22.965,1033.19,1033.19,1033.19,1033.19,1033.19,24438.8,9989.5,160.556,22.965,99.883,108.842,0.784,1.676,2.791,3.571,3.905
2025-11,CGE,CGE DISTRIBUCIÓN,Chillán,STxE-8-S2,Subt.2,17073.0,13670.7,147.34,22.965,1033.19,1033.19,1033.19,1033.19,1033.19,12768.5,4304.6,147.34,22.965,32.893,160.556,1033.19,63.071,63.071,63.071,63.071,63.071,63.071,22.965,38810.4,26624.2,160.556,22.965,1033.19,1033.19,1033.19,1033.19,1033.19,27041.3,11769.0,160.556,22.965,99.883,108.842,0.784,1.676,2.791,3.571,3.905
2025-11,CGE,CGE DISTRIBUCIÓN,Chillán Viejo,STxE-12-A,Aéreo,17073.0,13670.7,147.34,22.965,1033.19,1033.19,1033.19,1033.19,1033.19,12768.5,4304.6,147.34,22.965,32.893,160.556,1033.19,53.535,53.535,53.535,53.535,53.535,53.535,22.965,34428.2,23742.6,160.556,22.965,1033.19,1033.19,1033.19,1033.19,1033.19,24438.8,9989.5,160.556,22.965,99.883,108.842,0.784,1.676,2.791,3.571,3.905
2025-11,CGE,CGE DISTRIBUCIÓN,Chimbarongo,STxE-1-A,Aéreo,16936.2,13572.2,147.34,22.965,1033.19,1033.19,1033.19,1033.19,1033.19,12714.0,4222.2,147.34,22.965,32.893,160.556,1033.19,33.202,34.406,35.611,36.814,38.018,39.222,22.965,25914.6,18144.3,160.556,22.965,1033.19,1033.19,1033.19,1033.19,1033.19,20668.6,5246.0,160.556,22.965,99.883,108.842,0.784,1.676,2.791,3.571,3.905
2025-11,CGE,CGE DISTRIBUCIÓN,Chépica,STxE-6-A,Aéreo,16936.2,13572.2,147.34,22.965,1033.19,1033.19,1033.19,1033.19,1033.19,12714.0,4222.2,147.34,22.965,32.893,160.556,1033.19,33.202,34.406,35.611,36.814,38.018,39.222,22.965,25914.6,18144.3,160.556,22.965,1033.19,1033.19,1033.19,1033.19,1033.19,20668.6,5246.0,160.556,22.965,99.883,108.842,0.784,1.676,2.791,3.571,3.905
2025-11,CGE,CGE DISTRIBUCIÓN,Cobquecura,STxE-6-A,Aéreo,17073.0,13670.7,147.34,22.965,1033.19,1033.19,1033.19,1033.19,1033.19,12768.5,4304.6,147.34,22.965,32.893,160.556,1033.19,53.535,53.535,53.535,53.535,53.535,53.535,22.965,34428.2,23742.6,160.556,22.965,1033.19,1033.19,1033.19,1033.19,1033.19,24438.8,9989.5,160.556,22.965,99.883,108.842,0.784,1.676,2.791,3.571,3.905
2025-11,CGE,CGE DISTRIBUCIÓN,Codegua,STxE-1-A,Aéreo,16936.2,13572.2,147.34,22.965,1033.19,1033.19,1033.19,1033.19,1033.19,12714.0,4222.2,147.34,22.965,32.893,160.556,1033.19,33.202,34.406,35.611,36.814,38.018,39.222,22.965,25914.6,18144.3,160.556,22.965,1033.19,1033.19,1033.19,1033.19,1033.19,20668.6,5246.0,160.556,22.965,99.883,108.842,0.784,1.676,2.791,3.571,3.905
2025-11,CGE,CGE DISTRIBUCIÓN,Coelemu,STxE-22-A,Aéreo,17073.0,13670.7,147.34,22.965,1033.19,1033.19,1033.19,1033.19,1033.19,12768.5,4304.6,147.34,22.965,32.893,160.556,1033.19,53.535,53.535,53.535,53.535,53.535,53.535,22.965,34428.2,23742.6,160.556,22.965,1033.19,1033.19,1033.19,1033.19,1033.19,24438.8,9989.5,160.556,22.965,99.883,108.842,0.784,1.676,2.791,3.571,3.905
2025-11,CGE,CGE DISTRIBUCIÓN,Coihueco,STxE-21-A,Aéreo,17073.0,13670.7,147.34,22.965,1033.19,1033.19,1033.19,1033.19,1033.19,12768.5,4304.6,147.34,22.965,32.893,160.556,1033.19,53.535,53.535,53.535,53.535,53.535,53.535,22.965,34428.2,23742.6,160.556,22.965,1033.19,1033.19,1033.19,1033.19,1033.19,24438.8,9989.5,160.556,22.965,99.883,108.842,0.784,1.676,2.791,3.571,3.905
2025-11,CGE,CGE DISTRIBUCIÓN,Coinco,STxE-1-A,Aéreo,16936.2,13572.2,147.34,22.965,1033.19,1033.19,1033.19,1033.19,1033.19,12714.0,4222.2,147.34,22.965,32.893,160.556,1033.19,33.202,34.406,35.611,36.814,38.018,39.222,22.965,25914.6,18144.3,160.556,22.965,1033.19,1033.19,1033.19,1033.19,1033.19,20668.6,5246.0,160.556,22.965,99.883,108.842,0.784,1.676,2.791,3.571,3.905
2025-11,CGE,CGE DISTRIBUCIÓN,Colbún,STxE-25-A,Aéreo,17453.1,13944.1,107.368,22.965,1033.19,1033.19,1033.19,1033.19,1033.19,12919.9,4533.2,107.368,22.965,32.893,116.998,1033.19,42.83,43.944,45.059,46.173,47.288,48.402,22.965,30554.4,21195.3,116.998,22.965,1033.19,1033.19,1033.19,1033.19,1033.19,22966.5,7588.0,116.998,22.965,66.293,72.239,0.784,1.676,2.791,3.571,3.905
2025-11,CGE,CGE DISTRIBUCIÓN,Coltauco,STxE-1-A,Aéreo,16936.2,13572.2,147.34,22.965,1033.19,1033.19,1033.19,1033.19,1033.19,12714.0,4222.2,147.34,22.965,32.893,160.556,1033.19,33.202,34.406,35.611,36.814,38.018,39.222,22.965,25914.6,18144.3,160.556,22.965,1033.19,1033.19,1033.19,1033.19,1033.19,20668.6,5246.0,160.556,22.965,99.883,108.842,0.784,1.676,2.791,3.571,3.905
2025-11,CGE,CGE DISTRIBUCIÓN,Concepción,STxE-2-A,Aéreo,16936.2,13572.2,147.34,22.965,1033.19,1033.19,1033.19,1033.19,1033.19,12714.0,4222.2,147.34,22.965,32.893,160.556,1033.19,33.202,34.406,35.611,36.814,38.018,39.222,22.965,25914.6,18144.3,160.556,22.965,1033.19,1033.19,1033.19,1033.19,1033.19,20668.6,5246.0,160.556,22.965,99.883,108.842,0.784,1.676,2.791,3.571,3.905
2025-11,CGE,CGE DISTRIBUCIÓN,Concepción,STxE-2-S1,Subt.1,21850.8,17106.6,147.34,22.965,1033.19,1033.19,1033.19,1033.19,1033.19,14672.8,7178.0,147.34,22.965,32.893,160.556,1033.19,42.646,44.193,45.739,47.286,48.832,50.379,22.965,30490.1,21153.0,160.556,22.965,1033.19,1033.19,1033.19,1033.19,1033.19,23751.9,6738.1,160.556,22.965,99.883,108.842,0.784,1.676,2.791,3.571,3.905
2025-11,CGE,CGE DISTRIBUCIÓN,Concepción,STxE-2-S2,Subt.2,16936.2,13572.2,147.34,22.965,1033.19,1033.19,1033.19,1033.19,1033.19,12714.0,4222.2,147.34,22.965,32.893,160.556,1033.19,39.116,40.173,41.229,42.285,43.342,44.398,22.965,28780.2,20028.5,160.556,22.965,1033.19,1033.19,1033.19,1033.19,1033.19,22599.6,6180.5,160.556,22.965,99.883,108.842,0.784,1.676,2.791,3.571,3.905
2025-11,CGE,CGE DISTRIBUCIÓN,Concepción,STxE-2-S3,Subt.3,21850.8,17106.6,147.34,22.965,1033.19,1033.19,1033.19,1033.19,1033.19,14672.8,7178.0,147.34,22.965,32.893,160.556,1033.19,48.56,48.56,48.56,48.56,48.56,48.56,22.965,33355.6,23037.2,160.556,22.965,1033.19,1033.19,1033.19,1033.19,1033.19,25682.9,7672.6,160.556,22.965,99.883,108.842,0.784,1.676,2.791,3.571,3.905
2025-11,CGE,CGE DISTRIBUCIÓN,Constitución,STxE-6-A,Aéreo,17453.1,13944.1,140.232,22.965,1033.19,1033.19,1033.19,1033.19,1033.19,12919.9,4533.2,140.232,22.965,32.893,152.81,1033.19,42.83,43.944,45.059,46.173,47.288,48.402,22.965,30554.4,21195.3,152.81,22.965,1033.19,1033.19,1033.19,1033.19,1033.19,22966.5,7588.0,152.81,22.965,93.909,102.333,0.784,1.676,2.791,3.571,3.905
2025-11,CGE,CGE DISTRIBUCIÓN,Coronel,STxE-10-A,Aéreo,17073.0,13670.7,70.532,22.965,1033.19,1033.19,1033.19,1033.19,1033.19,12768.5,4304.6,70.532,22.965,32.893,76.859,1033.19,53.535,53.535,53.535,53.535,53.535,53.535,22.965,34428.2,23742.6,76.859,22.965,1033.19,1033.19,1033.19,1033.19,1033.19,24438.8,9989.5,76.859,22.965,35.338,38.508,0.784,1.676,2.791,3.571,3.905
2025-11,CGE,CGE DISTRIBUCIÓN,Coronel,STxE-10-S2,Subt.2,17073.0,13670.7,70.532,22.965,1033.19,1033.19,1033.19,1033.19,1033.19,12768.5,4304.6,70.532,22.965,32.893,76.859,1033.19,63.071,63.071,63.071,63.071,63.071,63.071,22.965,38810.4,26624.2,76.859,22.965,1033.19,1033.19,1033.19,1033.19,1033.19,27041.3,11769.0,76.859,22.965,35.338,38.508,0.784,1.676,2.791,3.571,3.905
2025-11,CGE,CGE DISTRIBUCIÓN,Curacaví,STxD-3-A,Aéreo,17154.0,13703.9,145.608,15.499,1033.19,1033.19,1033.19,1033.19,1033.19,12694.2,4459.8,145.608,15.499,32.305,158.67,1033.19,42.83,44.207,45.585,46.962,48.34,49.717,15.499,30043.3,20839.4,158.67,15.499,1033.19,1033.19,1033.19,1033.19,1033.19,22578.1,7465.1,158.67,15.499,98.428,107.257,0.784,1.676,2.791,3.571,3.905
2025-11,CGE,CGE DISTRIBUCIÓN,Curarrehue,STxE-2-A,Aéreo,16936.2,13572.2,147.34,22.965,1033.19,1033.19,1033.19,1033.19,1033.19,12714.0,4222.2,147.34,22.965,32.893,160.556,1033.19,33.202,34.406,35.611,36.814,38.018,39.222,22.965,25914.6,18144.3,160.556,22.965,1033.19,1033.19,1033.19,1033.19,1033.19,20668.6,5246.0,160.556,22.965,99.883,108.842,0.784,1.676,2.791,3.571,3.905
2025-11,CGE,CGE DISTRIBUCIÓN,Curepto,STxE-6-A,Aéreo,16936.2,13572.2,147.34,22.965,1033.19,1033.19,1033.19,1033.19,1033.19,12714.0,4222.2,147.34,22.965,32.893,160.556,1033.19,33.202,34.406,35.611,36.814,38.018,39.222,22.965,25914.6,18144.3,160.556,22.965,1033.19,1033.19,1033.19,1033.19,1033.19,20668.6,5246.0,160.556,22.965,99.883,108.842,0.784,1.676,2.791,3.571,3.905
2025-11,CGE,CGE DISTRIBUCIÓN,Curicó,STxE-1-A,Aéreo,16936.2,13572.2,147.34,22.965,1033.19,1033.19,1033.19,1033.19,1033.19,12714.0,4222.2,147.34,22.965,32.893,160.556,1033.19,33.202,34.406,35.611,36.814,38.018,39.222,22.965,25914.6,18144.3,160.556,22.965,1033.19,1033.19,1033.19,1033.19,1033.19,20668.6,5246.0,160.556,22.965,99.883,108.842,0.784,1.676,2.791,3.571,3.905
2025-11,CGE,CGE DISTRIBUCIÓN,Doñihue,STxE-1-A,Aéreo,16936.2,13572.2,147.34,22.965,1033.19,1033.19,1033.19,1033.19,1033.19,12714.0,4222.2,147.34,22.965,32.893,160.556,1033.19,33.202,34.406,35.611,36.814,38.018,39.222,22.965,25914.6,18144.3,160.556,22.965,1033.19,1033.19,1033.19,1033.19,1033.19,20668.6,5246.0,160.556,22.965,99.883,108.842,0.784,1.676,2.791,3.571,3.905
2025-11,CGE,CGE DISTRIBUCIÓN,El Bosque,STxD-3-A,Aéreo,16731.6,13400.2,145.608,15.499,1033.19,1033.19,1033.19,1033.19,1033.19,12525.8,4205.8,145.608,15.499,32.305,158.67,1033.19,33.202,34.376,35.549,36.722,37.896,39.069,15.499,25676.4,17967.8,158.67,15.499,1033.19,1033.19,1033.19,1033.19,1033.19,20450.7,5225.5,158.67,15.499,98.428,107.257,0.784,1.676,2.791,3.571,3.905
2025-11,CGE,CGE DISTRIBUCIÓN,El Monte,STxE-6-A,Aéreo,16936.2,13572.2,147.34,22.965,1033.19,1033.19,1033.19,1033.19,1033.19,12714.0,4222.2,147.34,22.965,32.893,160.556,1033.19,33.202,34.406,35.611,36.814,38.018,39.222,22.965,25914.6,18144.3,160.556,22.965,1033.19,1033.19,1033.19,1033.19,1033.19,20668.6,5246.0,160.556,22.965,99.883,108.842,0.784,1.676,2.791,3.571,3.905
2025-11,CGE,CGE DISTRIBUCIÓN,Empedrado,STxE-6-A,Aéreo,16936.2,13572.2,147.34,22.965,1033.19,1033.19,1033.19,1033.19,1033.19,12714.0,4222.2,147.34,22.965,32.893,160.556,1033.19,33.202,34.406,35.611,36.814,38.018,39.222,22.965,25914.6,18144.3,160.556,22.965,1033.19,1033.19,1033.19,1033.19,1033.19,20668.6,5246.0,160.556,22.965,99.883,108.842,0.784,1.676,2.791,3.571,3.905
2025-11,CGE,CGE DISTRIBUCIÓN,Florida,STxE-23-A,Aéreo,16898.0,13544.8,147.34,22.965,1033.19,1033.19,1033.19,1033.19,1033.19,12698.7,4199.3,147.34,22.965,32.893,160.556,1033.19,70.894,70.894,70.894,70.894,70.894,70.894,22.965,41826.1,28607.2,160.556,22.965,1033.19,1033.19,1033.19,1033.19,1033.19,27553.1,14272.9,160.556,22.965,99.883,108.842,0.784,1.676,2.791,3.571,3.905
2025-11,CGE,CGE DISTRIBUCIÓN,Freire,STxE-2-A,Aéreo,17073.0,13670.7,147.34,22.965,1033.19,1033.19,1033.19,1033.19,1033.19,12768.5,4304.6,147.34,22.965,32.893,160.556,1033.19,53.535,53.535,53.535,53.535,53.535,53.535,22.965,34428.2,23742.6,160.556,22.965,1033.19,1033.19,1033.19,1033.19,1033.19,24438.8,9989.5,160.556,22.965,99.883,108.842,0.784,1.676,2.791,3.571,3.905
2025-11,CGE,CGE DISTRIBUCIÓN,Graneros,STxE-1-A,Aéreo,16936.2,13572.2,147.34,22.965,1033.19,1033.19,1033.19,1033.19,1033.19,12714.0,4222.2,147.34,22.965,32.893,160.556,1033.19,33.202,34.406,35.611,36.814,38.018,39.222,22.965,25914.6,18144.3,160.556,22.965,1033.19,1033.19,1033.19,1033.19,1033.19,20668.6,5246.0,160.556,22.965,99.883,108.842,0.784,1.676,2.791,3.571,3.905
2025-11,CGE,CGE DISTRIBUCIÓN,Hualañé,STxE-6-A,Aéreo,16936.2,13572.2,147.34,22.965,1033.19,1033.19,1033.19,1033.19,1033.19,12714.0,4222.2,147.34,22.965,32.893,160.556,1033.19,33.202,34.406,35.611,36.814,38.018,39.222,22.965,25914.6,18144.3,160.556,22.965,1033.19,1033.19,1033.19,1033.19,1033.19,20668.6,5246.0,160.556,22.965,99.883,108.842,0.784,1.676,2.791,3.571,3.905
2025-11,CGE,CGE DISTRIBUCIÓN,Hualpén,STxE-2-A,Aéreo,16936.2,13572.2,100.059,22.965,1033.19,1033.19,1033.19,1033.19,1033.19,12714.0,4222.2,100.059,22.965,32.893,109.035,1033.19,33.202,34.406,35.611,36.814,38.018,39.222,22.965,25914.6,18144.3,109.035,22.965,1033.19,1033.19,1033.19,1033.19,1033.19,20668.6,5246.0,109.035,22.965,60.151,65.547,0.784,1.676,2.791,3.571,3.905
2025-11,CGE,CGE DISTRIBUCIÓN,Hualqui,STxE-16-A,Aéreo,16898.0,13544.8,147.34,22.965,1033.19,1033.19,1033.19,1033.19,1033.19,12698.7,4199.3,147.34,22.965,32.893,160.556,1033.19,70.894,70.894,70.894,70.894,70.894,70.894,22.965,41826.1,28607.2,160.556,22.965,1033.19,1033.19,1033.19,1033.19,1033.19,27553.1,14272.9,160.556,22.965,99.883,108.842,0.784,1.676,2.791,3.571,3.905
2025-11,CGE,CGE DISTRIBUCIÓN,Isla de Maipo,STxE-1-A,Aéreo,16936.2,13572.2,147.34,22.965,1033.19,1033.19,1033.19,1033.19,1033.19,12714.0,4222.2,147.34,22.965,32.893,160.556,1033.19,33.202,34.406,35.611,36.814,38.018,39.222,22.965,25914.6,18144.3,160.556,22.965,1033.19,1033.19,1033.19,1033.19,1033.19,20668.6,5246.0,160.556,22.965,99.883,108.842,0.784,1.676,2.791,3.571,3.905
2025-11,CGE,CGE DISTRIBUCIÓN,La Estrella,STxE-6-A,Aéreo,16936.2,13572.2,124.899,22.965,1033.19,1033.19,1033.19,1033.19,1033.19,12714.0,4222.2,124.899,22.965,32.893,136.103,1033.19,33.202,34.406,35.611,36.814,38.018,39.222,22.965,25914.6,18144.3,136.103,22.965,1033.19,1033.19,1033.19,1033.19,1033.19,20668.6,5246.0,136.103,22.965,81.025,88.293,0.784,1.676,2.791,3.571,3.905
2025-11,CGE,CGE DISTRIBUCIÓN,La Pintana,STxD-3-A,Aéreo,16731.6,13400.2,145.608,15.499,1033.19,1033.19,1033.19,1033.19,1033.19,12525.8,4205.8,145.608,15.499,32.305,158.67,1033.19,33.202,34.376,35.549,36.722,37.896,39.069,15.499,25676.4,17967.8,158.67,15.499,1033.19,1033.19,1033.19,1033.19,1033.19,20450.7,5225.5,158.67,15.499,98.428,107.257,0.784,1.676,2.791,3.571,3.905
2025-11,CGE,CGE DISTRIBUCIÓN,Las Cabras,STxE-1-A,Aéreo,16936.2,13572.2,135.125,22.965,1033.19,1033.19,1033.19,1033.19,1033.19,12714.0,4222.2,135.125,22.965,32.893,147.246,1033.19,33.202,34.406,35.611,36.814,38.018,39.222,22.965,25914.6,18144.3,147.246,22.965,1033.19,1033.19,1033.19,1033.19,1033.19,20668.6,5246.0,147.246,22.965,89.618,97.657,0.784,1.676,2.791,3.571,3.905
2025-11,CGE,CGE DISTRIBUCIÓN,Lautaro,STxE-20-A,Aéreo,17073.0,13670.7,140.232,22.965,1033.19,1033.19,1033.19,1033.19,1033.19,12768.5,4304.6,140.232,22.965,32.893,152.81,1033.19,53.535,53.535,53.535,53.535,53.535,53.535,22.965,34428.2,23742.6,152.81,22.965,1033.19,1033.19,1033.19,1033.19,1033.19,24438.8,9989.5,152.81,22.965,93.909,102.333,0.784,1.676,2.791,3.571,3.905
2025-11,CGE,CGE DISTRIBUCIÓN,Licantén,STxE-6-A,Aéreo,16936.2,13572.2,147.34,22.965,1033.19,1033.19,1033.19,1033.19,1033.19,12714.0,4222.2,147.34,22.965,32.893,160.556,1033.19,33.202,34.406,35.611,36.814,38.018,39.222,22.965,25914.6,18144.3,160.556,22.965,1033.19,1033.19,1033.19,1033.19,1033.19,20668.6,5246.0,160.556,22.965,99.883,108.842,0.784,1.676,2.791,3.571,3.905
2025-11,CGE,CGE DISTRIBUCIÓN,Linares,STxE-13-A,Aéreo,17453.1,13944.1,147.34,22.965,1033.19,1033.19,1033.19,1033.19,1033.19,12919.9,4533.2,147.34,22.965,32.893,160.556,1033.19,42.83,43.944,45.059,46.173,47.288,48.402,22.965,30554.4,21195.3,160.556,22.965,1033.19,1033.19,1033.19,1033.19,1033.19,22966.5,7588.0,160.556,22.965,99.883,108.842,0.784,1.676,2.791,3.571,3.905
2025-11,CGE,CGE DISTRIBUCIÓN,Litueche,STxE-6-A,Aéreo,16936.2,13572.2,124.899,22.965,1033.19,1033.19,1033.19,1033.19,1033.19,12714.0,4222.2,124.899,22.965,32.893,136.103,1033.19,33.202,34.406,35.611,36.814,38.018,39.222,22.965,25914.6,18144.3,136.103,22.965,1033.19,1033.19,1033.19,1033.19,1033.19,20668.6,5246.0,136.103,22.965,81.025,88.293,0.784,1.676,2.791,3.571,3.905
2025-11,CGE,CGE DISTRIBUCIÓN,Lolol,STxE-6-A,Aéreo,16936.2,13572.2,147.34,22.965,1033.19,1033.19,1033.19,1033.19,1033.19,12714.0,4222.2,147.34,22.965,32.893,160.556,1033.19,33.202,34.406,35.611,36.814,38.018,39.222,22.965,25914.6,18144.3,160.556,22.965,1033.19,1033.19,1033.19,1033.19,1033.19,20668.6,5246.0,160.556,22.965,99.883,108.842,0.784,1.676,2.791,3.571,3.905
2025-11,CGE,CGE DISTRIBUCIÓN,Loncoche,STxE-18-A,Aéreo,17073.0,13670.7,147.34,22.965,1033.19,1033.19,1033.19,1033.19,1033.19,12768.5,4304.6,147.34,22.965,32.893,160.556,1033.19,53.535,53.535,53.535,53.535,53.535,53.535,22.965,34428.2,23742.6,160.556,22.965,1033.19,1033.19,1033.19,1033.19,1033.19,24438.8,9989.5,160.556,22.965,99.883,108.842,0.784,1.676,2.791,3.571,3.905
2025-11,CGE,CGE DISTRIBUCIÓN,Longaví,STxE-1-A,Aéreo,17453.1,13944.1,147.34,22.965,1033.19,1033.19,1033.19,1033.19,1033.19,12919.9,4533.2,147.34,22.965,32.893,160.556,1033.19,42.83,43.944,45.059,46.173,47.288,48.402,22.965,30554.4,21195.3,160.556,22.965,1033.19,1033.19,1033.19,1033.19,1033.19,22966.5,7588.0,160.556,22.965,99.883,108.842,0.784,1.676,2.791,3.571,3.905
2025-11,CGE,CGE DISTRIBUCIÓN,Los Ángeles,STxE-11-A,Aéreo,16898.0,13544.8,147.34,22.965,1033.19,1033.19,1033.19,1033.19,1033.19,12698.7,4199.3,147.34,22.965,32.893,160.556,1033.19,70.894,70.894,70.894,70.894,70.894,70.894,22.965,41826.1,28607.2,160.556,22.965,1033.19,1033.19,1033.19,1033.19,1033.19,27553.1,14272.9,160.556,22.965,99.883,108.842,0.784,1.676,2.791,3.571,3.905
2025-11,CGE,CGE DISTRIBUCIÓN,Machalí,STxE-1-A,Aéreo,16936.2,13572.2,140.232,22.965,1033.19,1033.19,1033.19,1033.19,1033.19,12714.0,4222.2,140.232,22.965,32.893,152.81,1033.19,33.202,34.406,35.611,36.814,38.018,39.222,22.965,25914.6,18144.3,152.81,22.965,1033.19,1033.19,1033.19,1033.19,1033.19,20668.6,5246.0,152.81,22.965,93.909,102.333,0.784,1.676,2.791,3.571,3.905
2025-11,CGE,CGE DISTRIBUCIÓN,Malloa,STxE-1-A,Aéreo,16936.2,13572.2,147.34,22.965,1033.19,1033.19,1033.19,1033.19,1033.19,12714.0,4222.2,147.34,22.965,32.893,160.556,1033.19,33.202,34.406,35.611,36.814,38.018,39.222,22.965,25914.6,18144.3,160.556,22.965,1033.19,1033.19,1033.19,1033.19,1033.19,20668.6,5246.0,160.556,22.965,99.883,108.842,0.784,1.676,2.791,3.571,3.905
2025-11,CGE,CGE DISTRIBUCIÓN,Marchihue,STxE-6-A,Aéreo,16936.2,13572.2,140.232,22.965,1033.19,1033.19,1033.19,1033.19,1033.19,12714.0,4222.2,140.232,22.965,32.893,152.81,1033.19,33.202,34.406,35.611,36.814,38.018,39.222,22.965,25914.6,18144.3,152.81,22.965,1033.19,1033.19,1033.19,1033.19,1033.19,20668.6,5246.0,152.81,22.965,93.909,102.333,0.784,1.676,2.791,3.571,3.905
2025-11,CGE,CGE DISTRIBUCIÓN,María Pinto,STxD-6-A,Aéreo,16731.6,13400.2,145.608,15.499,1033.19,1033.19,1033.19,1033.19,1033.19,12525.8,4205.8,145.608,15.499,32.305,158.67,1033.19,33.202,34.376,35.549,36.722,37.896,39.069,15.499,25676.4,17967.8,158.67,15.499,1033.19,1033.19,1033.19,1033.19,1033.19,20450.7,5225.5,158.67,15.499,98.428,107.257,0.784,1.676,2.791,3.571,3.905
2025-11,CGE,CGE DISTRIBUCIÓN,María Pinto,STxE-6-A,Aéreo,16936.2,13572.2,147.34,22.965,1033.19,1033.19,1033.19,1033.19,1033.19,12714.0,4222.2,147.34,22.965,32.893,160.556,1033.19,33.202,34.406,35.611,36.814,38.018,39.222,22.965,25914.6,18144.3,160.556,22.965,1033.19,1033.19,1033.19,1033.19,1033.19,20668.6,5246.0,160.556,22.965,99.883,108.842,0.784,1.676,2.791,3.571,3.905
2025-11,CGE,CGE DISTRIBUCIÓN,Maule,STxE-14-A,Aéreo,16936.2,13572.2,147.34,22.965,1033.19,1033.19,1033.19,1033.19,1033.19,12714.0,4222.2,147.34,22.965,32.893,160.556,1033.19,33.202,34.406,35.611,36.814,38.018,39.222,22.965,25914.6,18144.3,160.556,22.965,1033.19,1033.19,1033.19,1033.19,1033.19,20668.6,5246.0,160.556,22.965,99.883,108.842,0.784,1.676,2.791,3.571,3.905
2025-11,CGE,CGE DISTRIBUCIÓN,Melipilla,STxE-6-A,Aéreo,16936.2,13572.2,147.34,22.965,1033.19,1033.19,1033.19,1033.19,1033.19,12714.0,4222.2,147.34,22.965,32.893,160.556,1033.19,33.202,34.406,35.611,36.814,38.018,39.222,22.965,25914.6,18144.3,160.556,22.965,1033.19,1033.19,1033.19,1033.19,1033.19,20668.6,5246.0,160.556,22.965,99.883,108.842,0.784,1.676,2.791,3.571,3.905
2025-11,CGE,CGE DISTRIBUCIÓN,Molina,STxE-6-A,Aéreo,16936.2,13572.2,147.34,22.965,1033.19,1033.19,1033.19,1033.19,1033.19,12714.0,4222.2,147.34,22.965,32.893,160.556,1033.19,33.202,34.406,35.611,36.814,38.018,39.222,22.965,25914.6,18144.3,160.556,22.965,1033.19,1033.19,1033.19,1033.19,1033.19,20668.6,5246.0,160.556,22.965,99.883,108.842,0.784,1.676,2.791,3.571,3.905
2025-11,CGE,CGE DISTRIBUCIÓN,Mostazal,STxE-1-A,Aéreo,16936.2,13572.2,135.125,22.965,1033.19,1033.19,1033.19,1033.19,1033.19,12714.0,4222.2,135.125,22.965,32.893,147.246,1033.19,33.202,34.406,35.611,36.814,38.018,39.222,22.965,25914.6,18144.3,147.246,22.965,1033.19,1033.19,1033.19,1033.19,1033.19,20668.6,5246.0,147.246,22.965,89.618,97.657,0.784,1.676,2.791,3.571,3.905
2025-11,CGE,CGE DISTRIBUCIÓN,Mulchén,STxE-2-A,Aéreo,17073.0,13670.7,147.34,22.965,1033.19,1033.19,1033.19,1033.19,1033.19,12768.5,4304.6,147.34,22.965,32.893,160.556,1033.19,53.535,53.535,53.535,53.535,53.535,53.535,22.965,34428.2,23742.6,160.556,22.965,1033.19,1033.19,1033.19,1033.19,1033.19,24438.8,9989.5,160.556,22.965,99.883,108.842,0.784,1.676,2.791,3.571,3.905
2025-11,CGE,CGE DISTRIBUCIÓN,Nancagua,STxE-6-A,Aéreo,16936.2,13572.2,147.34,22.965,1033.19,1033.19,1033.19,1033.19,1033.19,12714.0,4222.2,147.34,22.965,32.893,160.556,1033.19,33.202,34.406,35.611,36.814,38.018,39.222,22.965,25914.6,18144.3,160.556,22.965,1033.19,1033.19,1033.19,1033.19,1033.19,20668.6,5246.0,160.556,22.965,99.883,108.842,0.784,1.676,2.791,3.571,3.905
2025-11,CGE,CGE DISTRIBUCIÓN,Navidad,STxE-6-A,Aéreo,16936.2,13572.2,147.34,22.965,1033.19,1033.19,1033.19,1033.19,1033.19,12714.0,4222.2,147.34,22.965,32.893,160.556,1033.19,33.202,34.406,35.611,36.814,38.018,39.222,22.965,25914.6,18144.3,160.556,22.965,1033.19,1033.19,1033.19,1033.19,1033.19,20668.6,5246.0,160.556,22.965,99.883,108.842,0.784,1.676,2.791,3.571,3.905
2025-11,CGE,CGE DISTRIBUCIÓN,Ninhue,STxE-27-A,Aéreo,17073.0,13670.7,147.34,22.965,1033.19,1033.19,1033.19,1033.19,1033.19,12768.5,4304.6,147.34,22.965,32.893,160.556,1033.19,53.535,53.535,53.535,53.535,53.535,53.535,22.965,34428.2,23742.6,160.556,22.965,1033.19,1033.19,1033.19,1033.19,1033.19,24438.8,9989.5,160.556,22.965,99.883,108.842,0.784,1.676,2.791,3.571,3.905
2025-11,CGE,CGE DISTRIBUCIÓN,Olivar,STxE-1-A,Aéreo,16936.2,13572.2,147.34,22.965,1033.19,1033.19,1033.19,1033.19,1033.19,12714.0,4222.2,147.34,22.965,32.893,160.556,1033.19,33.202,34.406,35.611,36.814,38.018,39.222,22.965,25914.6,18144.3,160.556,22.965,1033.19,1033.19,1033.19,1033.19,1033.19,20668.6,5246.0,160.556,22.965,99.883,108.842,0.784,1.676,2.791,3.571,3.905
2025-11,CGE,CGE DISTRIBUCIÓN,Padre Hurtado,STxD-3-A,Aéreo,16731.6,13400.2,145.608,15.499,1033.19,1033.19,1033.19,1033.19,1033.19,12525.8,4205.8,145.608,15.499,32.305,158.67,1033.19,33.202,34.376,35.549,36.722,37.896,39.069,15.499,25676.4,17967.8,158.67,15.499,1033.19,1033.19,1033.19,1033.19,1033.19,20450.7,5225.5,158.67,15.499,98.428,107.257,0.784,1.676,2.791,3.571,3.905
2025-11,CGE,CGE DISTRIBUCIÓN,Padre las Casas,STxE-20-A,Aéreo,17073.0,13670.7,147.34,22.965,1033.19,1033.19,1033.19,1033.19,1033.19,12768.5,4304.6,147.34,22.965,32.893,160.556,1033.19,53.535,53.535,53.535,53.535,53.535,53.535,22.965,34428.2,23742.6,160.556,22.965,1033.19,1033.19,1033.19,1033.19,1033.19,24438.8,9989.5,160.556,22.965,99.883,108.842,0.784,1.676,2.791,3.571,3.905
2025-11,CGE,CGE DISTRIBUCIÓN,Paine,STxE-1-A,Aéreo,16936.2,13572.2,147.34,22.965,1033.19,1033.19,1033.19,1033.19,1033.19,12714.0,4222.2,147.34,22.965,32.893,160.556,1033.19,33.202,34.406,35.611,36.814,38.018,39.222,22.965,25914.6,18144.3,160.556,22.965,1033.19,1033.19,1033.19,1033.19,1033.19,20668.6,5246.0,160.556,22.965,99.883,108.842,0.784,1.676,2.791,3.571,3.905
2025-11,CGE,CGE DISTRIBUCIÓN,Palmilla,STxE-6-A,Aéreo,16936.2,13572.2,147.34,22.965,1033.19,1033.19,1033.19,1033.19,1033.19,12714.0,4222.2,147.34,22.965,32.893,160.556,1033.19,33.202,34.406,35.611,36.814,38.018,39.222,22.965,25914.6,18144.3,160.556,22.965,1033.19,1033.19,1033.19,1033.19,1033.19,20668.6,5246.0,160.556,22.965,99.883,108.842,0.784,1.676,2.791,3.571,3.905
2025-11,CGE,CGE DISTRIBUCIÓN,Paredones,STxE-6-A,Aéreo,16936.2,13572.2,147.34,22.965,1033.19,1033.19,1033.19,1033.19,1033.19,12714.0,4222.2,147.34,22.965,32.893,160.556,1033.19,33.202,34.406,35.611,36.814,38.018,39.222,22.965,25914.6,18144.3,160.556,22.965,1033.19,1033.19,1033.19,1033.19,1033.19,20668.6,5246.0,160.556,22.965,99.883,108.842,0.784,1.676,2.791,3.571,3.905
2025-11,CGE,CGE DISTRIBUCIÓN,Parral,STxE-25-A,Aéreo,17073.0,13670.7,147.34,22.965,1033.19,1033.19,1033.19,1033.19,1033.19,12768.5,4304.6,147.34,22.965,32.893,160.556,1033.19,53.535,53.535,53.535,53.535,53.535,53.535,22.965,34428.2,23742.6,160.556,22.965,1033.19,1033.19,1033.19,1033.19,1033.19,24438.8,9989.5,160.556,22.965,99.883,108.842,0.784,1.676,2.791,3.571,3.905
2025-11,CGE,CGE DISTRIBUCIÓN,Pelarco,STxE-4-A,Aéreo,16936.2,13572.2,147.34,22.965,1033.19,1033.19,1033.19,1033.19,1033.19,12714.0,4222.2,147.34,22.965,32.893,160.556,1033.19,33.202,34.406,35.611,36.814,38.018,39.222,22.965,25914.6,18144.3,160.556,22.965,1033.19,1033.19,1033.19,1033.19,1033.19,20668.6,5246.0,160.556,22.965,99.883,108.842,0.784,1.676,2.791,3.571,3.905
2025-11,CGE,CGE DISTRIBUCIÓN,Pelluhue,STxE-6-A,Aéreo,16936.2,13572.2,147.34,22.965,1033.19,1033.19,1033.19,1033.19,1033.19,12714.0,4222.2,147.34,22.965,32.893,160.556,1033.19,33.202,34.406,35.611,36.814,38.018,39.222,22.965,25914.6,18144.3,160.556,22.965,1033.19,1033.19,1033.19,1033.19,1033.19,20668.6,5246.0,160.556,22.965,99.883,108.842,0.784,1.676,2.791,3.571,3.905
2025-11,CGE,CGE DISTRIBUCIÓN,Pencahue,STxE-14-A,Aéreo,16936.2,13572.2,147.34,22.965,1033.19,1033.19,1033.19,1033.19,1033.19,12714.0,4222.2,147.34,22.965,32.893,160.556,1033.19,33.202,34.406,35.611,36.814,38.018,39.222,22.965,25914.6,18144.3,160.556,22.965,1033.19,1033.19,1033.19,1033.19,1033.19,20668.6,5246.0,160.556,22.965,99.883,108.842,0.784,1.676,2.791,3.571,3.905
2025-11,CGE,CGE DISTRIBUCIÓN,Penco,STxE-2-A,Aéreo,16936.2,13572.2,147.34,22.965,1033.19,1033.19,1033.19,1033.19,1033.19,12714.0,4222.2,147.34,22.965,32.893,160.556,1033.19,33.202,34.406,35.611,36.814,38.018,39.222,22.965,25914.6,18144.3,160.556,22.965,1033.19,1033.19,1033.19,1033.19,1033.19,20668.6,5246.0,160.556,22.965,99.883,108.842,0.784,1.676,2.791,3.571,3.905
2025-11,CGE,CGE DISTRIBUCIÓN,Peralillo,STxE-6-A,Aéreo,16936.2,13572.2,147.34,22.965,1033.19,1033.19,1033.19,1033.19,1033.19,12714.0,4222.2,147.34,22.965,32.893,160.556,1033.19,33.202,34.406,35.611,36.814,38.018,39.222,22.965,25914.6,18144.3,160.556,22.965,1033.19,1033.19,1033.19,1033.19,1033.19,20668.6,5246.0,160.556,22.965,99.883,108.842,0.784,1.676,2.791,3.571,3.905
2025-11,CGE,CGE DISTRIBUCIÓN,Peumo,STxE-1-A,Aéreo,16936.2,13572.2,147.34,22.965,1033.19,1033.19,1033.19,1033.19,1033.19,12714.0,4222.2,147.34,22.965,32.893,160.556,1033.19,33.202,34.406,35.611,36.814,38.018,39.222,22.965,25914.6,18144.3,160.556,22.965,1033.19,1033.19,1033.19,1033.19,1033.19,20668.6,5246.0,160.556,22.965,99.883,108.842,0.784,1.676,2.791,3.571,3.905
2025-11,CGE,CGE DISTRIBUCIÓN,Peñaflor,STxD-3-A,Aéreo,16731.6,13400.2,145.608,15.499,1033.19,1033.19,1033.19,1033.19,1033.19,12525.8,4205.8,145.608,15.499,32.305,158.67,1033.19,33.202,34.376,35.549,36.722,37.896,39.069,15.499,25676.4,17967.8,158.67,15.499,1033.19,1033.19,1033.19,1033.19,1033.19,20450.7,5225.5,158.67,15.499,98.428,107.257,0.784,1.676,2.791,3.571,3.905
2025-11,CGE,CGE DISTRIBUCIÓN,Peñaflor,STxE-3-A,Aéreo,16911.8,13554.7,147.34,22.965,1033.19,1033.19,1033.19,1033.19,1033.19,12704.2,4207.6,147.34,22.965,32.893,160.556,1033.19,33.202,34.379,35.556,36.733,37.909,39.086,22.965,25858.8,18107.5,160.556,22.965,1033.19,1033.19,1033.19,1033.19,1033.19,20631.0,5227.8,160.556,22.965,99.883,108.842,0.784,1.676,2.791,3.571,3.905
2025-11,CGE,CGE DISTRIBUCIÓN,Pichidegua,STxE-1-A,Aéreo,16936.2,13572.2,135.125,22.965,1033.19,1033.19,1033.19,1033.19,1033.19,12714.0,4222.2,135.125,22.965,32.893,147.246,1033.19,33.202,34.406,35.611,36.814,38.018,39.222,22.965,25914.6,18144.3,147.246,22.965,1033.19,1033.19,1033.19,1033.19,1033.19,20668.6,5246.0,147.246,22.965,89.618,97.657,0.784,1.676,2.791,3.571,3.905
2025-11,CGE,CGE DISTRIBUCIÓN,Pichilemu,STxE-6-A,Aéreo,16936.2,13572.2,147.34,22.965,1033.19,1033.19,1033.19,1033.19,1033.19,12714.0,4222.2,147.34,22.965,32.893,160.556,1033.19,33.202,34.406,35.611,36.814,38.018,39.222,22.965,25914.6,18144.3,160.556,22.965,1033.19,1033.19,1033.19,1033.19,1033.19,20668.6,5246.0,160.556,22.965,99.883,108.842,0.784,1.676,2.791,3.571,3.905
2025-11,CGE,CGE DISTRIBUCIÓN,Pinto,STxE-26-A,Aéreo,17073.0,13670.7,147.34,22.965,1033.19,1033.19,1033.19,1033.19,1033.19,12768.5,4304.6,147.34,22.965,32.893,160.556,1033.19,53.535,53.535,53.535,53.535,53.535,53.535,22.965,34428.2,23742.6,160.556,22.965,1033.19,1033.19,1033.19,1033.19,1033.19,24438.8,9989.5,160.556,22.965,99.883,108.842,0.784,1.676,2.791,3.571,3.905
2025-11,CGE,CGE DISTRIBUCIÓN,Pirque,STxD-1-A,Aéreo,16731.6,13400.2,138.604,15.499,1033.19,1033.19,1033.19,1033.19,1033.19,12525.8,4205.8,138.604,15.499,32.305,151.037,1033.19,33.202,34.376,35.549,36.722,37.896,39.069,15.499,25676.4,17967.8,151.037,15.499,1033.19,1033.19,1033.19,1033.19,1033.19,20450.7,5225.5,151.037,15.499,92.542,100.843,0.784,1.676,2.791,3.571,3.905
2025-11,CGE,CGE DISTRIBUCIÓN,Pitrufquén,STxE-20-A,Aéreo,17073.0,13670.7,147.34,22.965,1033.19,1033.19,1033.19,1033.19,1033.19,12768.5,4304.6,147.34,22.965,32.893,160.556,1033.19,53.535,53.535,53.535,53.535,53.535,53.535,22.965,34428.2,23742.6,160.556,22.965,1033.19,1033.19,1033.19,1033.19,1033.19,24438.8,9989.5,160.556,22.965,99.883,108.842,0.784,1.676,2.791,3.571,3.905
2025-11,CGE,CGE DISTRIBUCIÓN,Placilla,STxE-6-A,Aéreo,16936.2,13572.2,147.34,22.965,1033.19,1033.19,1033.19,1033.19,1033.19,12714.0,4222.2,147.34,22.965,32.893,160.556,1033.19,33.202,34.406,35.611,36.814,38.018,39.222,22.965,25914.6,18144.3,160.556,22.965,1033.19,1033.19,1033.19,1033.19,1033.19,20668.6,5246.0,160.556,22.965,99.883,108.842,0.784,1.676,2.791,3.571,3.905
2025-11,CGE,CGE DISTRIBUCIÓN,Portezuelo,STxE-26-A,Aéreo,17073.0,13670.7,147.34,22.965,1033.19,1033.19,1033.19,1033.19,1033.19,12768.5,4304.6,147.34,22.965,32.893,160.556,1033.19,53.535,53.535,53.535,53.535,53.535,53.535,22.965,34428.2,23742.6,160.556,22.965,1033.19,1033.19,1033.19,1033.19,1033.19,24438.8,9989.5,160.556,22.965,99.883,108.842,0.784,1.676,2.791,3.571,3.905
2025-11,CGE,CGE DISTRIBUCIÓN,Pucón,STxE-2-A,Aéreo,16936.2,13572.2,147.34,22.965,1033.19,1033.19,1033.19,1033.19,1033.19,12714.0,4222.2,147.34,22.965,32.893,160.556,1033.19,33.202,34.406,35.611,36.814,38.018,39.222,22.965,25914.6,18144.3,160.556,22.965,1033.19,1033.19,1033.19,1033.19,1033.19,20668.6,5246.0,160.556,22.965,99.883,108.842,0.784,1.676,2.791,3.571,3.905
2025-11,CGE,CGE DISTRIBUCIÓN,Puente Alto,STxD-3-A,Aéreo,17407.0,13885.9,145.608,15.499,1033.19,1033.19,1033.19,1033.19,1033.19,12795.0,4612.0,145.608,15.499,32.305,158.67,1033.19,28.553,29.698,30.842,31.986,33.131,34.276,15.499,23710.2,16674.9,158.67,15.499,1033.19,1033.19,1033.19,1033.19,1033.19,19968.7,3741.6,158.67,15.499,98.428,107.257,0.784,1.676,2.791,3.571,3.905
2025-11,CGE,CGE DISTRIBUCIÓN,Pumanque,STxE-6-A,Aéreo,16936.2,13572.2,147.34,22.965,1033.19,1033.19,1033.19,1033.19,1033.19,12714.0,4222.2,147.34,22.965,32.893,160.556,1033.19,33.202,34.406,35.611,36.814,38.018,39.222,22.965,25914.6,18144.3,160.556,22.965,1033.19,1033.19,1033.19,1033.19,1033.19,20668.6,5246.0,160.556,22.965,99.883,108.842,0.784,1.676,2.791,3.571,3.905
2025-11,CGE,CGE DISTRIBUCIÓN,Quinta de Tilcoco,STxE-1-A,Aéreo,16936.2,13572.2,147.34,22.965,1033.19,1033.19,1033.19,1033.19,1033.19,12714.0,4222.2,147.34,22.965,32.893,160.556,1033.19,33.202,34.406,35.611,36.814,38.018,39.222,22.965,25914.6,18144.3,160.556,22.965,1033.19,1033.19,1033.19,1033.19,1033.19,20668.6,5246.0,160.556,22.965,99.883,108.842,0.784,1.676,2.791,3.571,3.905
2025-11,CGE,CGE DISTRIBUCIÓN,Quirihue,STxE-6-A,Aéreo,17073.0,13670.7,147.34,22.965,1033.19,1033.19,1033.19,1033.19,1033.19,12768.5,4304.6,147.34,22.965,32.893,160.556,1033.19,53.535,53.535,53.535,53.535,53.535,53.535,22.965,34428.2,23742.6,160.556,22.965,1033.19,1033.19,1033.19,1033.19,1033.19,24438.8,9989.5,160.556,22.965,99.883,108.842,0.784,1.676,2.791,3.571,3.905
2025-11,CGE,CGE DISTRIBUCIÓN,Rancagua,STxE-1-A,Aéreo,16936.2,13572.2,147.34,22.965,1033.19,1033.19,1033.19,1033.19,1033.19,12714.0,4222.2,147.34,22.965,32.893,160.556,1033.19,33.202,34.406,35.611,36.814,38.018,39.222,22.965,25914.6,18144.3,160.556,22.965,1033.19,1033.19,1033.19,1033.19,1033.19,20668.6,5246.0,160.556,22.965,99.883,108.842,0.784,1.676,2.791,3.571,3.905
2025-11,CGE,CGE DISTRIBUCIÓN,Rancagua,STxE-1-S1,Subt.1,21850.8,17106.6,147.34,22.965,1033.19,1033.19,1033.19,1033.19,1033.19,14672.8,7178.0,147.34,22.965,32.893,160.556,1033.19,42.646,44.193,45.739,47.286,48.832,50.379,22.965,30490.1,21153.0,160.556,22.965,1033.19,1033.19,1033.19,1033.19,1033.19,23751.9,6738.1,160.556,22.965,99.883,108.842,0.784,1.676,2.791,3.571,3.905
2025-11,CGE,CGE DISTRIBUCIÓN,Rancagua,STxE-1-S2,Subt.2,16936.2,13572.2,147.34,22.965,1033.19,1033.19,1033.19,1033.19,1033.19,12714.0,4222.2,147.34,22.965,32.893,160.556,1033.19,39.116,40.173,41.229,42.285,43.342,44.398,22.965,28780.2,20028.5,160.556,22.965,1033.19,1033.19,1033.19,1033.19,1033.19,22599.6,6180.5,160.556,22.965,99.883,108.842,0.784,1.676,2.791,3.571,3.905
2025-11,CGE,CGE DISTRIBUCIÓN,Rancagua,STxE-1-S3,Subt.3,21850.8,17106.6,147.34,22.965,1033.19,1033.19,1033.19,1033.19,1033.19,14672.8,7178.0,147.34,22.965,32.893,160.556,1033.19,48.56,48.56,48.56,48.56,48.56,48.56,22.965,33355.6,23037.2,160.556,22.965,1033.19,1033.19,1033.19,1033.19,1033.19,25682.9,7672.6,160.556,22.965,99.883,108.842,0.784,1.676,2.791,3.571,3.905
2025-11,CGE,CGE DISTRIBUCIÓN,Rauco,STxE-1-A,Aéreo,16936.2,13572.2,147.34,22.965,1033.19,1033.19,1033.19,1033.19,1033.19,12714.0,4222.2,147.34,22.965,32.893,160.556,1033.19,33.202,34.406,35.611,36.814,38.018,39.222,22.965,25914.6,18144.3,160.556,22.965,1033.19,1033.19,1033.19,1033.19,1033.19,20668.6,5246.0,160.556,22.965,99.883,108.842,0.784,1.676,2.791,3.571,3.905
2025-11,CGE,CGE DISTRIBUCIÓN,Rengo,STxE-1-A,Aéreo,16936.2,13572.2,147.34,22.965,1033.19,1033.19,1033.19,1033.19,1033.19,12714.0,4222.2,147.34,22.965,32.893,160.556,1033.19,33.202,34.406,35.611,36.814,38.018,39.222,22.965,25914.6,18144.3,160.556,22.965,1033.19,1033.19,1033.19,1033.19,1033.19,20668.6,5246.0,160.556,22.965,99.883,108.842,0.784,1.676,2.791,3.571,3.905
2025-11,CGE,CGE DISTRIBUCIÓN,Requínoa,STxE-1-A,Aéreo,16936.2,13572.2,140.232,22.965,1033.19,1033.19,1033.19,1033.19,1033.19,12714.0,4222.2,140.232,22.965,32.893,152.81,1033.19,33.202,34.406,35.611,36.814,38.018,39.222,22.965,25914.6,18144.3,152.81,22.965,1033.19,1033.19,1033.19,1033.19,1033.19,20668.6,5246.0,152.81,22.965,93.909,102.333,0.784,1.676,2.791,3.571,3.905
2025-11,CGE,CGE DISTRIBUCIÓN,Retiro,STxE-25-A,Aéreo,17073.0,13670.7,147.34,22.965,1033.19,1033.19,1033.19,1033.19,1033.19,12768.5,4304.6,147.34,22.965,32.893,160.556,1033.19,53.535,53.535,53.535,53.535,53.535,53.535,22.965,34428.2,23742.6,160.556,22.965,1033.19,1033.19,1033.19,1033.19,1033.19,24438.8,9989.5,160.556,22.965,99.883,108.842,0.784,1.676,2.791,3.571,3.905
2025-11,CGE,CGE DISTRIBUCIÓN,Romeral,STxE-1-A,Aéreo,16936.2,13572.2,147.34,22.965,1033.19,1033.19,1033.19,1033.19,1033.19,12714.0,4222.2,147.34,22.965,32.893,160.556,1033.19,33.202,34.406,35.611,36.814,38.018,39.222,22.965,25914.6,18144.3,160.556,22.965,1033.19,1033.19,1033.19,1033.19,1033.19,20668.6,5246.0,160.556,22.965,99.883,108.842,0.784,1.676,2.791,3.571,3.905
2025-11,CGE,CGE DISTRIBUCIÓN,Ránquil,STxE-6-A,Aéreo,17073.0,13670.7,135.125,22.965,1033.19,1033.19,1033.19,1033.19,1033.19,12768.5,4304.6,135.125,22.965,32.893,147.246,1033.19,53.535,53.535,53.535,53.535,53.535,53.535,22.965,34428.2,23742.6,147.246,22.965,1033.19,1033.19,1033.19,1033.19,1033.19,24438.8,9989.5,147.246,22.965,89.618,97.657,0.784,1.676,2.791,3.571,3.905
2025-11,CGE,CGE DISTRIBUCIÓN,Río Claro,STxE-14-A,Aéreo,16936.2,13572.2,147.34,22.965,1033.19,1033.19,1033.19,1033.19,1033.19,12714.0,4222.2,147.34,22.965,32.893,160.556,1033.19,33.202,34.406,35.611,36.814,38.018,39.222,22.965,25914.6,18144.3,160.556,22.965,1033.19,1033.19,1033.19,1033.19,1033.19,20668.6,5246.0,160.556,22.965,99.883,108.842,0.784,1.676,2.791,3.571,3.905
2025-11,CGE,CGE DISTRIBUCIÓN,Sagrada Familia,STxE-1-A,Aéreo,16936.2,13572.2,147.34,22.965,1033.19,1033.19,1033.19,1033.19,1033.19,12714.0,4222.2,147.34,22.965,32.893,160.556,1033.19,33.202,34.406,35.611,36.814,38.018,39.222,22.965,25914.6,18144.3,160.556,22.965,1033.19,1033.19,1033.19,1033.19,1033.19,20668.6,5246.0,160.556,22.965,99.883,108.842,0.784,1.676,2.791,3.571,3.905
2025-11,CGE,CGE DISTRIBUCIÓN,San Antonio,STxE-6-A,Aéreo,16936.2,13572.2,147.34,22.965,1033.19,1033.19,1033.19,1033.19,1033.19,12714.0,4222.2,147.34,22.965,32.893,160.556,1033.19,33.202,34.406,35.611,36.814,38.018,39.222,22.965,25914.6,18144.3,160.556,22.965,1033.19,1033.19,1033.19,1033.19,1033.19,20668.6,5246.0,160.556,22.965,99.883,108.842,0.784,1.676,2.791,3.571,3.905
2025-11,CGE,CGE DISTRIBUCIÓN,San Bernardo,STxD-3-A,Aéreo,16731.6,13400.2,145.608,15.499,1033.19,1033.19,1033.19,1033.19,1033.19,12525.8,4205.8,145.608,15.499,32.305,158.67,1033.19,33.202,34.376,35.549,36.722,37.896,39.069,15.499,25676.4,17967.8,158.67,15.499,1033.19,1033.19,1033.19,1033.19,1033.19,20450.7,5225.5,158.67,15.499,98.428,107.257,0.784,1.676,2.791,3.571,3.905
2025-11,CGE,CGE DISTRIBUCIÓN,San Carlos,STxE-19-A,Aéreo,17073.0,13670.7,147.34,22.965,1033.19,1033.19,1033.19,1033.19,1033.19,12768.5,4304.6,147.34,22.965,32.893,160.556,1033.19,53.535,53.535,53.535,53.535,53.535,53.535,22.965,34428.2,23742.6,160.556,22.965,1033.19,1033.19,1033.19,1033.19,1033.19,24438.8,9989.5,160.556,22.965,99.883,108.842,0.784,1.676,2.791,3.571,3.905
2025-11,CGE,CGE DISTRIBUCIÓN,San Clemente,STxE-25-A,Aéreo,16936.2,13572.2,135.125,22.965,1033.19,1033.19,1033.19,1033.19,1033.19,12714.0,4222.2,135.125,22.965,32.893,147.246,1033.19,33.202,34.406,35.611,36.814,38.018,39.222,22.965,25914.6,18144.3,147.246,22.965,1033.19,1033.19,1033.19,1033.19,1033.19,20668.6,5246.0,147.246,22.965,89.618,97.657,0.784,1.676,2.791,3.571,3.905
2025-11,CGE,CGE DISTRIBUCIÓN,San Fabián,STxE-26-A,Aéreo,17073.0,13670.7,147.34,22.965,1033.19,1033.19,1033.19,1033.19,1033.19,12768.5,4304.6,147.34,22.965,32.893,160.556,1033.19,53.535,53.535,53.535,53.535,53.535,53.535,22.965,34428.2,23742.6,160.556,22.965,1033.19,1033.19,1033.19,1033.19,1033.19,24438.8,9989.5,160.556,22.965,99.883,108.842,0.784,1.676,2.791,3.571,3.905
2025-11,CGE,CGE DISTRIBUCIÓN,San Fernando,STxE-1-A,Aéreo,16936.2,13572.2,140.232,22.965,1033.19,1033.19,1033.19,1033.19,1033.19,12714.0,4222.2,140.232,22.965,32.893,152.81,1033.19,33.202,34.406,35.611,36.814,38.018,39.222,22.965,25914.6,18144.3,152.81,22.965,1033.19,1033.19,1033.19,1033.19,1033.19,20668.6,5246.0,152.81,22.965,93.909,102.333,0.784,1.676,2.791,3.571,3.905
2025-11,CGE,CGE DISTRIBUCIÓN,San Javier,STxE-15-A,Aéreo,17453.1,13944.1,147.34,22.965,1033.19,1033.19,1033.19,1033.19,1033.19,12919.9,4533.2,147.34,22.965,32.893,160.556,1033.19,42.83,43.944,45.059,46.173,47.288,48.402,22.965,30554.4,21195.3,160.556,22.965,1033.19,1033.19,1033.19,1033.19,1033.19,22966.5,7588.0,160.556,22.965,99.883,108.842,0.784,1.676,2.791,3.571,3.905
2025-11,CGE,CGE DISTRIBUCIÓN,San José de Maipo,STxD-3-A,Aéreo,16731.6,13400.2,133.569,15.499,1033.19,1033.19,1033.19,1033.19,1033.19,12525.8,4205.8,133.569,15.499,32.305,145.551,1033.19,33.202,34.376,35.549,36.722,37.896,39.069,15.499,25676.4,17967.8,145.551,15.499,1033.19,1033.19,1033.19,1033.19,1033.19,20450.7,5225.5,145.551,15.499,88.311,96.233,0.784,1.676,2.791,3.571,3.905
2025-11,CGE,CGE DISTRIBUCIÓN,San Nicolás,STxE-21-A,Aéreo,17073.0,13670.7,147.34,22.965,1033.19,1033.19,1033.19,1033.19,1033.19,12768.5,4304.6,147.34,22.965,32.893,160.556,1033.19,53.535,53.535,53.535,53.535,53.535,53.535,22.965,34428.2,23742.6,160.556,22.965,1033.19,1033.19,1033.19,1033.19,1033.19,24438.8,9989.5,160.556,22.965,99.883,108.842,0.784,1.676,2.791,3.571,3.905
2025-11,CGE,CGE DISTRIBUCIÓN,San Pedro,STxE-6-A,Aéreo,16936.2,13572.2,140.232,22.965,1033.19,1033.19,1033.19,1033.19,1033.19,12714.0,4222.2,140.232,22.965,32.893,152.81,1033.19,33.202,34.406,35.611,36.814,38.018,39.222,22.965,25914.6,18144.3,152.81,22.965,1033.19,1033.19,1033.19,1033.19,1033.19,20668.6,5246.0,152.81,22.965,93.909,102.333,0.784,1.676,2.791,3.571,3.905
2025-11,CGE,CGE DISTRIBUCIÓN,San Rafael,STxE-1-A,Aéreo,16936.2,13572.2,147.34,22.965,1033.19,1033.19,1033.19,1033.19,1033.19,12714.0,4222.2,147.34,22.965,32.893,160.556,1033.19,33.202,34.406,35.611,36.814,38.018,39.222,22.965,25914.6,18144.3,160.556,22.965,1033.19,1033.19,1033.19,1033.19,1033.19,20668.6,5246.0,160.556,22.965,99.883,108.842,0.784,1.676,2.791,3.571,3.905
2025-11,CGE,CGE DISTRIBUCIÓN,San Vicente,STxE-1-A,Aéreo,16936.2,13572.2,147.34,22.965,1033.19,1033.19,1033.19,1033.19,1033.19,12714.0,4222.2,147.34,22.965,32.893,160.556,1033.19,33.202,34.406,35.611,36.814,38.018,39.222,22.965,25914.6,18144.3,160.556,22.965,1033.19,1033.19,1033.19,1033.19,1033.19,20668.6,5246.0,160.556,22.965,99.883,108.842,0.784,1.676,2.791,3.571,3.905
2025-11,CGE,CGE DISTRIBUCIÓN,Santa Cruz,STxE-6-A,Aéreo,16936.2,13572.2,147.34,22.965,1033.19,1033.19,1033.19,1033.19,1033.19,12714.0,4222.2,147.34,22.965,32.893,160.556,1033.19,33.202,34.406,35.611,36.814,38.018,39.222,22.965,25914.6,18144.3,160.556,22.965,1033.19,1033.19,1033.19,1033.19,1033.19,20668.6,5246.0,160.556,22.965,99.883,108.842,0.784,1.676,2.791,3.571,3.905
2025-11,CGE,CGE DISTRIBUCIÓN,Santo Domingo,STxE-6-A,Aéreo,16936.2,13572.2,147.34,22.965,1033.19,1033.19,1033.19,1033.19,1033.19,12714.0,4222.2,147.34,22.965,32.893,160.556,1033.19,33.202,34.406,35.611,36.814,38.018,39.222,22.965,25914.6,18144.3,160.556,22.965,1033.19,1033.19,1033.19,1033.19,1033.19,20668.6,5246.0,160.556,22.965,99.883,108.842,0.784,1.676,2.791,3.571,3.905
2025-11,CGE,CGE DISTRIBUCIÓN,Talagante,STxD-6-A,Aéreo,16731.6,13400.2,145.608,15.499,1033.19,1033.19,1033.19,1033.19,1033.19,12525.8,4205.8,145.608,15.499,32.305,158.67,1033.19,33.202,34.376,35.549,36.722,37.896,39.069,15.499,25676.4,17967.8,158.67,15.499,1033.19,1033.19,1033.19,1033.19,1033.19,20450.7,5225.5,158.67,15.499,98.428,107.257,0.784,1.676,2.791,3.571,3.905
2025-11,CGE,CGE DISTRIBUCIÓN,Talagante,STxE-6-A,Aéreo,16936.2,13572.2,147.34,22.965,1033.19,1033.19,1033.19,1033.19,1033.19,12714.0,4222.2,147.34,22.965,32.893,160.556,1033.19,33.202,34.406,35.611,36.814,38.018,39.222,22.965,25914.6,18144.3,160.556,22.965,1033.19,1033.19,1033.19,1033.19,1033.19,20668.6,5246.0,160.556,22.965,99.883,108.842,0.784,1.676,2.791,3.571,3.905
2025-11,CGE,CGE DISTRIBUCIÓN,Talca,STxE-7-A,Aéreo,16936.2,13572.2,147.34,22.965,1033.19,1033.19,1033.19,1033.19,1033.19,12714.0,4222.2,147.34,22.965,32.893,160.556,1033.19,33.202,34.406,35.611,36.814,38.018,39.222,22.965,25914.6,18144.3,160.556,22.965,1033.19,1033.19,1033.19,1033.19,1033.19,20668.6,5246.0,160.556,22.965,99.883,108.842,0.784,1.676,2.791,3.571,3.905
2025-11,CGE,CGE DISTRIBUCIÓN,Talca,STxE-7-S1,Subt.1,21850.8,17106.6,147.34,22.965,1033.19,1033.19,1033.19,1033.19,1033.19,14672.8,7178.0,147.34,22.965,32.893,160.556,1033.19,42.646,44.193,45.739,47.286,48.832,50.379,22.965,30490.1,21153.0,160.556,22.965,1033.19,1033.19,1033.19,1033.19,1033.19,23751.9,6738.1,160.556,22.965,99.883,108.842,0.784,1.676,2.791,3.571,3.905
2025-11,CGE,CGE DISTRIBUCIÓN,Talca,STxE-7-S2,Subt.2,16936.2,13572.2,147.34,22.965,1033.19,1033.19,1033.19,1033.19,1033.19,12714.0,4222.2,147.34,22.965,32.893,160.556,1033.19,39.116,40.173,41.229,42.285,43.342,44.398,22.965,28780.2,20028.5,160.556,22.965,1033.19,1033.19,1033.19,1033.19,1033.19,22599.6,6180.5,160.556,22.965,99.883,108.842,0.784,1.676,2.791,3.571,3.905
2025-11,CGE,CGE DISTRIBUCIÓN,Talcahuano,STxE-2-A,Aéreo,16936.2,13572.2,147.34,22.965,1033.19,1033.19,1033.19,1033.19,1033.19,12714.0,4222.2,147.34,22.965,32.893,160.556,1033.19,33.202,34.406,35.611,36.814,38.018,39.222,22.965,25914.6,18144.3,160.556,22.965,1033.19,1033.19,1033.19,1033.19,1033.19,20668.6,5246.0,160.556,22.965,99.883,108.842,0.784,1.676,2.791,3.571,3.905
2025-11,CGE,CGE DISTRIBUCIÓN,Temuco,STxE-9-A,Aéreo,17073.0,13670.7,147.34,22.965,1033.19,1033.19,1033.19,1033.19,1033.19,12768.5,4304.6,147.34,22.965,32.893,160.556,1033.19,53.535,53.535,53.535,53.535,53.535,53.535,22.965,34428.2,23742.6,160.556,22.965,1033.19,1033.19,1033.19,1033.19,1033.19,24438.8,9989.5,160.556,22.965,99.883,108.842,0.784,1.676,2.791,3.571,3.905
2025-11,CGE,CGE DISTRIBUCIÓN,Temuco,STxE-9-S2,Subt.2,17073.0,13670.7,147.34,22.965,1033.19,1033.19,1033.19,1033.19,1033.19,12768.5,4304.6,147.34,22.965,32.893,160.556,1033.19,63.071,63.071,63.071,63.071,63.071,63.071,22.965,38810.4,26624.2,160.556,22.965,1033.19,1033.19,1033.19,1033.19,1033.19,27041.3,11769.0,160.556,22.965,99.883,108.842,0.784,1.676,2.791,3.571,3.905
2025-11,CGE,CGE DISTRIBUCIÓN,Teno,STxE-1-A,Aéreo,16936.2,13572.2,140.232,22.965,1033.19,1033.19,1033.19,1033.19,1033.19,12714.0,4222.2,140.232,22.965,32.893,152.81,1033.19,33.202,34.406,35.611,36.814,38.018,39.222,22.965,25914.6,18144.3,152.81,22.965,1033.19,1033.19,1033.19,1033.19,1033.19,20668.6,5246.0,152.81,22.965,93.909,102.333,0.784,1.676,2.791,3.571,3.905
2025-11,CGE,CGE DISTRIBUCIÓN,Tomé,STxE-2-A,Aéreo,17073.0,13670.7,147.34,22.965,1033.19,1033.19,1033.19,1033.19,1033.19,12768.5,4304.6,147.34,22.965,32.893,160.556,1033.19,53.535,53.535,53.535,53.535,53.535,53.535,22.965,34428.2,23742.6,160.556,22.965,1033.19,1033.19,1033.19,1033.19,1033.19,24438.8,9989.5,160.556,22.965,99.883,108.842,0.784,1.676,2.791,3.571,3.905
2025-11,CGE,CGE DISTRIBUCIÓN,Treguaco,STxE-26-A,Aéreo,17073.0,13670.7,147.34,22.965,1033.19,1033.19,1033.19,1033.19,1033.19,12768.5,4304.6,147.34,22.965,32.893,160.556,1033.19,53.535,53.535,53.535,53.535,53.535,53.535,22.965,34428.2,23742.6,160.556,22.965,1033.19,1033.19,1033.19,1033.19,1033.19,24438.8,9989.5,160.556,22.965,99.883,108.842,0.784,1.676,2.791,3.571,3.905
2025-11,CGE,CGE DISTRIBUCIÓN,Vichuquén,STxE-6-A,Aéreo,16936.2,13572.2,147.34,22.965,1033.19,1033.19,1033.19,1033.19,1033.19,12714.0,4222.2,147.34,22.965,32.893,160.556,1033.19,33.202,34.406,35.611,36.814,38.018,39.222,22.965,25914.6,18144.3,160.556,22.965,1033.19,1033.19,1033.19,1033.19,1033.19,20668.6,5246.0,160.556,22.965,99.883,108.842,0.784,1.676,2.791,3.571,3.905
2025-11,CGE,CGE DISTRIBUCIÓN,Vilcún,STxE-5-A,Aéreo,17073.0,13670.7,147.34,22.965,1033.19,1033.19,1033.19,1033.19,1033.19,12768.5,4304.6,147.34,22.965,32.893,160.556,1033.19,53.535,53.535,53.535,53.535,53.535,53.535,22.965,34428.2,23742.6,160.556,22.965,1033.19,1033.19,1033.19,1033.19,1033.19,24438.8,9989.5,160.556,22.965,99.883,108.842,0.784,1.676,2.791,3.571,3.905
2025-11,CGE,CGE DISTRIBUCIÓN,Villa Alegre,STxE-17-A,Aéreo,17453.1,13944.1,147.34,22.965,1033.19,1033.19,1033.19,1033.19,1033.19,12919.9,4533.2,147.34,22.965,32.893,160.556,1033.19,42.83,43.944,45.059,46.173,47.288,48.402,22.965,30554.4,21195.3,160.556,22.965,1033.19,1033.19,1033.19,1033.19,1033.19,22966.5,7588.0,160.556,22.965,99.883,108.842,0.784,1.676,2.791,3.571,3.905
2025-11,CGE,CGE DISTRIBUCIÓN,Villarrica,STxE-18-A,Aéreo,17073.0,13670.7,147.34,22.965,1033.19,1033.19,1033.19,1033.19,1033.19,12768.5,4304.6,147.34,22.965,32.893,160.556,1033.19,53.535,53.535,53.535,53.535,53.535,53.535,22.965,34428.2,23742.6,160.556,22.965,1033.19,1033.19,1033.19,1033.19,1033.19,24438.8,9989.5,160.556,22.965,99.883,108.842,0.784,1.676,2.791,3.571,3.905
2025-11,CGE,CGE DISTRIBUCIÓN,Yerbas Buenas,STxE-1-A,Aéreo,17453.1,13944.1,140.232,22.965,1033.19,1033.19,1033.19,1033.19,1033.19,12919.9,4533.2,140.232,22.965,32.893,152.81,1033.19,42.83,43.944,45.059,46.173,47.288,48.402,22.965,30554.4,21195.3,152.81,22.965,1033.19,1033.19,1033.19,1033.19,1033.19,22966.5,7588.0,152.81,22.965,93.909,102.333,0.784,1.676,2.791,3.571,3.905
2025-11,CGE,CGE DISTRIBUCIÓN,Ñiquén,STxE-24-A,Aéreo,17073.0,13670.7,147.34,22.965,1033.19,1033.19,1033.19,1033.19,1033.19,12768.5,4304.6,147.34,22.965,32.893,160.556,1033.19,53.535,53.535,53.535,53.535,53.535,53.535,22.965,34428.2,23742.6,160.556,22.965,1033.19,1033.19,1033.19,1033.19,1033.19,24438.8,9989.5,160.556,22.965,99.883,108.842,0.784,1.676,2.791,3.571,3.905
2025-10,CGE,CGE DISTRIBUCIÓN,Alhué,STxE-6-A,Aéreo,16931.2,13568.6,147.34,22.965,1028.64,1028.64,1028.64,1028.64,1028.64,12711.9,4219.3,147.34,22.965,32.893,160.556,1028.64,33.176,34.379,35.582,36.785,37.988,39.191,22.965,25902.0,18136.0,160.556,22.965,1028.64,1028.64,1028.64,1028.64,1028.64,20660.4,5241.6,160.556,22.965,99.883,108.842,0.784,1.676,2.791,3.571,3.905
2025-10,CGE,CGE DISTRIBUCIÓN,Buin,STxE-6-A,Aéreo,16931.2,13568.6,147.34,22.965,1028.64,1028.64,1028.64,1028.64,1028.64,12711.9,4219.3,147.34,22.965,32.893,160.556,1028.64,33.176,34.379,35.582,36.785,37.988,39.191,22.965,25902.0,18136.0,160.556,22.965,1028.64,1028.64,1028.64,1028.64,1028.64,20660.4,5241.6,160.556,22.965,99.883,108.842,0.784,1.676,2.791,3.571,3.905
2025-10,CGE,CGE DISTRIBUCIÓN,Calera de Tango,STxD-3-A,Aéreo,16726.6,13396.7,145.608,15.499,1028.64,1028.64,1028.64,1028.64,1028.64,12523.8,4202.7,145.608,15.499,32.305,158.67,1028.64,33.176,34.349,35.522,36.694,37.866,39.039,15.499,25663.8,17959.6,158.67,15.499,1028.64,1028.64,1028.64,1028.64,1028.64,20442.5,5221.2,158.67,15.499,98.428,107.257,0.784,1.676,2.791,3.571,3.905
2025-10,CGE,CGE DISTRIBUCIÓN,Cartagena,STxE-6-A,Aéreo,17447.8,13940.1,147.34,22.965,1028.64,1028.64,1028.64,1028.64,1028.64,12917.8,4530.0,147.34,22.965,32.893,160.556,1028.64,42.796,43.91,45.024,46.137,47.25,48.364,22.965,30538.3,21184.6,160.556,22.965,1028.64,1028.64,1028.64,1028.64,1028.64,22956.5,7581.7,160.556,22.965,99.883,108.842,0.784,1.676,2.791,3.571,3.905
2025-10,CGE,CGE DISTRIBUCIÓN,Cauquenes,STxE-6-A,Aéreo,17067.9,13667.0,147.34,22.965,1028.64,1028.64,1028.64,1028.64,1028.64,12766.4,4301.5,147.34,22.965,32.893,160.556,1028.64,53.493,53.493,53.493,53.493,53.493,53.493,22.965,34409.1,23729.9,160.556,22.965,1028.64,1028.64,1028.64,1028.64,1028.64,24427.6,9981.5,160.556,22.965,99.883,108.842,0.784,1.676,2.791,3.571,3.905
2025-10,CGE,CGE DISTRIBUCIÓN,Chanco,STxE-6-A,Aéreo,16931.2,13568.6,147.34,22.965,1028.64,1028.64,1028.64,1028.64,1028.64,12711.9,4219.3,147.34,22.965,32.893,160.556,1028.64,33.176,34.379,35.582,36.785,37.988,39.191,22.965,25902.0,18136.0,160.556,22.965,1028.64,1028.64,1028.64,1028.64,1028.64,20660.4,5241.6,160.556,22.965,99.883,108.842,0.784,1.676,2.791,3.571,3.905
2025-10,CGE,CGE DISTRIBUCIÓN,Chiguayante,STxE-2-A,Aéreo,16931.2,13568.6,147.34,22.965,1028.64,1028.64,1028.64,1028.64,1028.64,12711.9,4219.3,147.34,22.965,32.893,160.556,1028.64,33.176,34.379,35.582,36.785,37.988,39.191,22.965,25902.0,18136.0,160.556,22.965,1028.64,1028.64,1028.64,1028.64,1028.64,20660.4,5241.6,160.556,22.965,99.883,108.842,0.784,1.676,2.791,3.571,3.905
2025-10,CGE,CGE DISTRIBUCIÓN,Chillán,STxE-8-A,Aéreo,17067.9,13667.0,147.34,22.965,1028.64,1028.64,1028.64,1028.64,1028.64,12766.4,4301.5,147.34,22.965,32.893,160.556,1028.64,53.493,53.493,53.493,53.493,53.493,53.493,22.965,34409.1,23729.9,160.556,22.965,1028.64,1028.64,1028.64,1028.64,1028.64,24427.6,9981.5,160.556,22.965,99.883,108.842,0.784,1.676,2.791,3.571,3.905
2025-10,CGE,CGE DISTRIBUCIÓN,Chillán,STxE-8-S2,Subt.2,17067.9,13667.0,147.34,22.965,1028.64,1028.64,1028.64,1028.64,1028.64,12766.4,4301.5,147.34,22.965,32.893,160.556,1028.64,63.022,63.022,63.022,63.022,63.022,63.022,22.965,38787.7,26609.4,160.556,22.965,1028.64,1028.64,1028.64,1028.64,1028.64,27028.2,11759.5,160.556,22.965,99.883,108.842,0.784,1.676,2.791,3.571,3.905
2025-10,CGE,CGE DISTRIBUCIÓN,Chillán Viejo,STxE-12-A,Aéreo,17067.9,13667.0,147.34,22.965,1028.64,1028.64,1028.64,1028.64,1028.64,12766.4,4301.5,147.34,22.965,32.893,160.556,1028.64,53.493,53.493,53.493,53.493,53.493,53.493,22.965,34409.1,23729.9,160.556,22.965,1028.64,1028.64,1028.64,1028.64,1028.64,24427.6,9981.5,160.556,22.965,99.883,108.842,0.784,1.676,2.791,3.571,3.905
2025-10,CGE,CGE DISTRIBUCIÓN,Chimbarongo,STxE-1-A,Aéreo,16931.2,13568.6,147.34,22.965,1028.64,1028.64,1028.64,1028.64,1028.64,12711.9,4219.3,147.34,22.965,32.893,160.556,1028.64,33.176,34.379,35.582,36.785,37.988,39.191,22.965,25902.0,18136.0,160.556,22.965,1028.64,1028.64,1028.64,1028.64,1028.64,20660.4,5241.6,160.556,22.965,99.883,108.842,0.784,1.676,2.791,3.571,3.905
2025-10,CGE,CGE DISTRIBUCIÓN,Chépica,STxE-6-A,Aéreo,16931.2,13568.6,147.34,22.965,1028.64,1028.64,1028.64,1028.64,1028.64,12711.9,4219.3,147.34,22.965,32.893,160.556,1028.64,33.176,34.379,35.582,36.785,37.988,39.191,22.965,25902.0,18136.0,160.556,22.965,1028.64,1028.64,1028.64,1028.64,1028.64,20660.4,5241.6,160.556,22.965,99.883,108.842,0.784,1.676,2.791,3.571,3.905
2025-10,CGE,CGE DISTRIBUCIÓN,Cobquecura,STxE-6-A,Aéreo,17067.9,13667.0,147.34,22.965,1028.64,1028.64,1028.64,1028.64,1028.64,12766.4,4301.5,147.34,22.965,32.893,160.556,1028.64,53.493,53.493,53.493,53.493,53.493,53.493,22.965,34409.1,23729.9,160.556,22.965,1028.64,1028.64,1028.64,1028.64,1028.64,24427.6,9981.5,160.556,22.965,99.883,108.842,0.784,1.676,2.791,3.571,3.905
2025-10,CGE,CGE DISTRIBUCIÓN,Codegua,STxE-1-A,Aéreo,16931.2,13568.6,147.34,22.965,1028.64,1028.64,1028.64,1028.64,1028.64,12711.9,4219.3,147.34,22.965,32.893,160.556,1028.64,33.176,34.379,35.582,36.785,37.988,39.191,22.965,25902.0,18136.0,160.556,22.965,1028.64,1028.64,1028.64,1028.64,1028.64,20660.4,5241.6,160.556,22.965,99.883,108.842,0.784,1.676,2.791,3.571,3.905
2025-10,CGE,CGE DISTRIBUCIÓN,Coelemu,STxE-22-A,Aéreo,17067.9,13667.0,147.34,22.965,1028.64,1028.64,1028.64,1028.64,1028.64,12766.4,4301.5,147.34,22.965,32.893,160.556,1028.64,53.493,53.493,53.493,53.493,53.493,53.493,22.965,34409.1,23729.9,160.556,22.965,1028.64,1028.64,1028.64,1028.64,1028.64,24427.6,9981.5,160.556,22.965,99.883,108.842,0.784,1.676,2.791,3.571,3.905
2025-10,CGE,CGE DISTRIBUCIÓN,Coihueco,STxE-21-A,Aéreo,17067.9,13667.0,147.34,22.965,1028.64,1028.64,1028.64,1028.64,1028.64,12766.4,4301.5,147.34,22.965,32.893,160.556,1028.64,53.493,53.493,53.493,53.493,53.493,53.493,22.965,34409.1,23729.9,160.556,22.965,1028.64,1028.64,1028.64,1028.64,1028.64,24427.6,9981.5,160.556,22.965,99.883,108.842,0.784,1.676,2.791,3.571,3.905
2025-10,CGE,CGE DISTRIBUCIÓN,Coinco,STxE-1-A,Aéreo,16931.2,13568.6,147.34,22.965,1028.64,1028.64,1028.64,1028.64,1028.64,12711.9,4219.3,147.34,22.965,32.893,160.556,1028.64,33.176,34.379,35.582,36.785,37.988,39.191,22.965,25902.0,18136.0,160.556,22.965,1028.64,1028.64,1028.64,1028.64,1028.64,20660.4,5241.6,160.556,22.965,99.883,108.842,0.784,1.676,2.791,3.571,3.905
2025-10,CGE,CGE DISTRIBUCIÓN,Colbún,STxE-25-A,Aéreo,17447.8,13940.1,107.368,22.965,1028.64,1028.64,1028.64,1028.64,1028.64,12917.8,4530.0,107.368,22.965,32.893,116.998,1028.64,42.796,43.91,45.024,46.137,47.25,48.364,22.965,30538.3,21184.6,116.998,22.965,1028.64,1028.64,1028.64,1028.64,1028.64,22956.5,7581.7,116.998,22.965,66.293,72.239,0.784,1.676,2.791,3.571,3.905
2025-10,CGE,CGE DISTRIBUCIÓN,Coltauco,STxE-1-A,Aéreo,16931.2,13568.6,147.34,22.965,1028.64,1028.64,1028.64,1028.64,1028.64,12711.9,4219.3,147.34,22.965,32.893,160.556,1028.64,33.176,34.379,35.582,36.785,37.988,39.191,22.965,25902.0,18136.0,160.556,22.965,1028.64,1028.64,1028.64,1028.64,1028.64,20660.4,5241.6,160.556,22.965,99.883,108.842,0.784,1.676,2.791,3.571,3.905
2025-10,CGE,CGE DISTRIBUCIÓN,Concepción,STxE-2-A,Aéreo,16931.2,13568.6,147.34,22.965,1028.64,1028.64,1028.64,1028.64,1028.64,12711.9,4219.3,147.34,22.965,32.893,160.556,1028.64,33.176,34.379,35.582,36.785,37.988,39.191,22.965,25902.0,18136.0,160.556,22.965,1028.64,1028.64,1028.64,1028.64,1028.64,20660.4,5241.6,160.556,22.965,99.883,108.842,0.784,1.676,2.791,3.571,3.905
2025-10,CGE,CGE DISTRIBUCIÓN,Concepción,STxE-2-S1,Subt.1,21842.2,17100.5,147.34,22.965,1028.64,1028.64,1028.64,1028.64,1028.64,14669.4,7172.8,147.34,22.965,32.893,160.556,1028.64,42.613,44.159,45.703,47.249,48.794,50.338,22.965,30473.9,21142.4,160.556,22.965,1028.64,1028.64,1028.64,1028.64,1028.64,23741.3,6732.5,160.556,22.965,99.883,108.842,0.784,1.676,2.791,3.571,3.905
2025-10,CGE,CGE DISTRIBUCIÓN,Concepción,STxE-2-S2,Subt.2,16931.2,13568.6,147.34,22.965,1028.64,1028.64,1028.64,1028.64,1028.64,12711.9,4219.3,147.34,22.965,32.893,160.556,1028.64,39.087,40.142,41.197,42.252,43.308,44.363,22.965,28765.4,20018.8,160.556,22.965,1028.64,1028.64,1028.64,1028.64,1028.64,22590.0,6175.4,160.556,22.965,99.883,108.842,0.784,1.676,2.791,3.571,3.905
2025-10,CGE,CGE DISTRIBUCIÓN,Concepción,STxE-2-S3,Subt.3,21842.2,17100.5,147.34,22.965,1028.64,1028.64,1028.64,1028.64,1028.64,14669.4,7172.8,147.34,22.965,32.893,160.556,1028.64,48.523,48.523,48.523,48.523,48.523,48.523,22.965,33337.3,23025.2,160.556,22.965,1028.64,1028.64,1028.64,1028.64,1028.64,25670.9,7666.2,160.556,22.965,99.883,108.842,0.784,1.676,2.791,3.571,3.905
2025-10,CGE,CGE DISTRIBUCIÓN,Constitución,STxE-6-A,Aéreo,17447.8,13940.1,140.232,22.965,1028.64,1028.64,1028.64,1028.64,1028.64,12917.8,4530.0,140.232,22.965,32.893,152.81,1028.64,42.796,43.91,45.024,46.137,47.25,48.364,22.965,30538.3,21184.6,152.81,22.965,1028.64,1028.64,1028.64,1028.64,1028.64,22956.5,7581.7,152.81,22.965,93.909,102.333,0.784,1.676,2.791,3.571,3.905
2025-10,CGE,CGE DISTRIBUCIÓN,Coronel,STxE-10-A,Aéreo,17067.9,13667.0,70.532,22.965,1028.64,1028.64,1028.64,1028.64,1028.64,12766.4,4301.5,70.532,22.965,32.893,76.859,1028.64,53.493,53.493,53.493,53.493,53.493,53.493,22.965,34409.1,23729.9,76.859,22.965,1028.64,1028.64,1028.64,1028.64,1028.64,24427.6,9981.5,76.859,22.965,35.338,38.508,0.784,1.676,2.791,3.571,3.905
2025-10,CGE,CGE DISTRIBUCIÓN,Coronel,STxE-10-S2,Subt.2,17067.9,13667.0,70.532,22.965,1028.64,1028.64,1028.64,1028.64,1028.64,12766.4,4301.5,70.532,22.965,32.893,76.859,1028.64,63.022,63.022,63.022,63.022,63.022,63.022,22.965,38787.7,26609.4,76.859,22.965,1028.64,1028.64,1028.64,1028.64,1028.64,27028.2,11759.5,76.859,22.965,35.338,38.508,0.784,1.676,2.791,3.571,3.905
2025-10,CGE,CGE DISTRIBUCIÓN,Curacaví,STxD-3-A,Aéreo,17148.6,13700.1,145.608,15.499,1028.64,1028.64,1028.64,1028.64,1028.64,12692.1,4456.6,145.608,15.499,32.305,158.67,1028.64,42.796,44.173,45.55,46.925,48.302,49.678,15.499,30027.4,20828.9,158.67,15.499,1028.64,1028.64,1028.64,1028.64,1028.64,22568.4,7459.0,158.67,15.499,98.428,107.257,0.784,1.676,2.791,3.571,3.905
2025-10,CGE,CGE DISTRIBUCIÓN,Curarrehue,STxE-2-A,Aéreo,16931.2,13568.6,147.34,22.965,1028.64,1028.64,1028.64,1028.64,1028.64,12711.9,4219.3,147.34,22.965,32.893,160.556,1028.64,33.176,34.379,35.582,36.785,37.988,39.191,22.965,25902.0,18136.0,160.556,22.965,1028.64,1028.64,1028.64,1028.64,1028.64,20660.4,5241.6,160.556,22.965,99.883,108.842,0.784,1.676,2.791,3.571,3.905
2025-10,CGE,CGE DISTRIBUCIÓN,Curepto,STxE-6-A,Aéreo,16931.2,13568.6,147.34,22.965,1028.64,1028.64,1028.64,1028.64,1028.64,12711.9,4219.3,147.34,22.965,32.893,160.556,1028.64,33.176,34.379,35.582,36.785,37.988,39.191,22.965,25902.0,18136.0,160.556,22.965,1028.64,1028.64,1028.64,1028.64,1028.64,20660.4,5241.6,160.556,22.965,99.883,108.842,0.784,1.676,2.791,3.571,3.905
2025-10,CGE,CGE DISTRIBUCIÓN,Curicó,STxE-1-A,Aéreo,16931.2,13568.6,147.34,22.965,1028.64,1028.64,1028.64,1028.64,1028.64,12711.9,4219.3,147.34,22.965,32.893,160.556,1028.64,33.176,34.379,35.582,36.785,37.988,39.191,22.965,25902.0,18136.0,160.556,22.965,1028.64,1028.64,1028.64,1028.64,1028.64,20660.4,5241.6,160.556,22.965,99.883,108.842,0.784,1.676,2.791,3.571,3.905
2025-10,CGE,CGE DISTRIBUCIÓN,Doñihue,STxE-1-A,Aéreo,16931.2,13568.6,147.34,22.965,1028.64,1028.64,1028.64,1028.64,1028.64,12711.9,4219.3,147.34,22.965,32.893,160.556,1028.64,33.176,34.379,35.582,36.785,37.988,39.191,22.965,25902.0,18136.0,160.556,22.965,1028.64,1028.64,1028.64,1028.64,1028.64,20660.4,5241.6,160.556,22.965,99.883,108.842,0.784,1.676,2.791,3.571,3.905
2025-10,CGE,CGE DISTRIBUCIÓN,El Bosque,STxD-3-A,Aéreo,16726.6,13396.7,145.608,15.499,1028.64,1028.64,1028.64,1028.64,1028.64,12523.8,4202.7,145.608,15.499,32.305,158.67,1028.64,33.176,34.349,35.522,36.694,37.866,39.039,15.499,25663.8,17959.6,158.67,15.499,1028.64,1028.64,1028.64,1028.64,1028.64,20442.5,5221.2,158.67,15.499,98.428,107.257,0.784,1.676,2.791,3.571,3.905
2025-10,CGE,CGE DISTRIBUCIÓN,El Monte,STxE-6-A,Aéreo,16931.2,13568.6,147.34,22.965,1028.64,1028.64,1028.64,1028.64,1028.64,12711.9,4219.3,147.34,22.965,32.893,160.556,1028.64,33.176,34.379,35.582,36.785,37.988,39.191,22.965,25902.0,18136.0,160.556,22.965,1028.64,1028.64,1028.64,1028.64,1028.64,20660.4,5241.6,160.556,22.965,99.883,108.842,0.784,1.676,2.791,3.571,3.905
2025-10,CGE,CGE DISTRIBUCIÓN,Empedrado,STxE-6-A,Aéreo,16931.2,13568.6,147.34,22.965,1028.64,1028.64,1028.64,1028.64,1028.64,12711.9,4219.3,147.34,22.965,32.893,160.556,1028.64,33.176,34.379,35.582,36.785,37.988,39.191,22.965,25902.0,18136.0,160.556,22.965,1028.64,1028.64,1028.64,1028.64,1028.64,20660.4,5241.6,160.556,22.965,99.883,108.842,0.784,1.676,2.791,3.571,3.905
2025-10,CGE,CGE DISTRIBUCIÓN,Florida,STxE-23-A,Aéreo,16893.0,13541.2,147.34,22.965,1028.64,1028.64,1028.64,1028.64,1028.64,12696.7,4196.3,147.34,22.965,32.893,160.556,1028.64,70.838,70.838,70.838,70.838,70.838,70.838,22.965,41801.0,28590.8,160.556,22.965,1028.64,1028.64,1028.64,1028.64,1028.64,27539.6,14261.6,160.556,22.965,99.883,108.842,0.784,1.676,2.791,3.571,3.905
2025-10,CGE,CGE DISTRIBUCIÓN,Freire,STxE-2-A,Aéreo,17067.9,13667.0,147.34,22.965,1028.64,1028.64,1028.64,1028.64,1028.64,12766.4,4301.5,147.34,22.965,32.893,160.556,1028.64,53.493,53.493,53.493,53.493,53.493,53.493,22.965,34409.1,23729.9,160.556,22.965,1028.64,1028.64,1028.64,1028.64,1028.64,24427.6,9981.5,160.556,22.965,99.883,108.842,0.784,1.676,2.791,3.571,3.905
2025-10,CGE,CGE DISTRIBUCIÓN,Graneros,STxE-1-A,Aéreo,16931.2,13568.6,147.34,22.965,1028.64,1028.64,1028.64,1028.64,1028.64,12711.9,4219.3,147.34,22.965,32.893,160.556,1028.64,33.176,34.379,35.582,36.785,37.988,39.191,22.965,25902.0,18136.0,160.556,22.965,1028.64,1028.64,1028.64,1028.64,1028.64,20660.4,5241.6,160.556,22.965,99.883,108.842,0.784,1.676,2.791,3.571,3.905
2025-10,CGE,CGE DISTRIBUCIÓN,Hualañé,STxE-6-A,Aéreo,16931.2,13568.6,147.34,22.965,1028.64,1028.64,1028.64,1028.64,1028.64,12711.9,4219.3,147.34,22.965,32.893,160.556,1028.64,33.176,34.379,35.582,36.785,37.988,39.191,22.965,25902.0,18136.0,160.556,22.965,1028.64,1028.64,1028.64,1028.64,1028.64,20660.4,5241.6,160.556,22.965,99.883,108.842,0.784,1.676,2.791,3.571,3.905
2025-10,CGE,CGE DISTRIBUCIÓN,Hualpén,STxE-2-A,Aéreo,16931.2,13568.6,100.059,22.965,1028.64,1028.64,1028.64,1028.64,1028.64,12711.9,4219.3,100.059,22.965,32.893,109.035,1028.64,33.176,34.379,35.582,36.785,37.988,39.191,22.965,25902.0,18136.0,109.035,22.965,1028.64,1028.64,1028.64,1028.64,1028.64,20660.4,5241.6,109.035,22.965,60.151,65.547,0.784,1.676,2.791,3.571,3.905
2025-10,CGE,CGE DISTRIBUCIÓN,Hualqui,STxE-16-A,Aéreo,16893.0,13541.2,147.34,22.965,1028.64,1028.64,1028.64,1028.64,1028.64,12696.7,4196.3,147.34,22.965,32.893,160.556,1028.64,70.838,70.838,70.838,70.838,70.838,70.838,22.965,41801.0,28590.8,160.556,22.965,1028.64,1028.64,1028.64,1028.64,1028.64,27539.6,14261.6,160.556,22.965,99.883,108.842,0.784,1.676,2.791,3.571,3.905
2025-10,CGE,CGE DISTRIBUCIÓN,Isla de Maipo,STxE-1-A,Aéreo,16931.2,13568.6,147.34,22.965,1028.64,1028.64,1028.64,1028.64,1028.64,12711.9,4219.3,147.34,22.965,32.893,160.556,1028.64,33.176,34.379,35.582,36.785,37.988,39.191,22.965,25902.0,18136.0,160.556,22.965,1028.64,1028.64,1028.64,1028.64,1028.64,20660.4,5241.6,160.556,22.965,99.883,108.842,0.784,1.676,2.791,3.571,3.905
2025-10,CGE,CGE DISTRIBUCIÓN,La Estrella,STxE-6-A,Aéreo,16931.2,13568.6,124.899,22.965,1028.64,1028.64,1028.64,1028.64,1028.64,12711.9,4219.3,124.899,22.965,32.893,136.103,1028.64,33.176,34.379,35.582,36.785,37.988,39.191,22.965,25902.0,18136.0,136.103,22.965,1028.64,1028.64,1028.64,1028.64,1028.64,20660.4,5241.6,136.103,22.965,81.025,88.293,0.784,1.676,2.791,3.571,3.905
2025-10,CGE,CGE DISTRIBUCIÓN,La Pintana,STxD-3-A,Aéreo,16726.6,13396.7,145.608,15.499,1028.64,1028.64,1028.64,1028.64,1028.64,12523.8,4202.7,145.608,15.499,32.305,158.67,1028.64,33.176,34.349,35.522,36.694,37.866,39.039,15.499,25663.8,17959.6,158.67,15.499,1028.64,1028.64,1028.64,1028.64,1028.64,20442.5,5221.2,158.67,15.499,98.428,107.257,0.784,1.676,2.791,3.571,3.905
2025-10,CGE,CGE DISTRIBUCIÓN,Las Cabras,STxE-1-A,Aéreo,16931.2,13568.6,135.125,22.965,1028.64,1028.64,1028.64,1028.64,1028.64,12711.9,4219.3,135.125,22.965,32.893,147.246,1028.64,33.176,34.379,35.582,36.785,37.988,39.191,22.965,25902.0,18136.0,147.246,22.965,1028.64,1028.64,1028.64,1028.64,1028.64,20660.4,5241.6,147.246,22.965,89.618,97.657,0.784,1.676,2.791,3.571,3.905
2025-10,CGE,CGE DISTRIBUCIÓN,Lautaro,STxE-20-A,Aéreo,17067.9,13667.0,140.232,22.965,1028.64,1028.64,1028.64,1028.64,1028.64,12766.4,4301.5,140.232,22.965,32.893,152.81,1028.64,53.493,53.493,53.493,53.493,53.493,53.493,22.965,34409.1,23729.9,152.81,22.965,1028.64,1028.64,1028.64,1028.64,1028.64,24427.6,9981.5,152.81,22.965,93.909,102.333,0.784,1.676,2.791,3.571,3.905
2025-10,CGE,CGE DISTRIBUCIÓN,Licantén,STxE-6-A,Aéreo,16931.2,13568.6,147.34,22.965,1028.64,1028.64,1028.64,1028.64,1028.64,12711.9,4219.3,147.34,22.965,32.893,160.556,1028.64,33.176,34.379,35.582,36.785,37.988,39.191,22.965,25902.0,18136.0,160.556,22.965,1028.64,1028.64,1028.64,1028.64,1028.64,20660.4,5241.6,160.556,22.965,99.883,108.842,0.784,1.676,2.791,3.571,3.905
2025-10,CGE,CGE DISTRIBUCIÓN,Linares,STxE-13-A,Aéreo,17447.8,13940.1,147.34,22.965,1028.64,1028.64,1028.64,1028.64,1028.64,12917.8,4530.0,147.34,22.965,32.893,160.556,1028.64,42.796,43.91,45.024,46.137,47.25,48.364,22.965,30538.3,21184.6,160.556,22.965,1028.64,1028.64,1028.64,1028.64,1028.64,22956.5,7581.7,160.556,22.965,99.883,108.842,0.784,1.676,2.791,3.571,3.905
2025-10,CGE,CGE DISTRIBUCIÓN,Litueche,STxE-6-A,Aéreo,16931.2,13568.6,124.899,22.965,1028.64,1028.64,1028.64,1028.64,1028.64,12711.9,4219.3,124.899,22.965,32.893,136.103,1028.64,33.176,34.379,35.582,36.785,37.988,39.191,22.965,25902.0,18136.0,136.103,22.965,1028.64,1028.64,1028.64,1028.64,1028.64,20660.4,5241.6,136.103,22.965,81.025,88.293,0.784,1.676,2.791,3.571,3.905
2025-10,CGE,CGE DISTRIBUCIÓN,Lolol,STxE-6-A,Aéreo,16931.2,13568.6,147.34,22.965,1028.64,1028.64,1028.64,1028.64,1028.64,12711.9,4219.3,147.34,22.965,32.893,160.556,1028.64,33.176,34.379,35.582,36.785,37.988,39.191,22.965,25902.0,18136.0,160.556,22.965,1028.64,1028.64,1028.64,1028.64,1028.64,20660.4,5241.6,160.556,22.965,99.883,108.842,0.784,1.676,2.791,3.571,3.905
2025-10,CGE,CGE DISTRIBUCIÓN,Loncoche,STxE-18-A,Aéreo,17067.9,13667.0,147.34,22.965,1028.64,1028.64,1028.64,1028.64,1028.64,12766.4,4301.5,147.34,22.965,32.893,160.556,1028.64,53.493,53.493,53.493,53.493,53.493,53.493,22.965,34409.1,23729.9,160.556,22.965,1028.64,1028.64,1028.64,1028.64,1028.64,24427.6,9981.5,160.556,22.965,99.883,108.842,0.784,1.676,2.791,3.571,3.905
2025-10,CGE,CGE DISTRIBUCIÓN,Longaví,STxE-1-A,Aéreo,17447.8,13940.1,147.34,22.965,1028.64,1028.64,1028.64,1028.64,1028.64,12917.8,4530.0,147.34,22.965,32.893,160.556,1028.64,42.796,43.91,45.024,46.137,47.25,48.364,22.965,30538.3,21184.6,160.556,22.965,1028.64,1028.64,1028.64,1028.64,1028.64,22956.5,7581.7,160.556,22.965,99.883,108.842,0.784,1.676,2.791,3.571,3.905
2025-10,CGE,CGE DISTRIBUCIÓN,Los Ángeles,STxE-11-A,Aéreo,16893.0,13541.2,147.34,22.965,1028.64,1028.64,1028.64,1028.64,1028.64,12696.7,4196.3,147.34,22.965,32.893,160.556,1028.64,70.838,70.838,70.838,70.838,70.838,70.838,22.965,41801.0,28590.8,160.556,22.965,1028.64,1028.64,1028.64,1028.64,1028.64,27539.6,14261.6,160.556,22.965,99.883,108.842,0.784,1.676,2.791,3.571,3.905
2025-10,CGE,CGE DISTRIBUCIÓN,Machalí,STxE-1-A,Aéreo,16931.2,13568.6,140.232,22.965,1028.64,1028.64,1028.64,1028.64,1028.64,12711.9,4219.3,140.232,22.965,32.893,152.81,1028.64,33.176,34.379,35.582,36.785,37.988,39.191,22.965,25902.0,18136.0,152.81,22.965,1028.64,1028.64,1028.64,1028.64,1028.64,20660.4,5241.6,152.81,22.965,93.909,102.333,0.784,1.676,2.791,3.571,3.905
2025-10,CGE,CGE DISTRIBUCIÓN,Malloa,STxE-1-A,Aéreo,16931.2,13568.6,147.34,22.965,1028.64,1028.64,1028.64,1028.64,1028.64,12711.9,4219.3,147.34,22.965,32.893,160.556,1028.64,33.176,34.379,35.582,36.785,37.988,39.191,22.965,25902.0,18136.0,160.556,22.965,1028.64,1028.64,1028.64,1028.64,1028.64,20660.4,5241.6,160.556,22.965,99.883,108.842,0.784,1.676,2.791,3.571,3.905
2025-10,CGE,CGE DISTRIBUCIÓN,Marchihue,STxE-6-A,Aéreo,16931.2,13568.6,140.232,22.965,1028.64,1028.64,1028.64,1028.64,1028.64,12711.9,4219.3,140.232,22.965,32.893,152.81,1028.64,33.176,34.379,35.582,36.785,37.988,39.191,22.965,25902.0,18136.0,152.81,22.965,1028.64,1028.64,1028.64,1028.64,1028.64,20660.4,5241.6,152.81,22.965,93.909,102.333,0.784,1.676,2.791,3.571,3.905
2025-10,CGE,CGE DISTRIBUCIÓN,María Pinto,STxD-6-A,Aéreo,16726.6,13396.7,145.608,15.499,1028.64,1028.64,1028.64,1028.64,1028.64,12523.8,4202.7,145.608,15.499,32.305,158.67,1028.64,33.176,34.349,35.522,36.694,37.866,39.039,15.499,25663.8,17959.6,158.67,15.499,1028.64,1028.64,1028.64,1028.64,1028.64,20442.5,5221.2,158.67,15.499,98.428,107.257,0.784,1.676,2.791,3.571,3.905
2025-10,CGE,CGE DISTRIBUCIÓN,María Pinto,STxE-6-A,Aéreo,16931.2,13568.6,147.34,22.965,1028.64,1028.64,1028.64,1028.64,1028.64,12711.9,4219.3,147.34,22.965,32.893,160.556,1028.64,33.176,34.379,35.582,36.785,37.988,39.191,22.965,25902.0,18136.0,160.556,22.965,1028.64,1028.64,1028.64,1028.64,1028.64,20660.4,5241.6,160.556,22.965,99.883,108.842,0.784,1.676,2.791,3.571,3.905
2025-10,CGE,CGE DISTRIBUCIÓN,Maule,STxE-14-A,Aéreo,16931.2,13568.6,147.34,22.965,1028.64,1028.64,1028.64,1028.64,1028.64,12711.9,4219.3,147.34,22.965,32.893,160.556,1028.64,33.176,34.379,35.582,36.785,37.988,39.191,22.965,25902.0,18136.0,160.556,22.965,1028.64,1028.64,1028.64,1028.64,1028.64,20660.4,5241.6,160.556,22.965,99.883,108.842,0.784,1.676,2.791,3.571,3.905
2025-10,CGE,CGE DISTRIBUCIÓN,Melipilla,STxE-6-A,Aéreo,16931.2,13568.6,147.34,22.965,1028.64,1028.64,1028.64,1028.64,1028.64,12711.9,4219.3,147.34,22.965,32.893,160.556,1028.64,33.176,34.379,35.582,36.785,37.988,39.191,22.965,25902.0,18136.0,160.556,22.965,1028.64,1028.64,1028.64,1028.64,1028.64,20660.4,5241.6,160.556,22.965,99.883,108.842,0.784,1.676,2.791,3.571,3.905
2025-10,CGE,CGE DISTRIBUCIÓN,Molina,STxE-6-A,Aéreo,16931.2,13568.6,147.34,22.965,1028.64,1028.64,1028.64,1028.64,1028.64,12711.9,4219.3,147.34,22.965,32.893,160.556,1028.64,33.176,34.379,35.582,36.785,37.988,39.191,22.965,25902.0,18136.0,160.556,22.965,1028.64,1028.64,1028.64,1028.64,1028.64,20660.4,5241.6,160.556,22.965,99.883,108.842,0.784,1.676,2.791,3.571,3.905
2025-10,CGE,CGE DISTRIBUCIÓN,Mostazal,STxE-1-A,Aéreo,16931.2,13568.6,135.125,22.965,1028.64,1028.64,1028.64,1028.64,1028.64,12711.9,4219.3,135.125,22.965,32.893,147.246,1028.64,33.176,34.379,35.582,36.785,37.988,39.191,22.965,25902.0,18136.0,147.246,22.965,1028.64,1028.64,1028.64,1028.64,1028.64,20660.4,5241.6,147.246,22.965,89.618,97.657,0.784,1.676,2.791,3.571,3.905
2025-10,CGE,CGE DISTRIBUCIÓN,Mulchén,STxE-2-A,Aéreo,17067.9,13667.0,147.34,22.965,1028.64,1028.64,1028.64,1028.64,1028.64,12766.4,4301.5,147.34,22.965,32.893,160.556,1028.64,53.493,53.493,53.493,53.493,53.493,53.493,22.965,34409.1,23729.9,160.556,22.965,1028.64,1028.64,1028.64,1028.64,1028.64,24427.6,9981.5,160.556,22.965,99.883,108.842,0.784,1.676,2.791,3.571,3.905
2025-10,CGE,CGE DISTRIBUCIÓN,Nancagua,STxE-6-A,Aéreo,16931.2,13568.6,147.34,22.965,1028.64,1028.64,1028.64,1028.64,1028.64,12711.9,4219.3,147.34,22.965,32.893,160.556,1028.64,33.176,34.379,35.582,36.785,37.988,39.191,22.965,25902.0,18136.0,160.556,22.965,1028.64,1028.64,1028.64,1028.64,1028.64,20660.4,5241.6,160.556,22.965,99.883,108.842,0.784,1.676,2.791,3.571,3.905
2025-10,CGE,CGE DISTRIBUCIÓN,Navidad,STxE-6-A,Aéreo,16931.2,13568.6,147.34,22.965,1028.64,1028.64,1028.64,1028.64,1028.64,12711.9,4219.3,147.34,22.965,32.893,160.556,1028.64,33.176,34.379,35.582,36.785,37.988,39.191,22.965,25902.0,18136.0,160.556,22.965,1028.64,1028.64,1028.64,1028.64,1028.64,20660.4,5241.6,160.556,22.965,99.883,108.842,0.784,1.676,2.791,3.571,3.905
2025-10,CGE,CGE DISTRIBUCIÓN,Ninhue,STxE-27-A,Aéreo,17067.9,13667.0,147.34,22.965,1028.64,1028.64,1028.64,1028.64,1028.64,12766.4,4301.5,147.34,22.965,32.893,160.556,1028.64,53.493,53.493,53.493,53.493,53.493,53.493,22.965,34409.1,23729.9,160.556,22.965,1028.64,1028.64,1028.64,1028.64,1028.64,24427.6,9981.5,160.556,22.965,99.883,108.842,0.784,1.676,2.791,3.571,3.905
2025-10,CGE,CGE DISTRIBUCIÓN,Olivar,STxE-1-A,Aéreo,16931.2,13568.6,147.34,22.965,1028.64,1028.64,1028.64,1028.64,1028.64,12711.9,4219.3,147.34,22.965,32.893,160.556,1028.64,33.176,34.379,35.582,36.785,37.988,39.191,22.965,25902.0,18136.0,160.556,22.965,1028.64,1028.64,1028.64,1028.64,1028.64,20660.4,5241.6,160.556,22.965,99.883,108.842,0.784,1.676,2.791,3.571,3.905
2025-10,CGE,CGE DISTRIBUCIÓN,Padre Hurtado,STxD-3-A,Aéreo,16726.6,13396.7,145.608,15.499,1028.64,1028.64,1028.64,1028.64,1028.64,12523.8,4202.7,145.608,15.499,32.305,158.67,1028.64,33.176,34.349,35.522,36.694,37.866,39.039,15.499,25663.8,17959.6,158.67,15.499,1028.64,1028.64,1028.64,1028.64,1028.64,20442.5,5221.2,158.67,15.499,98.428,107.257,0.784,1.676,2.791,3.571,3.905
2025-10,CGE,CGE DISTRIBUCIÓN,Padre las Casas,STxE-20-A,Aéreo,17067.9,13667.0,147.34,22.965,1028.64,1028.64,1028.64,1028.64,1028.64,12766.4,4301.5,147.34,22.965,32.893,160.556,1028.64,53.493,53.493,53.493,53.493,53.493,53.493,22.965,34409.1,23729.9,160.556,22.965,1028.64,1028.64,1028.64,1028.64,1028.64,24427.6,9981.5,160.556,22.965,99.883,108.842,0.784,1.676,2.791,3.571,3.905
2025-10,CGE,CGE DISTRIBUCIÓN,Paine,STxE-1-A,Aéreo,16931.2,13568.6,147.34,22.965,1028.64,1028.64,1028.64,1028.64,1028.64,12711.9,4219.3,147.34,22.965,32.893,160.556,1028.64,33.176,34.379,35.582,36.785,37.988,39.191,22.965,25902.0,18136.0,160.556,22.965,1028.64,1028.64,1028.64,1028.64,1028.64,20660.4,5241.6,160.556,22.965,99.883,108.842,0.784,1.676,2.791,3.571,3.905
2025-10,CGE,CGE DISTRIBUCIÓN,Palmilla,STxE-6-A,Aéreo,16931.2,13568.6,147.34,22.965,1028.64,1028.64,1028.64,1028.64,1028.64,12711.9,4219.3,147.34,22.965,32.893,160.556,1028.64,33.176,34.379,35.582,36.785,37.988,39.191,22.965,25902.0,18136.0,160.556,22.965,1028.64,1028.64,1028.64,1028.64,1028.64,20660.4,5241.6,160.556,22.965,99.883,108.842,0.784,1.676,2.791,3.571,3.905
2025-10,CGE,CGE DISTRIBUCIÓN,Paredones,STxE-6-A,Aéreo,16931.2,13568.6,147.34,22.965,1028.64,1028.64,1028.64,1028.64,1028.64,12711.9,4219.3,147.34,22.965,32.893,160.556,1028.64,33.176,34.379,35.582,36.785,37.988,39.191,22.965,25902.0,18136.0,160.556,22.965,1028.64,1028.64,1028.64,1028.64,1028.64,20660.4,5241.6,160.556,22.965,99.883,108.842,0.784,1.676,2.791,3.571,3.905
2025-10,CGE,CGE DISTRIBUCIÓN,Parral,STxE-25-A,Aéreo,17067.9,13667.0,147.34,22.965,1028.64,1028.64,1028.64,1028.64,1028.64,12766.4,4301.5,147.34,22.965,32.893,160.556,1028.64,53.493,53.493,53.493,53.493,53.493,53.493,22.965,34409.1,23729.9,160.556,22.965,1028.64,1028.64,1028.64,1028.64,1028.64,24427.6,9981.5,160.556,22.965,99.883,108.842,0.784,1.676,2.791,3.571,3.905
2025-10,CGE,CGE DISTRIBUCIÓN,Pelarco,STxE-4-A,Aéreo,16931.2,13568.6,147.34,22.965,1028.64,1028.64,1028.64,1028.64,1028.64,12711.9,4219.3,147.34,22.965,32.893,160.556,1028.64,33.176,34.379,35.582,36.785,37.988,39.191,22.965,25902.0,18136.0,160.556,22.965,1028.64,1028.64,1028.64,1028.64,1028.64,20660.4,5241.6,160.556,22.965,99.883,108.842,0.784,1.676,2.791,3.571,3.905
2025-10,CGE,CGE DISTRIBUCIÓN,Pelluhue,STxE-6-A,Aéreo,16931.2,13568.6,147.34,22.965,1028.64,1028.64,1028.64,1028.64,1028.64,12711.9,4219.3,147.34,22.965,32.893,160.556,1028.64,33.176,34.379,35.582,36.785,37.988,39.191,22.965,25902.0,18136.0,160.556,22.965,1028.64,1028.64,1028.64,1028.64,1028.64,20660.4,5241.6,160.556,22.965,99.883,108.842,0.784,1.676,2.791,3.571,3.905
2025-10,CGE,CGE DISTRIBUCIÓN,Pencahue,STxE-14-A,Aéreo,16931.2,13568.6,147.34,22.965,1028.64,1028.64,1028.64,1028.64,1028.64,12711.9,4219.3,147.34,22.965,32.893,160.556,1028.64,33.176,34.379,35.582,36.785,37.988,39.191,22.965,25902.0,18136.0,160.556,22.965,1028.64,1028.64,1028.64,1028.64,1028.64,20660.4,5241.6,160.556,22.965,99.883,108.842,0.784,1.676,2.791,3.571,3.905
2025-10,CGE,CGE DISTRIBUCIÓN,Penco,STxE-2-A,Aéreo,16931.2,13568.6,147.34,22.965,1028.64,1028.64,1028.64,1028.64,1028.64,12711.9,4219.3,147.34,22.965,32.893,160.556,1028.64,33.176,34.379,35.582,36.785,37.988,39.191,22.965,25902.0,18136.0,160.556,22.965,1028.64,1028.64,1028.64,1028.64,1028.64,20660.4,5241.6,160.556,22.965,99.883,108.842,0.784,1.676,2.791,3.571,3.905
2025-10,CGE,CGE DISTRIBUCIÓN,Peralillo,STxE-6-A,Aéreo,16931.2,13568.6,147.34,22.965,1028.64,1028.64,1028.64,1028.64,1028.64,12711.9,4219.3,147.34,22.965,32.893,160.556,1028.64,33.176,34.379,35.582,36.785,37.988,39.191,22.965,25902.0,18136.0,160.556,22.965,1028.64,1028.64,1028.64,1028.64,1028.64,20660.4,5241.6,160.556,22.965,99.883,108.842,0.784,1.676,2.791,3.571,3.905
2025-10,CGE,CGE DISTRIBUCIÓN,Peumo,STxE-1-A,Aéreo,16931.2,13568.6,147.34,22.965,1028.64,1028.64,1028.64,1028.64,1028.64,12711.9,4219.3,147.34,22.965,32.893,160.556,1028.64,33.176,34.379,35.582,36.785,37.988,39.191,22.965,25902.0,18136.0,160.556,22.965,1028.64,1028.64,1028.64,1028.64,1028.64,20660.4,5241.6,160.556,22.965,99.883,108.842,0.784,1.676,2.791,3.571,3.905
2025-10,CGE,CGE DISTRIBUCIÓN,Peñaflor,STxD-3-A,Aéreo,16726.6,13396.7,145.608,15.499,1028.64,1028.64,1028.64,1028.64,1028.64,12523.8,4202.7,145.608,15.499,32.305,158.67,1028.64,33.176,34.349,35.522,36.694,37.866,39.039,15.499,25663.8,17959.6,158.67,15.499,1028.64,1028.64,1028.64,1028.64,1028.64,20442.5,5221.2,158.67,15.499,98.428,107.257,0.784,1.676,2.791,3.571,3.905
2025-10,CGE,CGE DISTRIBUCIÓN,Peñaflor,STxE-3-A,Aéreo,16906.8,13551.1,147.34,22.965,1028.64,1028.64,1028.64,1028.64,1028.64,12702.2,4204.5,147.34,22.965,32.893,160.556,1028.64,33.176,34.352,35.527,36.704,37.88,39.056,22.965,25846.3,18099.3,160.556,22.965,1028.64,1028.64,1028.64,1028.64,1028.64,20622.8,5223.5,160.556,22.965,99.883,108.842,0.784,1.676,2.791,3.571,3.905
2025-10,CGE,CGE DISTRIBUCIÓN,Pichidegua,STxE-1-A,Aéreo,16931.2,13568.6,135.125,22.965,1028.64,1028.64,1028.64,1028.64,1028.64,12711.9,4219.3,135.125,22.965,32.893,147.246,1028.64,33.176,34.379,35.582,36.785,37.988,39.191,22.965,25902.0,18136.0,147.246,22.965,1028.64,1028.64,1028.64,1028.64,1028.64,20660.4,5241.6,147.246,22.965,89.618,97.657,0.784,1.676,2.791,3.571,3.905
2025-10,CGE,CGE DISTRIBUCIÓN,Pichilemu,STxE-6-A,Aéreo,16931.2,13568.6,147.34,22.965,1028.64,1028.64,1028.64,1028.64,1028.64,12711.9,4219.3,147.34,22.965,32.893,160.556,1028.64,33.176,34.379,35.582,36.785,37.988,39.191,22.965,25902.0,18136.0,160.556,22.965,1028.64,1028.64,1028.64,1028.64,1028.64,20660.4,5241.6,160.556,22.965,99.883,108.842,0.784,1.676,2.791,3.571,3.905
2025-10,CGE,CGE DISTRIBUCIÓN,Pinto,STxE-26-A,Aéreo,17067.9,13667.0,147.34,22.965,1028.64,1028.64,1028.64,1028.64,1028.64,12766.4,4301.5,147.34,22.965,32.893,160.556,1028.64,53.493,53.493,53.493,53.493,53.493,53.493,22.965,34409.1,23729.9,160.556,22.965,1028.64,1028.64,1028.64,1028.64,1028.64,24427.6,9981.5,160.556,22.965,99.883,108.842,0.784,1.676,2.791,3.571,3.905
2025-10,CGE,CGE DISTRIBUCIÓN,Pirque,STxD-1-A,Aéreo,16726.6,13396.7,138.604,15.499,1028.64,1028.64,1028.64,1028.64,1028.64,12523.8,4202.7,138.604,15.499,32.305,151.037,1028.64,33.176,34.349,35.522,36.694,37.866,39.039,15.499,25663.8,17959.6,151.037,15.499,1028.64,1028.64,1028.64,1028.64,1028.64,20442.5,5221.2,151.037,15.499,92.542,100.843,0.784,1.676,2.791,3.571,3.905
2025-10,CGE,CGE DISTRIBUCIÓN,Pitrufquén,STxE-20-A,Aéreo,17067.9,13667.0,147.34,22.965,1028.64,1028.64,1028.64,1028.64,1028.64,12766.4,4301.5,147.34,22.965,32.893,160.556,1028.64,53.493,53.493,53.493,53.493,53.493,53.493,22.965,34409.1,23729.9,160.556,22.965,1028.64,1028.64,1028.64,1028.64,1028.64,24427.6,9981.5,160.556,22.965,99.883,108.842,0.784,1.676,2.791,3.571,3.905
2025-10,CGE,CGE DISTRIBUCIÓN,Placilla,STxE-6-A,Aéreo,16931.2,13568.6,147.34,22.965,1028.64,1028.64,1028.64,1028.64,1028.64,12711.9,4219.3,147.34,22.965,32.893,160.556,1028.64,33.176,34.379,35.582,36.785,37.988,39.191,22.965,25902.0,18136.0,160.556,22.965,1028.64,1028.64,1028.64,1028.64,1028.64,20660.4,5241.6,160.556,22.965,99.883,108.842,0.784,1.676,2.791,3.571,3.905
2025-10,CGE,CGE DISTRIBUCIÓN,Portezuelo,STxE-26-A,Aéreo,17067.9,13667.0,147.34,22.965,1028.64,1028.64,1028.64,1028.64,1028.64,12766.4,4301.5,147.34,22.965,32.893,160.556,1028.64,53.493,53.493,53.493,53.493,53.493,53.493,22.965,34409.1,23729.9,160.556,22.965,1028.64,1028.64,1028.64,1028.64,1028.64,24427.6,9981.5,160.556,22.965,99.883,108.842,0.784,1.676,2.791,3.571,3.905
2025-10,CGE,CGE DISTRIBUCIÓN,Pucón,STxE-2-A,Aéreo,16931.2,13568.6,147.34,22.965,1028.64,1028.64,1028.64,1028.64,1028.64,12711.9,4219.3,147.34,22.965,32.893,160.556,1028.64,33.176,34.379,35.582,36.785,37.988,39.191,22.965,25902.0,18136.0,160.556,22.965,1028.64,1028.64,1028.64,1028.64,1028.64,20660.4,5241.6,160.556,22.965,99.883,108.842,0.784,1.676,2.791,3.571,3.905
2025-10,CGE,CGE DISTRIBUCIÓN,Puente Alto,STxD-3-A,Aéreo,17401.4,13881.9,145.608,15.499,1028.64,1028.64,1028.64,1028.64,1028.64,12792.7,4608.6,145.608,15.499,32.305,158.67,1028.64,28.531,29.675,30.817,31.961,33.105,34.248,15.499,23699.2,16667.7,158.67,15.499,1028.64,1028.64,1028.64,1028.64,1028.64,19960.8,3738.4,158.67,15.499,98.428,107.257,0.784,1.676,2.791,3.571,3.905
2025-10,CGE,CGE DISTRIBUCIÓN,Pumanque,STxE-6-A,Aéreo,16931.2,13568.6,147.34,22.965,1028.64,1028.64,1028.64,1028.64,1028.64,12711.9,4219.3,147.34,22.965,32.893,160.556,1028.64,33.176,34.379,35.582,36.785,37.988,39.191,22.965,25902.0,18136.0,160.556,22.965,1028.64,1028.64,1028.64,1028.64,1028.64,20660.4,5241.6,160.556,22.965,99.883,108.842,0.784,1.676,2.791,3.571,3.905
2025-10,CGE,CGE DISTRIBUCIÓN,Quinta de Tilcoco,STxE-1-A,Aéreo,16931.2,13568.6,147.34,22.965,1028.64,1028.64,1028.64,1028.64,1028.64,12711.9,4219.3,147.34,22.965,32.893,160.556,1028.64,33.176,34.379,35.582,36.785,37.988,39.191,22.965,25902.0,18136.0,160.556,22.965,1028.64,1028.64,1028.64,1028.64,1028.64,20660.4,5241.6,160.556,22.965,99.883,108.842,0.784,1.676,2.791,3.571,3.905
2025-10,CGE,CGE DISTRIBUCIÓN,Quirihue,STxE-6-A,Aéreo,17067.9,13667.0,147.34,22.965,1028.64,1028.64,1028.64,1028.64,1028.64,12766.4,4301.5,147.34,22.965,32.893,160.556,1028.64,53.493,53.493,53.493,53.493,53.493,53.493,22.965,34409.1,23729.9,160.556,22.965,1028.64,1028.64,1028.64,1028.64,1028.64,24427.6,9981.5,160.556,22.965,99.883,108.842,0.784,1.676,2.791,3.571,3.905
2025-10,CGE,CGE DISTRIBUCIÓN,Rancagua,STxE-1-A,Aéreo,16931.2,13568.6,147.34,22.965,1028.64,1028.64,1028.64,1028.64,1028.64,12711.9,4219.3,147.34,22.965,32.893,160.556,1028.64,33.176,34.379,35.582,36.785,37.988,39.191,22.965,25902.0,18136.0,160.556,22.965,1028.64,1028.64,1028.64,1028.64,1028.64,20660.4,5241.6,160.556,22.965,99.883,108.842,0.784,1.676,2.791,3.571,3.905
2025-10,CGE,CGE DISTRIBUCIÓN,Rancagua,STxE-1-S1,Subt.1,21842.2,17100.5,147.34,22.965,1028.64,1028.64,1028.64,1028.64,1028.64,14669.4,7172.8,147.34,22.965,32.893,160.556,1028.64,42.613,44.159,45.703,47.249,48.794,50.338,22.965,30473.9,21142.4,160.556,22.965,1028.64,1028.64,1028.64,1028.64,1028.64,23741.3,6732.5,160.556,22.965,99.883,108.842,0.784,1.676,2.791,3.571,3.905
2025-10,CGE,CGE DISTRIBUCIÓN,Rancagua,STxE-1-S2,Subt.2,16931.2,13568.6,147.34,22.965,1028.64,1028.64,1028.64,1028.64,1028.64,12711.9,4219.3,147.34,22.965,32.893,160.556,1028.64,39.087,40.142,41.197,42.252,43.308,44.363,22.965,28765.4,20018.8,160.556,22.965,1028.64,1028.64,1028.64,1028.64,1028.64,22590.0,6175.4,160.556,22.965,99.883,108.842,0.784,1.676,2.791,3.571,3.905
2025-10,CGE,CGE DISTRIBUCIÓN,Rancagua,STxE-1-S3,Subt.3,21842.2,17100.5,147.34,22.965,1028.64,1028.64,1028.64,1028.64,1028.64,14669.4,7172.8,147.34,22.965,32.893,160.556,1028.64,48.523,48.523,48.523,48.523,48.523,48.523,22.965,33337.3,23025.2,160.556,22.965,1028.64,1028.64,1028.64,1028.64,1028.64,25670.9,7666.2,160.556,22.965,99.883,108.842,0.784,1.676,2.791,3.571,3.905
2025-10,CGE,CGE DISTRIBUCIÓN,Rauco,STxE-1-A,Aéreo,16931.2,13568.6,147.34,22.965,1028.64,1028.64,1028.64,1028.64,1028.64,12711.9,4219.3,147.34,22.965,32.893,160.556,1028.64,33.176,34.379,35.582,36.785,37.988,39.191,22.965,25902.0,18136.0,160.556,22.965,1028.64,1028.64,1028.64,1028.64,1028.64,20660.4,5241.6,160.556,22.965,99.883,108.842,0.784,1.676,2.791,3.571,3.905
2025-10,CGE,CGE DISTRIBUCIÓN,Rengo,STxE-1-A,Aéreo,16931.2,13568.6,147.34,22.965,1028.64,1028.64,1028.64,1028.64,1028.64,12711.9,4219.3,147.34,22.965,32.893,160.556,1028.64,33.176,34.379,35.582,36.785,37.988,39.191,22.965,25902.0,18136.0,160.556,22.965,1028.64,1028.64,1028.64,1028.64,1028.64,20660.4,5241.6,160.556,22.965,99.883,108.842,0.784,1.676,2.791,3.571,3.905
2025-10,CGE,CGE DISTRIBUCIÓN,Requínoa,STxE-1-A,Aéreo,16931.2,13568.6,140.232,22.965,1028.64,1028.64,1028.64,1028.64,1028.64,12711.9,4219.3,140.232,22.965,32.893,152.81,1028.64,33.176,34.379,35.582,36.785,37.988,39.191,22.965,25902.0,18136.0,152.81,22.965,1028.64,1028.64,1028.64,1028.64,1028.64,20660.4,5241.6,152.81,22.965,93.909,102.333,0.784,1.676,2.791,3.571,3.905
2025-10,CGE,CGE DISTRIBUCIÓN,Retiro,STxE-25-A,Aéreo,17067.9,13667.0,147.34,22.965,1028.64,1028.64,1028.64,1028.64,1028.64,12766.4,4301.5,147.34,22.965,32.893,160.556,1028.64,53.493,53.493,53.493,53.493,53.493,53.493,22.965,34409.1,23729.9,160.556,22.965,1028.64,1028.64,1028.64,1028.64,1028.64,24427.6,9981.5,160.556,22.965,99.883,108.842,0.784,1.676,2.791,3.571,3.905
2025-10,CGE,CGE DISTRIBUCIÓN,Romeral,STxE-1-A,Aéreo,16931.2,13568.6,147.34,22.965,1028.64,1028.64,1028.64,1028.64,1028.64,12711.9,4219.3,147.34,22.965,32.893,160.556,1028.64,33.176,34.379,35.582,36.785,37.988,39.191,22.965,25902.0,18136.0,160.556,22.965,1028.64,1028.64,1028.64,1028.64,1028.64,20660.4,5241.6,160.556,22.965,99.883,108.842,0.784,1.676,2.791,3.571,3.905
2025-10,CGE,CGE DISTRIBUCIÓN,Ránquil,STxE-6-A,Aéreo,17067.9,13667.0,135.125,22.965,1028.64,1028.64,1028.64,1028.64,1028.64,12766.4,4301.5,135.125,22.965,32.893,147.246,1028.64,53.493,53.493,53.493,53.493,53.493,53.493,22.965,34409.1,23729.9,147.246,22.965,1028.64,1028.64,1028.64,1028.64,1028.64,24427.6,9981.5,147.246,22.965,89.618,97.657,0.784,1.676,2.791,3.571,3.905
2025-10,CGE,CGE DISTRIBUCIÓN,Río Claro,STxE-14-A,Aéreo,16931.2,13568.6,147.34,22.965,1028.64,1028.64,1028.64,1028.64,1028.64,12711.9,4219.3,147.34,22.965,32.893,160.556,1028.64,33.176,34.379,35.582,36.785,37.988,39.191,22.965,25902.0,18136.0,160.556,22.965,1028.64,1028.64,1028.64,1028.64,1028.64,20660.4,5241.6,160.556,22.965,99.883,108.842,0.784,1.676,2.791,3.571,3.905
2025-10,CGE,CGE DISTRIBUCIÓN,Sagrada Familia,STxE-1-A,Aéreo,16931.2,13568.6,147.34,22.965,1028.64,1028.64,1028.64,1028.64,1028.64,12711.9,4219.3,147.34,22.965,32.893,160.556,1028.64,33.176,34.379,35.582,36.785,37.988,39.191,22.965,25902.0,18136.0,160.556,22.965,1028.64,1028.64,1028.64,1028.64,1028.64,20660.4,5241.6,160.556,22.965,99.883,108.842,0.784,1.676,2.791,3.571,3.905
2025-10,CGE,CGE DISTRIBUCIÓN,San Antonio,STxE-6-A,Aéreo,16931.2,13568.6,147.34,22.965,1028.64,1028.64,1028.64,1028.64,1028.64,12711.9,4219.3,147.34,22.965,32.893,160.556,1028.64,33.176,34.379,35.582,36.785,37.988,39.191,22.965,25902.0,18136.0,160.556,22.965,1028.64,1028.64,1028.64,1028.64,1028.64,20660.4,5241.6,160.556,22.965,99.883,108.842,0.784,1.676,2.791,3.571,3.905
2025-10,CGE,CGE DISTRIBUCIÓN,San Bernardo,STxD-3-A,Aéreo,16726.6,13396.7,145.608,15.499,1028.64,1028.64,1028.64,1028.64,1028.64,12523.8,4202.7,145.608,15.499,32.305,158.67,1028.64,33.176,34.349,35.522,36.694,37.866,39.039,15.499,25663.8,17959.6,158.67,15.499,1028.64,1028.64,1028.64,1028.64,1028.64,20442.5,5221.2,158.67,15.499,98.428,107.257,0.784,1.676,2.791,3.571,3.905
2025-10,CGE,CGE DISTRIBUCIÓN,San Carlos,STxE-19-A,Aéreo,17067.9,13667.0,147.34,22.965,1028.64,1028.64,1028.64,1028.64,1028.64,12766.4,4301.5,147.34,22.965,32.893,160.556,1028.64,53.493,53.493,53.493,53.493,53.493,53.493,22.965,34409.1,23729.9,160.556,22.965,1028.64,1028.64,1028.64,1028.64,1028.64,24427.6,9981.5,160.556,22.965,99.883,108.842,0.784,1.676,2.791,3.571,3.905
2025-10,CGE,CGE DISTRIBUCIÓN,San Clemente,STxE-25-A,Aéreo,16931.2,13568.6,135.125,22.965,1028.64,1028.64,1028.64,1028.64,1028.64,12711.9,4219.3,135.125,22.965,32.893,147.246,1028.64,33.176,34.379,35.582,36.785,37.988,39.191,22.965,25902.0,18136.0,147.246,22.965,1028.64,1028.64,1028.64,1028.64,1028.64,20660.4,5241.6,147.246,22.965,89.618,97.657,0.784,1.676,2.791,3.571,3.905
2025-10,CGE,CGE DISTRIBUCIÓN,San Fabián,STxE-26-A,Aéreo,17067.9,13667.0,147.34,22.965,1028.64,1028.64,1028.64,1028.64,1028.64,12766.4,4301.5,147.34,22.965,32.893,160.556,1028.64,53.493,53.493,53.493,53.493,53.493,53.493,22.965,34409.1,23729.9,160.556,22.965,1028.64,1028.64,1028.64,1028.64,1028.64,24427.6,9981.5,160.556,22.965,99.883,108.842,0.784,1.676,2.791,3.571,3.905
2025-10,CGE,CGE DISTRIBUCIÓN,San Fernando,STxE-1-A,Aéreo,16931.2,13568.6,140.232,22.965,1028.64,1028.64,1028.64,1028.64,1028.64,12711.9,4219.3,140.232,22.965,32.893,152.81,1028.64,33.176,34.379,35.582,36.785,37.988,39.191,22.965,25902.0,18136.0,152.81,22.965,1028.64,1028.64,1028.64,1028.64,1028.64,20660.4,5241.6,152.81,22.965,93.909,102.333,0.784,1.676,2.791,3.571,3.905
2025-10,CGE,CGE DISTRIBUCIÓN,San Javier,STxE-15-A,Aéreo,17447.8,13940.1,147.34,22.965,1028.64,1028.64,1028.64,1028.64,1028.64,12917.8,4530.0,147.34,22.965,32.893,160.556,1028.64,42.796,43.91,45.024,46.137,47.25,48.364,22.965,30538.3,21184.6,160.556,22.965,1028.64,1028.64,1028.64,1028.64,1028.64,22956.5,7581.7,160.556,22.965,99.883,108.842,0.784,1.676,2.791,3.571,3.905
2025-10,CGE,CGE DISTRIBUCIÓN,San José de Maipo,STxD-3-A,Aéreo,16726.6,13396.7,133.569,15.499,1028.64,1028.64,1028.64,1028.64,1028.64,12523.8,4202.7,133.569,15.499,32.305,145.551,1028.64,33.176,34.349,35.522,36.694,37.866,39.039,15.499,25663.8,17959.6,145.551,15.499,1028.64,1028.64,1028.64,1028.64,1028.64,20442.5,5221.2,145.551,15.499,88.311,96.233,0.784,1.676,2.791,3.571,3.905
2025-10,CGE,CGE DISTRIBUCIÓN,San Nicolás,STxE-21-A,Aéreo,17067.9,13667.0,147.34,22.965,1028.64,1028.64,1028.64,1028.64,1028.64,12766.4,4301.5,147.34,22.965,32.893,160.556,1028.64,53.493,53.493,53.493,53.493,53.493,53.493,22.965,34409.1,23729.9,160.556,22.965,1028.64,1028.64,1028.64,1028.64,1028.64,24427.6,9981.5,160.556,22.965,99.883,108.842,0.784,1.676,2.791,3.571,3.905
2025-10,CGE,CGE DISTRIBUCIÓN,San Pedro,STxE-6-A,Aéreo,16931.2,13568.6,140.232,22.965,1028.64,1028.64,1028.64,1028.64,1028.64,12711.9,4219.3,140.232,22.965,32.893,152.81,1028.64,33.176,34.379,35.582,36.785,37.988,39.191,22.965,25902.0,18136.0,152.81,22.965,1028.64,1028.64,1028.64,1028.64,1028.64,20660.4,5241.6,152.81,22.965,93.909,102.333,0.784,1.676,2.791,3.571,3.905
2025-10,CGE,CGE DISTRIBUCIÓN,San Rafael,STxE-1-A,Aéreo,16931.2,13568.6,147.34,22.965,1028.64,1028.64,1028.64,1028.64,1028.64,12711.9,4219.3,147.34,22.965,32.893,160.556,1028.64,33.176,34.379,35.582,36.785,37.988,39.191,22.965,25902.0,18136.0,160.556,22.965,1028.64,1028.64,1028.64,1028.64,1028.64,20660.4,5241.6,160.556,22.965,99.883,108.842,0.784,1.676,2.791,3.571,3.905
2025-10,CGE,CGE DISTRIBUCIÓN,San Vicente,STxE-1-A,Aéreo,16931.2,13568.6,147.34,22.965,1028.64,1028.64,1028.64,1028.64,1028.64,12711.9,4219.3,147.34,22.965,32.893,160.556,1028.64,33.176,34.379,35.582,36.785,37.988,39.191,22.965,25902.0,18136.0,160.556,22.965,1028.64,1028.64,1028.64,1028.64,1028.64,20660.4,5241.6,160.556,22.965,99.883,108.842,0.784,1.676,2.791,3.571,3.905
2025-10,CGE,CGE DISTRIBUCIÓN,Santa Cruz,STxE-6-A,Aéreo,16931.2,13568.6,147.34,22.965,1028.64,1028.64,1028.64,1028.64,1028.64,12711.9,4219.3,147.34,22.965,32.893,160.556,1028.64,33.176,34.379,35.582,36.785,37.988,39.191,22.965,25902.0,18136.0,160.556,22.965,1028.64,1028.64,1028.64,1028.64,1028.64,20660.4,5241.6,160.556,22.965,99.883,108.842,0.784,1.676,2.791,3.571,3.905
2025-10,CGE,CGE DISTRIBUCIÓN,Santo Domingo,STxE-6-A,Aéreo,16931.2,13568.6,147.34,22.965,1028.64,1028.64,1028.64,1028.64,1028.64,12711.9,4219.3,147.34,22.965,32.893,160.556,1028.64,33.176,34.379,35.582,36.785,37.988,39.191,22.965,25902.0,18136.0,160.556,22.965,1028.64,1028.64,1028.64,1028.64,1028.64,20660.4,5241.6,160.556,22.965,99.883,108.842,0.784,1.676,2.791,3.571,3.905
2025-10,CGE,CGE DISTRIBUCIÓN,Talagante,STxD-6-A,Aéreo,16726.6,13396.7,145.608,15.499,1028.64,1028.64,1028.64,1028.64,1028.64,12523.8,4202.7,145.608,15.499,32.305,158.67,1028.64,33.176,34.349,35.522,36.694,37.866,39.039,15.499,25663.8,17959.6,158.67,15.499,1028.64,1028.64,1028.64,1028.64,1028.64,20442.5,5221.2,158.67,15.499,98.428,107.257,0.784,1.676,2.791,3.571,3.905
2025-10,CGE,CGE DISTRIBUCIÓN,Talagante,STxE-6-A,Aéreo,16931.2,13568.6,147.34,22.965,1028.64,1028.64,1028.64,1028.64,1028.64,12711.9,4219.3,147.34,22.965,32.893,160.556,1028.64,33.176,34.379,35.582,36.785,37.988,39.191,22.965,25902.0,18136.0,160.556,22.965,1028.64,1028.64,1028.64,1028.64,1028.64,20660.4,5241.6,160.556,22.965,99.883,108.842,0.784,1.676,2.791,3.571,3.905
2025-10,CGE,CGE DISTRIBUCIÓN,Talca,STxE-7-A,Aéreo,16931.2,13568.6,147.34,22.965,1028.64,1028.64,1028.64,1028.64,1028.64,12711.9,4219.3,147.34,22.965,32.893,160.556,1028.64,33.176,34.379,35.582,36.785,37.988,39.191,22.965,25902.0,18136.0,160.556,22.965,1028.64,1028.64,1028.64,1028.64,1028.64,20660.4,5241.6,160.556,22.965,99.883,108.842,0.784,1.676,2.791,3.571,3.905
2025-10,CGE,CGE DISTRIBUCIÓN,Talca,STxE-7-S1,Subt.1,21842.2,17100.5,147.34,22.965,1028.64,1028.64,1028.64,1028.64,1028.64,14669.4,7172.8,147.34,22.965,32.893,160.556,1028.64,42.613,44.159,45.703,47.249,48.794,50.338,22.965,30473.9,21142.4,160.556,22.965,1028.64,1028.64,1028.64,1028.64,1028.64,23741.3,6732.5,160.556,22.965,99.883,108.842,0.784,1.676,2.791,3.571,3.905
2025-10,CGE,CGE DISTRIBUCIÓN,Talca,STxE-7-S2,Subt.2,16931.2,13568.6,147.34,22.965,1028.64,1028.64,1028.64,1028.64,1028.64,12711.9,4219.3,147.34,22.965,32.893,160.556,1028.64,39.087,40.142,41.197,42.252,43.308,44.363,22.965,28765.4,20018.8,160.556,22.965,1028.64,1028.64,1028.64,1028.64,1028.64,22590.0,6175.4,160.556,22.965,99.883,108.842,0.784,1.676,2.791,3.571,3.905
2025-10,CGE,CGE DISTRIBUCIÓN,Talcahuano,STxE-2-A,Aéreo,16931.2,13568.6,147.34,22.965,1028.64,1028.64,1028.64,1028.64,1028.64,12711.9,4219.3,147.34,22.965,32.893,160.556,1028.64,33.176,34.379,35.582,36.785,37.988,39.191,22.965,25902.0,18136.0,160.556,22.965,1028.64,1028.64,1028.64,1028.64,1028.64,20660.4,5241.6,160.556,22.965,99.883,108.842,0.784,1.676,2.791,3.571,3.905
2025-10,CGE,CGE DISTRIBUCIÓN,Temuco,STxE-9-A,Aéreo,17067.9,13667.0,147.34,22.965,1028.64,1028.64,1028.64,1028.64,1028.64,12766.4,4301.5,147.34,22.965,32.893,160.556,1028.64,53.493,53.493,53.493,53.493,53.493,53.493,22.965,34409.1,23729.9,160.556,22.965,1028.64,1028.64,1028.64,1028.64,1028.64,24427.6,9981.5,160.556,22.965,99.883,108.842,0.784,1.676,2.791,3.571,3.905
2025-10,CGE,CGE DISTRIBUCIÓN,Temuco,STxE-9-S2,Subt.2,17067.9,13667.0,147.34,22.965,1028.64,1028.64,1028.64,1028.64,1028.64,12766.4,4301.5,147.34,22.965,32.893,160.556,1028.64,63.022,63.022,63.022,63.022,63.022,63.022,22.965,38787.7,26609.4,160.556,22.965,1028.64,1028.64,1028.64,1028.64,1028.64,27028.2,11759.5,160.556,22.965,99.883,108.842,0.784,1.676,2.791,3.571,3.905
2025-10,CGE,CGE DISTRIBUCIÓN,Teno,STxE-1-A,Aéreo,16931.2,13568.6,140.232,22.965,1028.64,1028.64,1028.64,1028.64,1028.64,12711.9,4219.3,140.232,22.965,32.893,152.81,1028.64,33.176,34.379,35.582,36.785,37.988,39.191,22.965,25902.0,18136.0,152.81,22.965,1028.64,1028.64,1028.64,1028.64,1028.64,20660.4,5241.6,152.81,22.965,93.909,102.333,0.784,1.676,2.791,3.571,3.905
2025-10,CGE,CGE DISTRIBUCIÓN,Tomé,STxE-2-A,Aéreo,17067.9,13667.0,147.34,22.965,1028.64,1028.64,1028.64,1028.64,1028.64,12766.4,4301.5,147.34,22.965,32.893,160.556,1028.64,53.493,53.493,53.493,53.493,53.493,53.493,22.965,34409.1,23729.9,160.556,22.965,1028.64,1028.64,1028.64,1028.64,1028.64,24427.6,9981.5,160.556,22.965,99.883,108.842,0.784,1.676,2.791,3.571,3.905
2025-10,CGE,CGE DISTRIBUCIÓN,Treguaco,STxE-26-A,Aéreo,17067.9,13667.0,147.34,22.965,1028.64,1028.64,1028.64,1028.64,1028.64,12766.4,4301.5,147.34,22.965,32.893,160.556,1028.64,53.493,53.493,53.493,53.493,53.493,53.493,22.965,34409.1,23729.9,160.556,22.965,1028.64,1028.64,1028.64,1028.64,1028.64,24427.6,9981.5,160.556,22.965,99.883,108.842,0.784,1.676,2.791,3.571,3.905
2025-10,CGE,CGE DISTRIBUCIÓN,Vichuquén,STxE-6-A,Aéreo,16931.2,13568.6,147.34,22.965,1028.64,1028.64,1028.64,1028.64,1028.64,12711.9,4219.3,147.34,22.965,32.893,160.556,1028.64,33.176,34.379,35.582,36.785,37.988,39.191,22.965,25902.0,18136.0,160.556,22.965,1028.64,1028.64,1028.64,1028.64,1028.64,20660.4,5241.6,160.556,22.965,99.883,108.842,0.784,1.676,2.791,3.571,3.905
2025-10,CGE,CGE DISTRIBUCIÓN,Vilcún,STxE-5-A,Aéreo,17067.9,13667.0,147.34,22.965,1028.64,1028.64,1028.64,1028.64,1028.64,12766.4,4301.5,147.34,22.965,32.893,160.556,1028.64,53.493,53.493,53.493,53.493,53.493,53.493,22.965,34409.1,23729.9,160.556,22.965,1028.64,1028.64,1028.64,1028.64,1028.64,24427.6,9981.5,160.556,22.965,99.883,108.842,0.784,1.676,2.791,3.571,3.905
2025-10,CGE,CGE DISTRIBUCIÓN,Villa Alegre,STxE-17-A,Aéreo,17447.8,13940.1,147.34,22.965,1028.64,1028.64,1028.64,1028.64,1028.64,12917.8,4530.0,147.34,22.965,32.893,160.556,1028.64,42.796,43.91,45.024,46.137,47.25,48.364,22.965,30538.3,21184.6,160.556,22.965,1028.64,1028.64,1028.64,1028.64,1028.64,22956.5,7581.7,160.556,22.965,99.883,108.842,0.784,1.676,2.791,3.571,3.905
2025-10,CGE,CGE DISTRIBUCIÓN,Villarrica,STxE-18-A,Aéreo,17067.9,13667.0,147.34,22.965,1028.64,1028.64,1028.64,1028.64,1028.64,12766.4,4301.5,147.34,22.965,32.893,160.556,1028.64,53.493,53.493,53.493,53.493,53.493,53.493,22.965,34409.1,23729.9,160.556,22.965,1028.64,1028.64,1028.64,1028.64,1028.64,24427.6,9981.5,160.556,22.965,99.883,108.842,0.784,1.676,2.791,3.571,3.905
2025-10,CGE,CGE DISTRIBUCIÓN,Yerbas Buenas,STxE-1-A,Aéreo,17447.8,13940.1,140.232,22.965,1028.64,1028.64,1028.64,1028.64,1028.64,12917.8,4530.0,140.232,22.965,32.893,152.81,1028.64,42.796,43.91,45.024,46.137,47.25,48.364,22.965,30538.3,21184.6,152.81,22.965,1028.64,1028.64,1028.64,1028.64,1028.64,22956.5,7581.7,152.81,22.965,93.909,102.333,0.784,1.676,2.791,3.571,3.905
2025-10,CGE,CGE DISTRIBUCIÓN,Ñiquén,STxE-24-A,Aéreo,17067.9,13667.0,147.34,22.965,1028.64,1028.64,1028.64,1028.64,1028.64,12766.4,4301.5,147.34,22.965,32.893,160.556,1028.64,53.493,53.493,53.493,53.493,53.493,53.493,22.965,34409.1,23729.9,160.556,22.965,1028.64,1028.64,1028.64,1028.64,1028.64,24427.6,9981.5,160.556,22.965,99.883,108.842,0.784,1.676,2.791,3.571,3.905
